id_cours;id_module;titre;ordre;duree_minutes;type_cours;statut
00133c7f-486f-4705-9782-f3fd62dd9dde;8c151594-ac8b-4d34-a2af-1b6ac6fbf041;Général choix animal.;15;158;PDF;BROUILLON
0037456d-d5e6-4c1d-9ced-47c95585fc81;c1f6a168-ca16-404d-bed7-dd3bd729ee05;Naturellement soudain chaleur le mode barbe.;18;81;PDF;ARCHIVE
005f853b-fbf2-4b98-a51c-e04307edd95e;98eeaa67-f0de-449a-821c-21208b907259;Apparence nation perte.;8;169;Projet;PUBLIE
007e74ad-b580-4cc1-8677-f569064fbb5e;5b057f7a-58cb-4a9a-af7e-b826cbc1fdcc;Mien emporter vide signe sou reposer.;17;169;PDF;PUBLIE
00a87419-7c99-484c-8b9d-621faa87c09a;163c74f2-869d-42e6-842a-fd3b9f8e4652;Pain jaune profond rencontrer demi heureux.;3;100;PDF;BROUILLON
00e17d9c-873d-467d-bd4c-e82331d9ee62;9cc95d32-9fcf-4cd5-b4a5-badb0e5e1641;Découvrir surveiller ligne dernier enfance.;3;173;TP;PUBLIE
00f9305f-0cbf-4d82-a328-c4f543dc1ea5;37c63eaf-495f-41f9-b974-0ce816f0429e;Ministre face cheveu digne attaquer.;7;105;PDF;PUBLIE
010a4b27-3180-40ba-903e-8b1e31b55e5f;ce4a3931-79ff-45e5-93a4-104606914b76;Titre cent revoir bien disposer politique.;13;79;Vidéo;PUBLIE
012a0f3a-4967-4326-9c75-c7e229fdf0fd;55fb6fd4-d323-40f4-8fbc-5cbef2740f47;Où bout tenir carte.;17;151;Vidéo;PUBLIE
01629d65-7490-405d-9fff-85fdd71737f6;a64f21b0-5396-4a95-9a6e-dfc0687699e9;Nommer sec de religion or instinct.;11;120;Projet;PUBLIE
019cf366-ab48-4f8f-aa47-2f5381b4fd70;defce9a4-b618-410a-a8e7-49b1a51e3b11;Condition reste beauté.;9;88;PDF;PUBLIE
01d27047-f636-4bb1-a237-4f3e06df0bf9;37c63eaf-495f-41f9-b974-0ce816f0429e;Doute tête presque.;16;63;Projet;PUBLIE
025d54d1-e28b-429c-bd22-f98bbc3b294c;d2c2539f-f599-465e-ad2e-b5731ce694a3;Demande classe dent.;18;26;TP;PUBLIE
026a9985-ff8c-43e7-880a-127884271612;75344bf8-6125-41f3-a3b1-325feb25a542;Larme fer chanter attacher danger.;8;141;Vidéo;PUBLIE
0275d48a-7cfe-41f5-bd30-1a676ee90366;f6a3fb31-497e-4546-a534-da28c6e2b06f;Expérience autre trait mêler dimanche fond.;8;135;Vidéo;BROUILLON
027b6846-1786-4b5e-8ecb-8a985a736240;efbd0add-9a68-4814-a89d-fcc3cdee8ef1;Entrée jeter ami.;1;8;TP;ARCHIVE
02ebd002-b584-4d22-b4b9-08d45f09645e;b705f265-d06c-46e5-8211-fcf911a853f8;Monter acheter autre content fonder tel.;2;116;Vidéo;BROUILLON
030a4770-e41c-48dd-8cfe-148d832629bc;d27bebf9-a89f-4a82-9b83-56a0a05809cf;Mine lourd air élément.;16;141;Projet;BROUILLON
03359a13-11c2-4174-8608-f40f1518bc89;b705f265-d06c-46e5-8211-fcf911a853f8;Enfermer vague fuir fermer beau éclairer.;15;24;Vidéo;BROUILLON
0335daf0-377c-48b5-ae55-f7717c9954bb;685e7caa-ffbe-4505-82bd-0985af0c3c6f;Ailleurs phrase où réclamer air.;15;103;Vidéo;ARCHIVE
038fe013-7c2f-4708-9b50-8b39cee2d17a;0bffded6-abe2-4390-8b66-7b142edd788d;Difficile danger sentir quart lentement savoir.;6;12;TP;BROUILLON
03b3dd71-b605-42fc-b0db-43dceb73a410;5b057f7a-58cb-4a9a-af7e-b826cbc1fdcc;Mille gauche île remercier envie vivant.;11;28;TP;BROUILLON
044af995-768e-468c-b373-d3e0795d5c2d;f1152cf3-1311-467c-9a48-22db34964864;Vivant décrire seul pourquoi étaler.;20;73;Vidéo;PUBLIE
045def2a-1d10-48c1-82d0-d992c3380544;d65f11f8-07be-409a-9880-da2725deb94a;Point veiller venir.;9;88;Projet;ARCHIVE
047804c3-b7ca-4730-8e79-67432c152ea7;60ffbe9f-5e82-42d0-bdff-531780eb9302;Gloire connaître grain doigt rapidement.;18;48;PDF;BROUILLON
048ef989-53b5-4936-8b5b-ae2c67a7c5d8;1df2375c-33f1-417e-bd0e-be54c4e86392;Accompagner présenter étendue renoncer.;1;113;PDF;PUBLIE
04c13db5-155d-4d30-9121-60dddcafbc1d;f79b0b62-1bff-4324-af55-6f530112ca54;Expliquer voyage lentement bureau rayon.;8;158;PDF;PUBLIE
051fcd26-d9e8-4e12-9c06-015360d2aa6e;38dff5fd-5540-4a9e-bec9-57454305c76b;Heureux triste lune science avec.;17;156;Projet;ARCHIVE
052474e7-08a4-4a1d-8938-c67f5ccebffc;dcd0903f-606c-423b-bcb1-ffdaca5e38a4;Colère part gauche disparaître palais succès.;16;77;Projet;BROUILLON
05275e78-9b65-493b-80ad-7a18555b15fa;22e2425d-0fe9-496b-be24-5dbce616e137;Second vendre signer achever.;10;104;Vidéo;PUBLIE
0569bfa9-4689-439e-bf56-22b47b0cdb18;b4a680fb-456b-40d7-82b0-5b8b710911ea;Penser devoir chef plaisir ventre.;17;152;Projet;PUBLIE
056cc6f1-0ad4-4011-80e0-2dd1700ced2b;8c151594-ac8b-4d34-a2af-1b6ac6fbf041;Été part vent.;20;68;PDF;ARCHIVE
057584ed-7c9d-4aa1-80d7-72e28471854f;7f75d723-d18d-4599-b3bb-d6bdc41b9914;Non quartier distance.;20;148;TP;ARCHIVE
05e49a43-8cdb-44f9-b66e-ee246dcb5268;389bcfe3-c88b-4ed3-89d6-ab7827855c1e;Milieu éteindre aile.;15;20;Projet;ARCHIVE
06162620-db3f-4df2-b1b6-ce24f6e684fd;d32cc6c8-80a5-4dc3-83ac-75d4543f1095;Gros inutile ça.;16;58;Projet;ARCHIVE
064fdd6d-4da1-4f91-ab5c-9a92e84a2488;e4558d99-e2f6-4a61-8085-f14344fc69e8;Sûr exécuter joindre tout douceur.;15;78;TP;ARCHIVE
068d1b21-3464-45e5-b61d-6c061cd9a4ae;58f56f81-5f9c-4950-8672-d5f893871d09;Étoile entrée presser point coucher vraiment.;7;147;Projet;PUBLIE
0691cc1a-db8c-4211-86b8-0ac84dcb7a24;eece212e-f334-4e41-b6e3-965fc326f560;Pousser objet gagner apprendre instant.;13;127;Projet;ARCHIVE
069377c3-29cc-46cb-8294-92d5ace79253;d2e0201d-87cf-494c-8c42-6fec661cfe61;Retrouver lune humide rapporter craindre.;6;24;PDF;ARCHIVE
069fd72a-5b01-44ce-8f44-63bc88e8a375;1efb00e9-3d9f-49b9-9102-67eab3377383;Trouver forêt foule autour monde.;10;22;Projet;PUBLIE
06c16063-99fc-490f-ba66-229676925965;12db617e-1854-4962-b440-e24e7a536e12;Respirer loin mentir conseil.;15;24;Projet;BROUILLON
06f47c1b-239e-4464-a989-f7ecc5b12b35;357d39ca-2c5f-43d7-9e45-55486b7e125a;Surprendre chaleur capable agir coûter.;15;158;Vidéo;BROUILLON
07060300-3330-4c19-ae30-e2a24ec652a9;afe3b986-3bb5-4fe6-ba8a-8d25d9db8eb4;Bureau sembler indiquer environ.;3;9;Projet;ARCHIVE
07375629-b170-49e3-8f05-5f0bdd3d2156;31a6fadd-ab99-4f8a-9518-d51a7a67bb15;Obéir rappeler cesser construire camarade.;19;162;Vidéo;BROUILLON
076395f0-d6b0-4b65-84df-cca0558e702c;2dde8fe5-8c76-49f7-ab4f-3d26da8acb95;Pour curiosité conversation affaire.;9;94;Projet;BROUILLON
07bf455d-279d-424b-b718-c0eec4cc1941;b03a6379-6e04-41e3-af6a-3fdb79a74b26;Chant façon espoir interrompre arrivée vouloir.;15;126;Vidéo;PUBLIE
07eb9b04-eaa9-4ea8-9dec-22796b72d8ea;06082973-61bb-4985-b895-0915cd9297f9;Question grand peu traîner garder décrire.;6;125;TP;ARCHIVE
07f39f39-77dc-4622-9e59-6680f9853e8f;bf0b5fe4-d1c1-4652-8444-466634155b51;Avance cesse inutile devoir comment.;7;20;TP;BROUILLON
07ffb941-0cea-4f67-be37-4347ade6ecae;685e7caa-ffbe-4505-82bd-0985af0c3c6f;Poussière signifier auquel spectacle avant.;14;92;Projet;PUBLIE
0805c3b2-2f52-439b-a05e-12a964e11967;806b9e49-6019-4709-ab0e-ba68558e42fd;Paquet rocher enfin.;1;176;Projet;BROUILLON
0815151f-d345-4b1c-8f17-83936916ea28;72c5c0e6-ac1e-45e6-8817-ebcb01ed6e72;Sou proposer haïr passé.;14;60;Vidéo;BROUILLON
081a029a-e492-4e69-872d-d05f90085f93;458f884e-99a9-4f1c-97c7-35b7bce708b7;Courant prétendre ne son lisser.;6;86;Vidéo;PUBLIE
0833fd2e-3e8e-4251-b22d-a9593081df86;150baf1a-ae7d-42da-9d94-465b0a08c9d8;Satisfaire demande pour partager.;3;150;TP;BROUILLON
08512d50-6a0c-47d3-b51d-23ef76b48a06;fa66f362-b15d-4d2a-ad52-494e7a89caab;Chant plaire type étranger manger tout.;6;124;PDF;BROUILLON
087ed8b9-d270-4e19-951c-269a29f30533;180b8b08-124f-48ab-a99a-f30ea7dc2f52;Frais faim masse décrire branche.;9;136;PDF;PUBLIE
08895b6f-6d05-4ff4-9090-1096313d17df;a4c90a2a-c8ae-46ee-a525-7843252e69b0;Produire rentrer rouler comment tromper paquet.;17;107;Projet;ARCHIVE
088d4cbc-b051-49a1-aba1-738fbed14b3c;de69484a-abd8-4a54-94f5-ec853096f117;Éviter prononcer contenter presque aile.;2;78;Vidéo;BROUILLON
08b4ff8e-31e3-430e-8ec1-2b8c6449c0b7;ce4a3931-79ff-45e5-93a4-104606914b76;Face au appartenir tout servir chemin.;4;36;TP;PUBLIE
0905d920-e77c-4f98-8f2d-12462c3b9ece;101af8bd-720b-4f53-9645-f9a0f93cbc15;Bête signe mariage hors plein ruine.;16;27;TP;BROUILLON
092a687c-7403-4324-9c18-842abba34245;101af8bd-720b-4f53-9645-f9a0f93cbc15;Moment cerveau même commander pour.;12;6;Vidéo;ARCHIVE
0932937b-411a-4c2c-8e88-a3d1d4c9ee1b;9c27b74a-db00-4000-abeb-1c9d6122d5f6;Geste colon fumer travailler.;6;76;TP;BROUILLON
09720208-b446-4469-b62b-3c5b9b35ebf1;2cdd11c7-2a61-43f1-91bd-190e8a6490f3;Lier terre sommeil terrain fille image.;8;152;Vidéo;ARCHIVE
0975020f-3e9f-42f0-9813-d62e29e5a45c;bc221d10-727e-48b7-8a11-3d2523e692b0;Enfance sentir oreille.;1;58;TP;ARCHIVE
0995269e-3620-4a1d-a917-15254735aa52;d2e0201d-87cf-494c-8c42-6fec661cfe61;Saint rejoindre moins justice.;11;95;TP;BROUILLON
0996e781-c38f-473b-8bd1-1fb2340c1923;08ca57b0-eaae-43cd-9e46-019a45c3986f;Avis soudain billet justice horizon.;5;62;TP;PUBLIE
09a8660c-c960-475e-a045-e9224a232df9;714fb6c9-c3a5-42af-b6ae-7634bb712cb4;Article bois nombreux douceur cour.;8;123;PDF;PUBLIE
09cf5992-420f-4023-9688-eb62973bc323;067c73eb-23cb-4cc8-961b-34a18b05102c;Huit empêcher offrir servir écarter jusque.;14;80;TP;PUBLIE
0a35269b-b9e6-4fa2-ad3f-d7d80861612c;9c27b74a-db00-4000-abeb-1c9d6122d5f6;Rencontrer exposer fuir chemin user.;2;153;PDF;ARCHIVE
0a505a7b-7dc1-4ef2-bec9-66a550ab1ffd;ae5525a5-af7d-48ea-b446-0ea93b366874;Couper effet prier diriger haut étendre.;17;24;Projet;PUBLIE
0a7af64a-9e5a-4c65-abb1-4443314bb8bc;ae37e497-3eaf-44b3-997d-dcc62e08e85c;Droite garde servir.;1;102;Projet;BROUILLON
0a94edba-c8ec-44c8-acbc-d76f80ac98c6;8fe725e4-a845-4a05-96ca-50a9c55b6629;Fauteuil passé droit.;7;178;PDF;BROUILLON
0af29c84-3eaf-4ccc-9b75-6a1862cd347d;7d05d623-27a7-4133-8ea1-0e275e1b43de;Face éteindre le.;7;109;Vidéo;PUBLIE
0af858fe-0fba-4b69-9ee4-234621f3d885;21bde9ef-0042-4f00-8665-59106fa5be0a;Réponse fruit rue rompre.;2;98;Projet;ARCHIVE
0afb489e-102e-4a47-9b96-1bb27a274ddd;4494325a-0c00-4efe-a527-f6fc45a7607b;Sourire croire apercevoir président espèce.;6;104;Vidéo;ARCHIVE
0b08a025-a26c-473a-acf7-14e8a3f6adb9;404c4ad0-2fbb-4d8a-bf47-06399acef40d;Environ tard risquer crise.;3;159;PDF;ARCHIVE
0b0b2e09-c85d-48d8-80f0-10fc89501069;1ca56b42-9df2-476a-b843-41fdc1c40320;État suite combat chant.;4;122;Vidéo;BROUILLON
0b0d3678-1c43-4bcc-89b3-6e4ae880383e;d2c9aaed-c8f5-4387-a725-1e39a64a4bcd;Marcher vrai journal haute.;5;170;TP;ARCHIVE
0b1363d6-ca04-4cb2-afd6-8dd86131d0d1;a9949e65-3186-4210-9f85-ed9714e6d0dc;Commun tout chat.;17;19;PDF;BROUILLON
0b14d9b3-5790-4769-9370-f0c20f0f7247;762b07a2-d369-468b-9779-707318b11b28;Dresser comme perte.;8;140;TP;ARCHIVE
0b25bd38-5b1c-435f-89ba-ab80761e6905;e3aed655-3306-4553-82f5-d3b416316f44;Voisin avec fin commencement cent.;18;134;TP;ARCHIVE
0b3ca321-ad70-4996-98ed-0cf03de45837;a9949e65-3186-4210-9f85-ed9714e6d0dc;Détruire habiller volonté joue pont.;15;149;PDF;ARCHIVE
0b567a7b-7ca1-403d-8831-107f01b5faa1;1efb00e9-3d9f-49b9-9102-67eab3377383;Permettre tout battre peine.;7;179;TP;ARCHIVE
0bebf681-3fa5-4776-89e3-d5b50941a1c9;7ae8b642-7cb1-4a88-93ab-70c34fa1faf7;Voie gloire porter.;15;33;Projet;PUBLIE
0c27bb14-f6e2-4086-9908-1bb37d7d99cd;08ca57b0-eaae-43cd-9e46-019a45c3986f;Espace entrée minute arrière tout voiture.;2;155;PDF;PUBLIE
0c4bfb01-9023-4824-a49c-7315adca5490;f4209fb9-c351-4849-9372-adc75ec09906;Adresser question place.;14;109;PDF;BROUILLON
0c5272f3-e303-4846-8065-53bdf736aeab;cea01d94-348e-40da-930a-3a823517d505;Exprimer recueillir poursuivre devoir parfois agir;4;124;Vidéo;PUBLIE
0ca044b6-b983-44f0-b8ac-eecb4b8dde2d;fff3cfa1-5d72-4ef9-870b-97214f64f89b;Chanter poussière énorme voler lever préférer.;10;147;TP;ARCHIVE
0d29e070-23ca-4ae5-b36f-c3834b671b08;a977d5a8-191c-4f7a-ad5a-3177272ef9a8;Or émotion plaindre cinq demi assister.;16;108;Vidéo;PUBLIE
0d417bb5-516c-4031-83d2-a36716c2f4e2;8663ebe4-575f-4c2f-9e33-42bc20efe8c8;Police vent valoir solitude.;12;78;TP;ARCHIVE
0d41cbdb-99c5-4a6d-a5a8-36ea217fdebb;e7ac1614-476d-4206-a471-a08b3e5f3c7d;Avec lune sûr.;16;135;Vidéo;PUBLIE
0d5e37f7-c287-4584-bd2c-cb8b3b89fb62;10a43e80-a31c-4ae5-8827-ab51da214918;Craindre dix bas tromper ouvert.;13;113;Vidéo;PUBLIE
0d84f608-1d84-4480-852c-8b0dbaca77d2;d3252caf-467c-4ac0-8433-30b3dcb1fc1d;Terre encore oeuvre travailler.;15;6;Vidéo;BROUILLON
0d96ff37-727a-411b-a305-b33d8937d91e;b3846d3b-0ff9-4a7e-a866-72baa8e1bef7;Monde taire loin lever.;11;48;PDF;ARCHIVE
0dcd2aed-1156-4070-beb0-36982438f775;48e32488-4439-4818-a6da-7ddf0f48a813;Demande classe dent.;8;171;Vidéo;ARCHIVE
0de333fd-9020-4a05-8ca9-67535f57baaa;55e168ca-c599-4592-bb54-06d2cd537e51;Doucement feuille tantôt ignorer désir.;14;155;Projet;ARCHIVE
0df4788e-c3e7-4947-ac46-0ca63d1bf8f8;9681ab9b-2350-456f-996c-511c431afafd;Intention eau offrir réalité examiner.;1;142;Projet;ARCHIVE
0e0f18a5-6533-45f2-92e6-240b91baac08;da93d200-cb70-4cf7-9bb2-5775d81aa48b;Figurer me écrire taire.;19;120;PDF;PUBLIE
0e116174-622d-44a6-ac4a-4de7828aec0f;d2c2539f-f599-465e-ad2e-b5731ce694a3;Dernier cependant goût.;13;177;Vidéo;BROUILLON
0e36176b-74e6-407a-8d5a-7fb5b4d888b3;e839c40f-97ca-4a98-b2cf-2c87e176b5e7;Beau accrocher mois.;14;24;TP;ARCHIVE
0e4b3db0-4082-4351-bebe-6a029138bb64;5777b1bb-e53a-4351-9429-9cc6c26b8744;Rejeter nous vide palais peu prison.;18;60;PDF;PUBLIE
0e9d4058-1568-4454-b0e8-29eeb24488c6;f94b48a5-8a7b-432d-b34c-a4f8316d8edc;Mari partie chemise cruel monde.;4;65;PDF;BROUILLON
0ede8f4d-bd3d-48f3-a919-fe552e2bfa15;afe3b986-3bb5-4fe6-ba8a-8d25d9db8eb4;Souvenir suite confiance blanc.;18;90;PDF;ARCHIVE
0ee2960a-ac71-4eaf-930e-8699b03e99ae;bcfe57b0-feda-4e00-bbf9-42819ab82844;Répandre moment ferme rompre oeil.;15;139;Projet;ARCHIVE
0f003329-0804-490f-ae4f-c5d1a480b985;c58aab66-a6d5-4362-a8be-be76e285e848;Adresser ensuite voyager parmi instinct classe.;11;89;Vidéo;PUBLIE
0f1bf910-93a1-49fe-8bd9-87def386b12e;3cfcdaca-c30a-42f8-8f42-aca4b16f48fc;Important nécessaire neuf silencieux.;19;5;Vidéo;PUBLIE
0f224570-a61e-46a2-af3d-afb8c0fbc873;955debdd-641f-4503-b730-28f1d5038916;Forme type choix.;6;103;PDF;ARCHIVE
0f33cec9-2def-4aee-9fc3-a0590eb0f8bf;685e7caa-ffbe-4505-82bd-0985af0c3c6f;Traîner printemps quartier silencieux rire poitrin;13;63;Projet;ARCHIVE
0f39985c-3dc5-41ed-bcfe-f8d9c532d33f;25c792f0-e404-4379-8fdf-9a6ebea71c33;Mur donc plutôt glisser afin de prendre.;11;26;Vidéo;BROUILLON
0f9c4754-2e0e-4f0f-9526-fb03b8879f33;b8a048df-b056-476a-87f3-d4bdbf47ed93;Seconde depuis larme partir réalité avance.;18;41;TP;PUBLIE
0fbf6f99-8166-47e6-8d60-4e505c0dbfc2;f7583d3b-f778-4995-a9a8-99057fbaf739;Demain rouler gloire.;19;95;Projet;BROUILLON
1011c592-664c-4c06-88e2-7e35a48944f3;9cc95d32-9fcf-4cd5-b4a5-badb0e5e1641;Note voici sec.;5;101;Projet;ARCHIVE
101646dc-53ef-4a6a-a798-2c71c6234081;f79b0b62-1bff-4324-af55-6f530112ca54;Désormais écrire sentier.;6;151;TP;BROUILLON
1047a697-d152-45b6-8a4f-87183144b287;2dde8fe5-8c76-49f7-ab4f-3d26da8acb95;Monde partout où principe ne foule droit.;11;28;PDF;BROUILLON
1082f915-6c5e-413a-838c-353e2afb93dc;bc1dcd1b-2892-4353-80ee-f310f6fd137c;Troisième haut recueillir glisser on.;13;128;Projet;PUBLIE
10af762d-b34f-4b6f-bba6-545e640f153a;7ae8b642-7cb1-4a88-93ab-70c34fa1faf7;Vingt verre poids certain amuser.;6;73;Projet;BROUILLON
10b536e9-15ca-4cbe-a76a-28848901c1f1;13e0ae56-34a0-4602-a3f9-f2be159e246f;Endroit volonté tuer nez rêve train.;20;84;Projet;BROUILLON
10d4884f-4f26-439f-8829-c855d6dadfe5;ce4a3931-79ff-45e5-93a4-104606914b76;Monsieur besoin chose manquer afin de amener.;19;27;PDF;BROUILLON
11548310-d429-43c6-b831-5b9de54fc4c1;08e9f8fb-431e-4075-b7cc-a05be016687f;Fidèle poésie distance.;16;143;Vidéo;PUBLIE
115807a2-e3c3-49eb-8581-8699cd6b843d;6172b3fe-cd24-4fea-bb95-855da314e12f;Cercle répandre autre grave.;4;105;Projet;ARCHIVE
115e416c-6569-4d01-ac87-ef10665e8801;239dd0f4-ac09-4eda-b170-4d8bf216eea3;Million recueillir grand premier.;6;7;Projet;ARCHIVE
119c143d-49aa-4586-b774-fd1e330f6c53;101af8bd-720b-4f53-9645-f9a0f93cbc15;Triste comme idée rouge revoir.;12;155;PDF;BROUILLON
11a0394a-919a-46be-acf3-d4c553dc8856;8a878e50-e310-4b74-a6e0-5426be25fa8e;Pour moins malade confiance soutenir appel.;15;156;TP;ARCHIVE
11aa57c7-c1b1-4060-9be2-4ef0da6489bc;fa2d1015-8013-4301-91c4-e6f889a27e78;Plus fumer auquel soit ce.;19;66;Projet;BROUILLON
11afd316-84cd-4db9-bae5-53518d0e5609;9cc95d32-9fcf-4cd5-b4a5-badb0e5e1641;Qui cuisine marquer mort ennemi jour.;12;131;PDF;ARCHIVE
11ce819f-e5ef-4230-95d8-b70985dfaf45;7b0bdde2-0be4-4eaa-b483-fc5b7f7fb688;Billet courage immobile.;9;54;Vidéo;PUBLIE
11cf5411-2a9b-469b-b16c-070c96f4e024;8a31fe60-24d2-4584-9e8a-637f802f36be;Tache nouveau occasion sans groupe tête.;2;178;TP;ARCHIVE
11d1845a-6e1d-4053-8da3-1904825a0780;accc4ee2-96dc-439c-a519-42a224f3235c;Pas tenir soit retour tranquille mériter.;14;132;TP;BROUILLON
11ec2790-e0f0-4790-b1a2-706018fa7295;f2a922b8-6c53-4f95-add0-7a86567d5966;Lèvre impossible français corps.;5;162;Projet;BROUILLON
11f370da-b2d5-44fe-aeeb-d9c12037866b;c6614fc9-16c5-4e69-a0c0-0ffdcb15a9cd;Votre faveur examiner.;2;153;Vidéo;BROUILLON
1224701f-91a9-4b6c-a5c0-814d02bbbbbf;2dde8fe5-8c76-49f7-ab4f-3d26da8acb95;Étonner père manger.;16;171;PDF;ARCHIVE
1276f082-67e1-45ba-a8d4-6142473b5403;a8d27fdf-3967-4ba6-aa1b-d4d18b9225e9;Supporter suffire fin soin naissance réel.;7;43;PDF;ARCHIVE
127c8b66-7e4c-49ee-b126-855d2257d9ea;d2e0201d-87cf-494c-8c42-6fec661cfe61;Armer autrement abandonner de.;8;66;TP;PUBLIE
129578bc-4f83-437c-937d-7177ebb5a003;a977d5a8-191c-4f7a-ad5a-3177272ef9a8;Vrai été nuit.;6;33;Projet;BROUILLON
12a0094b-f4b3-41a9-9ed1-b089488d88df;c6f94762-05c9-4508-ba3d-54a94c79e5b4;Près placer muet travail bataille.;19;174;Projet;BROUILLON
12a22f41-51dc-4625-be1b-788de5e61bca;02311c97-b56e-49ea-84dd-82a74fc97c4a;Falloir attendre calmer jambe place.;6;94;Projet;BROUILLON
12a4ead5-34c0-4962-94db-39627225d6f1;2d82c71a-3f27-40c5-84ad-266c1d5c6e7b;Prendre passé fin.;8;90;PDF;BROUILLON
12a6fa68-0b04-40d5-96b8-934a5c0123ad;55e168ca-c599-4592-bb54-06d2cd537e51;Semaine regretter aimer promettre.;20;142;Projet;PUBLIE
12d2a226-5191-4ed0-b49a-ce740b2277a6;b41440a8-f069-49d4-a502-b4304358f9f7;Sept fond jeu ferme.;15;137;Vidéo;PUBLIE
12d68aef-cfa6-44be-b41e-a17ae29ab565;bf95968a-b3e3-4168-bda6-3c9192575693;Moyen prouver maintenant entrée là sol.;4;11;Vidéo;PUBLIE
133689ca-1047-4578-9cb7-bc6e03e31624;8626cf8c-ecab-4de3-bd38-3a146a09df89;Place demi ce plutôt beau beau.;14;174;Projet;PUBLIE
1336e193-f778-4296-b3e8-a0d253427c52;780ed4ac-305c-48fb-862f-f03770abb0b6;Type craindre avis noire descendre promener.;10;132;Projet;PUBLIE
13b41e3b-6aa7-4ac5-ab1d-b5c92a50412d;a3998221-22bc-447e-be49-3cf7a1beb554;Queue mot reconnaître entretenir.;7;129;TP;BROUILLON
13d4d361-3b95-477b-a535-565d7fd80933;70ec2a6f-b907-4ddc-aab5-2a42492079eb;Eaux appuyer race nul police ramener.;9;67;Projet;PUBLIE
13d7f540-1014-413d-a7ef-78a9f6fd9607;bdfe72c1-9816-4ac1-9db4-e629a22f73d2;Importer ennemi hier divers sentier arbre.;15;143;Vidéo;BROUILLON
13f33a79-a0cc-4909-9df1-e391beebb4ec;ab72a548-4059-46a4-a513-bb744b085937;Fonder travers commencer comprendre condamner faim;7;71;Vidéo;BROUILLON
1406fe74-1735-47f0-936a-9b03072b02f4;f56d9092-5b9c-4305-a37b-0a6f8c8a91f0;Article lutter plaindre.;4;107;PDF;BROUILLON
141cbdd0-bd54-4e0e-bf43-5ed6c8d50dd5;93b65685-c14f-4fa8-8986-c9b85fd774ad;Arme craindre condamner hauteur preuve entier.;3;159;TP;BROUILLON
141d4193-263a-45d4-b7ab-cb6297a20f52;012980a6-0c8d-4aa9-a992-3044442cfb0c;Rare vol voile cruel.;10;48;TP;BROUILLON
141e3581-b860-4069-a449-314926941ac2;11c51732-8920-4f9a-bd17-b1be60b260c4;Tempête droite bois reposer.;6;135;TP;ARCHIVE
14764530-97d1-46ae-a4c9-cb7bcebb8802;77514051-1ae4-4a8c-9995-7b761414d889;Beauté sommeil conversation santé agent ventre.;5;64;TP;PUBLIE
147b3453-947c-4400-b95f-139f3de902c7;864f1259-b36b-4656-8e38-0e4ee711b9b9;Brûler vert comment joindre empire bande.;11;37;PDF;PUBLIE
149ec76c-87a9-4222-ab40-02b153f67f42;7ce433dc-0e32-4d05-8ba7-3ebd98a1c97a;Court beaucoup passé soutenir quelque terre.;14;171;Projet;ARCHIVE
14a387e0-891b-444d-a41b-b7149af15970;476959fa-a8ed-45e2-aef7-60dee0089282;Peser indiquer souffler comme.;4;70;TP;PUBLIE
14afb3d3-09c3-496c-970c-9017cc5d88d1;d1d6d534-119d-4023-a17d-d6494c9e0ea5;Vivre sac devant envelopper.;3;145;TP;BROUILLON
14c6e806-5922-4d1d-8659-a4893778e14a;afb05851-2089-491f-9b78-daa08126e193;Seconde on réunir charge.;9;162;Projet;PUBLIE
15045924-4361-4883-b077-78eeb8d71ab8;f2489a0a-68c3-4c32-bbba-1869ba8817f3;Existence soulever instinct absolument.;12;112;PDF;BROUILLON
15111c89-2a47-47d2-970a-d832d3e17e60;aebaa4ef-e557-4e4f-9328-06ee6e8077c0;Religion sur supérieur curiosité.;5;178;Vidéo;BROUILLON
151ee215-ba4b-42ec-8486-50181e05a347;bc1dcd1b-2892-4353-80ee-f310f6fd137c;Pièce entier leur caractère.;4;135;Vidéo;ARCHIVE
152b5e7d-1299-4296-99e6-9dca408d0d32;39cebbc3-2c29-45a7-8505-ee790494bf7b;Toujours neuf sûr interroger apercevoir.;9;80;TP;BROUILLON
154241ef-ae13-48ee-b184-14816b75c9f3;eece212e-f334-4e41-b6e3-965fc326f560;Marché le sang passer rideau droit.;8;66;Projet;PUBLIE
1552c6ee-b2cb-4d58-aa55-e3d73692230f;5b057f7a-58cb-4a9a-af7e-b826cbc1fdcc;Geste choisir achever système.;9;77;TP;PUBLIE
157d7a12-837d-42cc-82f3-b5fbab7d01a1;d3252caf-467c-4ac0-8433-30b3dcb1fc1d;Soutenir mieux rêver.;17;36;Vidéo;PUBLIE
157dd640-556a-4b69-a0eb-319b7a9de37f;2a11d88e-a772-4f32-a34d-4ed3133c2da0;Douter fusil avance promettre.;12;75;PDF;BROUILLON
158f0d6a-5624-4268-bd09-d639ce7706ae;655a4b49-dc32-4b1d-a2fb-9d1664c89833;Partager politique marche monde plus heure.;5;96;TP;ARCHIVE
15a6b3b2-973e-4f76-a074-121aab20ec26;af44ed5d-9c47-46fe-803e-2c620d25641a;Résoudre marier promettre.;14;140;Projet;PUBLIE
15a8bf4a-61fc-4ee0-adea-409114fd7ccd;ab31bfdf-23e0-4b62-a20f-5951365aabb6;Plein bleu juger place calme depuis.;13;170;Vidéo;BROUILLON
15d67cf5-7a4c-417c-b7d9-a6bdd35966e2;e227c1c1-b7ec-44e7-b6b8-9096daf7ac92;Soirée retour d'abord entourer.;11;160;TP;ARCHIVE
15f0aeb8-9992-41bf-b3cb-e17dee847b3c;59cd40dd-5875-452b-88fc-56c00ae2b81d;Chemin éprouver asseoir paquet glisser.;8;51;Vidéo;BROUILLON
15f173e3-b060-48fb-abba-e91364793f9f;72e46422-33a5-464d-9fb4-b04f01cfd011;Rendre sauvage suivre.;5;180;Vidéo;BROUILLON
161a910b-122d-4e45-8aff-5405e4fca82f;b88e80cd-5d93-476d-ab57-42c57d9671b4;Voilà peine elle.;18;155;PDF;PUBLIE
161ec375-d2bc-4eed-a379-597cc81a657a;bc1dcd1b-2892-4353-80ee-f310f6fd137c;Secret étudier branche compagnon ligne.;20;153;PDF;BROUILLON
163843e4-5240-447d-af66-3e22b66ea409;9c27b74a-db00-4000-abeb-1c9d6122d5f6;Chaque éclat approcher existence saison.;20;171;PDF;BROUILLON
16527291-20a9-4442-b781-cc6423696d14;587200d0-9db1-4886-b76a-54bc06ff2519;Armer face observer.;13;140;TP;ARCHIVE
1663b4c3-8dd9-4870-836b-86fcff4a4ddd;93b65685-c14f-4fa8-8986-c9b85fd774ad;Grain habitude construire quartier erreur répéter.;19;167;Projet;ARCHIVE
166fb683-cfa6-40da-8d33-19142ccb8adf;f483efc1-e664-42c7-b882-63a336cf27b1;Désert commun frère.;8;131;TP;PUBLIE
16bf5245-5fb2-41a6-9f2b-61915557a83a;50479fba-2b69-4bac-8187-de97a2d41322;Réunir hôtel humide.;18;64;PDF;BROUILLON
16c48457-0994-44bc-bba7-76d83fe34fdb;55776b6a-be16-4776-949e-5c485bf1e579;Or foi compte aimer livrer inventer.;16;171;PDF;PUBLIE
16d8769e-22df-410f-bce4-d3f292bf72f1;0ee8c077-c8b0-42ac-a316-7eeae7550b5c;Poussière animal oh tout système.;13;161;Vidéo;ARCHIVE
170991cf-2f79-41f7-a0d2-b5c89c6188ef;196cdac4-b92f-47af-84a4-7718a029f9a0;Peine banc journal.;15;13;TP;ARCHIVE
170b3f5d-c070-48af-b5ac-8e05c25ef050;67e10fa4-425e-4820-8231-36122c2ec0ba;Drôle foi supérieur avec.;16;147;Vidéo;PUBLIE
1720b6a7-aea7-4c28-a147-f5d988a913c1;a44f2fe9-11d0-4abb-ad40-7fb8da8afb29;Vêtement amour conscience contenir absolument oncl;8;161;Vidéo;ARCHIVE
17241b4c-873f-4e63-835c-7ee99c75a935;55ed8e79-28b9-4656-ab98-5287382083ef;Rose violent divers argent.;13;158;Vidéo;PUBLIE
1737d911-fce9-4d81-a428-a23c56369822;08b2fc02-7da9-4ff0-a9dd-470a33a9403a;Déposer parce que problème effort.;3;139;Projet;ARCHIVE
17515393-40c0-4986-bfb8-7944c85e6c85;0b643ce0-fe74-43cb-9f89-fe82097a037e;Immobile retomber moi douceur.;19;81;TP;PUBLIE
1768b552-9c73-4442-ac82-12d480052a8b;ecef2de6-8b6e-48ec-82a2-4533c1d8fa6d;Mourir bon non sur.;8;46;Projet;ARCHIVE
1794e40d-d01f-4043-8ceb-6c274a98a75e;5175cc42-6117-4dea-b03b-8c95656656d7;Geste papier plein tourner écouter.;1;151;Projet;ARCHIVE
18372723-c71e-4f8f-86b4-9c1a01875a9d;c1b4dbe3-348f-410c-93b3-74238de24b4f;Refuser passion voisin cependant médecin.;18;165;Vidéo;BROUILLON
184260fa-ef43-489c-b1f9-5dabd99898c3;06082973-61bb-4985-b895-0915cd9297f9;Sortir terre tard fier rond habitant.;8;36;PDF;ARCHIVE
186d0a4e-473b-47f4-a509-e68aa37781c1;e7e16162-157d-4843-bf66-5fda8e09bf53;Paraître prier réponse.;20;138;Vidéo;BROUILLON
18763cdd-d843-47da-9b9c-67400acaa767;a7015b80-cf65-4764-b28a-3bb1e53ee7e5;Rassurer objet marcher dessus discuter.;11;99;Projet;PUBLIE
187b687a-02a1-4bec-a634-9a195cdf87c9;0c34a864-8ad1-48fb-9df7-3df2fceb8411;Livre grain ouvrir durant.;6;161;PDF;BROUILLON
1884b798-0c4a-4bfb-8380-a1b61da63b61;d6ac01c8-59dc-4e4e-a332-8bc0c5593214;Autorité maintenir titre recherche.;20;59;PDF;BROUILLON
18c521a2-7d89-428b-896b-ffcf9a5bb572;48619d7b-7c96-4494-ad34-7737375ad725;Anglais de trou passé.;18;98;PDF;PUBLIE
19109774-e4c6-43a5-9d6e-234bfa3dbc54;511b2383-2027-435b-906e-2fd7f9c52f75;D'Autres deviner gloire arrière été tromper ou.;13;34;TP;BROUILLON
19289b1d-1c46-40bc-a2b8-27df8ec8730f;6fb9351e-4243-4e4d-a810-90bd4c053bfd;Souvent école hiver.;19;107;PDF;PUBLIE
193558e5-dfd5-465f-ab4a-537b80e85c13;a8100fda-0055-4a81-ac3c-4216af4d527c;Tantôt d'abord dresser huit.;9;179;Vidéo;PUBLIE
195ea19e-b0b2-4b25-95e1-b60e0eded238;48e32488-4439-4818-a6da-7ddf0f48a813;Jeter part loin établir offrir.;15;101;Vidéo;PUBLIE
196985ea-3610-40ad-a38e-4580bfa936e2;7951b14f-685f-4fd4-b26b-7c759bc40cf0;Façon endormir pencher avance.;13;120;Projet;ARCHIVE
19757271-ccf3-4323-b2f7-e0fd7e02f50d;180f4bcd-0000-4d45-9e6a-dda43503fade;Naturellement dehors complet.;4;25;Projet;ARCHIVE
199a09f6-17ac-4d54-bb86-56fb2c6b596b;08ca57b0-eaae-43cd-9e46-019a45c3986f;Angoisse prison fil.;20;134;TP;PUBLIE
199ca970-afa0-41f6-a97c-ccf81befb34c;b88e80cd-5d93-476d-ab57-42c57d9671b4;Votre tomber dent poids bien voie.;10;7;Projet;BROUILLON
19adfad9-7d58-4939-944c-13bcb88d2474;4e7ae899-bfb2-49de-a024-4c652d54bd46;Immobile pain quant à.;15;73;TP;BROUILLON
1a1bf1bc-ac46-44d3-a470-456e4262dbc1;cd665718-776f-4f17-a971-4e7c58fb23f6;Traiter amour prochain humide saint.;5;87;PDF;BROUILLON
1a2d7524-a1ed-45d2-b3a9-d27f27cb74a8;68296f03-8ab2-4e2e-a505-a56e77e37885;Musique avec inutile.;10;112;Projet;BROUILLON
1a3519f4-ec04-4793-a43b-3eac99dc6428;cb3ffc75-e9d0-4b4d-8e7c-49c53203058a;Saint rejoindre moins justice.;18;76;PDF;BROUILLON
1a38392e-f4a1-4eb9-9c2f-937766ac8e7c;797aceb4-4e41-4b99-bcdb-104b5f8e6751;Source vieux chemin particulier ton image.;20;52;PDF;ARCHIVE
1a425d41-f9c1-44fd-b986-19d29d9cb046;de69484a-abd8-4a54-94f5-ec853096f117;Naissance feuille dont changer sûr tirer cheveu.;11;122;PDF;BROUILLON
1a8ba412-15a7-4e3d-86af-ceaed4aeb4cb;4494325a-0c00-4efe-a527-f6fc45a7607b;Lisser naturel supérieur arriver intérieur.;15;159;Vidéo;PUBLIE
1acb6e19-82fa-47e0-9189-cdd831853831;c1b4dbe3-348f-410c-93b3-74238de24b4f;Un baisser écraser juger.;11;35;Vidéo;BROUILLON
1accca2f-2d41-46fb-899c-26567c7a9031;ce4a3931-79ff-45e5-93a4-104606914b76;Fatigue réveiller produire paysan.;19;89;TP;ARCHIVE
1ae8ee79-7e57-4e8b-8e1d-0640a1804028;e6169d7c-440b-4361-9493-8bf5af176669;Passé médecin pour mauvais accrocher appel.;18;46;PDF;ARCHIVE
1b24d273-a4e6-4fce-9a91-dd22f804e7c5;a0eb9cf9-5aa8-4760-b8e5-8fef5b85b40f;Vie étendre installer échapper.;16;109;Projet;PUBLIE
1b2ae49c-47ee-461d-ac9d-503fcd2c4067;e3aed655-3306-4553-82f5-d3b416316f44;Vêtir fils comment.;4;171;PDF;ARCHIVE
1b3fd083-7c9b-48f9-b2e9-b01980dd9013;7f75d723-d18d-4599-b3bb-d6bdc41b9914;Mari composer comprendre.;5;110;TP;BROUILLON
1b63e740-041c-4e65-861e-fdeaffe41f97;0b643ce0-fe74-43cb-9f89-fe82097a037e;Mariage lui milieu chaîne planche visible.;5;143;Vidéo;PUBLIE
1b999c9b-fdd9-496d-8ea7-1a2e1a04d97b;f94b48a5-8a7b-432d-b34c-a4f8316d8edc;D'Autres dernier verser.;17;19;Vidéo;BROUILLON
1ba172c0-0865-4658-a7d9-5c73b3c3630a;94274209-918e-4525-a838-fc24077e1314;Moment profond entrée tenir.;9;157;Projet;PUBLIE
1bb83558-7920-4d01-99d0-a08dcce2ac22;d021f41b-400f-43d7-9049-469e169594a9;Ami absolument courant consentir.;15;72;PDF;BROUILLON
1bb9913c-d9ea-4437-9e1e-41eed634333e;101af8bd-720b-4f53-9645-f9a0f93cbc15;Fil retirer défaut parti.;6;71;Vidéo;ARCHIVE
1c3f2d83-ac5a-449c-818f-f19cf0c58eb0;60ffbe9f-5e82-42d0-bdff-531780eb9302;Cent désormais nombre inspirer.;5;166;Projet;BROUILLON
1c5299af-eeed-42d2-859f-5164c130859c;2d0aa0d9-c00a-493b-9750-3d6938511179;Poète réfléchir croix.;11;32;Projet;BROUILLON
1ca1ab7f-d962-44cc-991e-25ca2f4c5840;4ed465b8-5fdb-4a53-a965-a8040f198d6b;Faible faible trembler manier fait parcourir.;14;88;Vidéo;PUBLIE
1cb1daf0-4e9e-4523-a5d8-319ebd6061a1;e8634c7f-f7c4-4af6-b16c-5f120bcd03d8;Écouter folie entre agent demander clef.;19;139;PDF;ARCHIVE
1cdad90d-239f-4cef-8e40-e8b8efc43121;573de0c8-3510-4dd9-b9d4-62db9a95812d;Un espérer produire réel discuter.;18;103;Vidéo;ARCHIVE
1d0a1c81-c399-425a-9a00-1be68460d800;55e168ca-c599-4592-bb54-06d2cd537e51;Émotion affaire rapide.;20;81;Vidéo;BROUILLON
1d161136-db0b-4087-ab1c-165cf67fdca6;cc8e5010-61d8-4c77-aff3-6e84137b3d82;Tandis Que soudain grain déclarer accord.;12;74;PDF;PUBLIE
1d32f9a8-2e1d-4246-bcff-18126e7cc4ee;ab31bfdf-23e0-4b62-a20f-5951365aabb6;Enfant quinze honte fille expliquer tôt.;8;167;PDF;BROUILLON
1d557647-7a59-4301-9c85-e33e7a20568a;28884cfd-7849-4285-9f54-65c64c69870a;Intérêt parole long acheter famille.;5;14;PDF;BROUILLON
1d62e38d-2298-47cf-b8d9-284e7147bc79;a77a76f4-8837-4277-8d9f-e13078f5ec51;Avec même image.;16;14;Vidéo;PUBLIE
1df274f5-3268-4308-91ad-57c516b3e75e;3254a4aa-52c9-402a-aff0-8bb84762c58f;Souffrance commencement bataille éprouver blond vo;17;93;TP;ARCHIVE
1e6b4d26-18e3-43bd-9be3-466887e769d4;d2c2539f-f599-465e-ad2e-b5731ce694a3;Colline nuage erreur madame réunir.;8;36;Vidéo;BROUILLON
1e8d632c-e5f6-4860-bb9a-a305f67e4609;655a4b49-dc32-4b1d-a2fb-9d1664c89833;Me tâche envie rejeter bien.;8;108;PDF;ARCHIVE
1e923e68-f2ed-4999-9eae-0a3fa2575e75;ab31bfdf-23e0-4b62-a20f-5951365aabb6;Quelque inquiétude intérieur accorder suivant.;1;121;PDF;BROUILLON
1ed5f68a-98e6-4bec-a9c7-c0a66b2d1ab4;ae5525a5-af7d-48ea-b446-0ea93b366874;Léger français papier jouer fine voyage imposer.;13;117;Vidéo;PUBLIE
1f102130-fa77-4b8f-89ba-aa8c78516a6b;433e2047-97bc-4b9a-8afc-77577ea60d92;Pied lit trop précéder.;18;162;PDF;PUBLIE
1f121ce6-f71c-4507-83e2-aeeda85ff66a;e10c1e20-34c7-4f91-a23c-8d809ea0dbca;Pencher morceau refuser etc.;3;109;Vidéo;BROUILLON
1f157d91-8ea8-4a6c-bbf6-4e235c2508a8;d2e0201d-87cf-494c-8c42-6fec661cfe61;Couper quitter bleu.;18;59;TP;ARCHIVE
1f1fcfc3-f5ed-4175-8dcc-492e3a46f60a;90ecd47e-5c22-452e-96fa-4f1a3e53a0da;Encore tombe dresser.;4;139;TP;BROUILLON
1f37113a-c7b5-4e9a-934a-bbf3535d5773;b584ce58-8eb0-4112-9d1a-a8e289629ff9;Il air abri.;5;46;PDF;ARCHIVE
1f3f5cd3-5549-492a-9ce8-3ae6f6041f46;187436f8-89af-4ae8-ad79-bf14a2ff0182;Chair très âgé fixe.;17;95;Projet;ARCHIVE
1f75ac12-5f67-4210-a546-63d39c797053;72724037-3a80-4b5a-bf52-1cc2561678e9;Menacer étage sans écarter.;3;67;Projet;BROUILLON
1f9b6268-ff0e-464b-82f1-efc6e5cb3019;d56834de-1b91-4253-b9a5-5cbb74e142bd;Rose durer lentement.;9;32;TP;BROUILLON
1fbd93f7-f98b-45eb-8271-757e996b0e91;37d1e398-1120-4204-ac9e-584adcdc6954;Consulter gagner inutile tour.;19;127;TP;BROUILLON
1fe83c29-e49b-45a8-af45-d25f19042b9c;d1b3644d-d3a4-438a-bbd8-96ba8ccbebee;Mêler trois sérieux.;9;160;PDF;ARCHIVE
20022e66-7c9b-48d6-9ee5-bbbecb2408e6;17730e20-cab5-480d-a26a-4cd6cbee9d55;Ordre pas sourire.;18;126;TP;BROUILLON
20208b2f-f075-488d-ba82-16218bb5fbfe;ea575e43-f071-4075-b32e-0850ac47cefa;Combien devoir étude rêve.;8;45;TP;BROUILLON
2022cd8d-730d-4d4d-b149-c9bc70a6ff64;b215c026-953a-46dd-aa40-efa1e1099b93;Précéder quitter rapporter.;14;125;Vidéo;ARCHIVE
208ba8c4-091b-4a10-bc44-39794ec3bcba;a977d5a8-191c-4f7a-ad5a-3177272ef9a8;Hier rôle puis assez silencieux entourer.;10;166;Projet;BROUILLON
208cd164-a5c6-4f12-8107-7bbe0c69e8aa;b10a5096-fa6b-4f33-94a1-e52901cf26cc;Ville aide acte éternel.;12;161;PDF;PUBLIE
2097a4d2-2453-4f61-8bf5-edc3e309cb19;d4927d36-9b51-44ad-9b00-9ba0c9ee6666;Maison peau partir contenir entraîner.;15;6;Projet;BROUILLON
20c3fc43-89d7-4691-85ba-bfb60eee93d0;99547cad-562f-4525-ba0c-22bb93fe85ee;Bois soutenir imaginer remplacer cacher.;9;59;Projet;ARCHIVE
20e44f60-f14d-4a4a-9939-3a24ce9ed020;afb05851-2089-491f-9b78-daa08126e193;Terre passage goût.;14;160;TP;PUBLIE
2130ddb3-1a30-4531-b690-20fea9490789;917b4254-49c4-4d02-90b6-646a786dd537;Chercher vie éteindre tant voir suite.;8;101;PDF;ARCHIVE
2133658c-1da1-4c6d-aa6d-10c6ba2aa88f;e227c1c1-b7ec-44e7-b6b8-9096daf7ac92;Geste ignorer répondre découvrir rapport l'un.;10;139;PDF;PUBLIE
2153a76e-ce16-48ee-8d6c-af2080a1aeeb;9945cf63-958f-4e9a-b5f5-a4dee20e63cf;Impression carte affaire.;18;160;PDF;PUBLIE
21690ceb-2365-4a0b-b6b4-3cfa79c07a74;cd665718-776f-4f17-a971-4e7c58fb23f6;Apprendre expliquer prier forcer éloigner sourd.;19;59;PDF;PUBLIE
21934c43-a26b-4218-8713-7829a269fc97;b4a680fb-456b-40d7-82b0-5b8b710911ea;Interrompre figure attaquer.;5;165;Projet;ARCHIVE
21ac4ff6-445a-4c18-b6d3-787da12ec6ca;780ed4ac-305c-48fb-862f-f03770abb0b6;Vivre prêter expression donner nécessaire.;15;167;TP;BROUILLON
21f3721a-e524-492a-8b1a-fa677a5498a1;d8798fc2-c35e-4455-ac6d-a9da56c4cd41;Difficile enfin tour morceau guère mesure.;13;103;TP;BROUILLON
21f959af-3864-4255-b8a9-0b18400138bf;1b77c343-373f-47d7-9da5-e41400ec6c97;Réalité respirer anglais établir occasion.;6;107;Vidéo;ARCHIVE
22083214-cf5b-43dd-ae65-17c1f4a49aec;b81ff2c6-9bff-411d-af58-8f63370c8678;Sang mari autorité.;4;54;Vidéo;PUBLIE
2228051b-80f1-46ca-b6cb-4688956ae1d9;f5cc0f2d-5ff0-4ee0-a236-eeb20f0553d3;Pendant poids chanter autorité.;4;73;Projet;ARCHIVE
224af2c4-5be2-4963-be5a-58232b6ca3eb;ce840e50-09e1-4a95-b5d5-445fd93789db;Trace avouer taille important.;20;172;Projet;ARCHIVE
22b13020-af54-44d9-a571-fb90e0214816;5175cc42-6117-4dea-b03b-8c95656656d7;Vaincre parti loup long sourire ami.;11;43;PDF;BROUILLON
22ea7111-b4d0-42d6-8498-12f66e51d378;7c9cfb13-d4f9-44cd-a3ee-c1d65eead6b3;Carte nécessaire mince corps écrire quarante.;2;108;Projet;BROUILLON
2310387d-651d-4bd1-9bc1-f8f8bb159222;ef803700-3c7c-4a83-b495-f41f76b23b8e;Herbe science partir vieillard.;9;76;PDF;ARCHIVE
23202846-dfaf-49ad-8f21-da0b4501c53e;f4209fb9-c351-4849-9372-adc75ec09906;Passion même eau paix savoir cheveu.;1;165;Projet;ARCHIVE
23394e4c-8aa1-4d97-969c-9a4520c969d7;c0869a9b-dbfb-4680-8924-d645b477ff05;Parvenir à davantage regard.;6;40;TP;BROUILLON
23702764-140c-4ce0-894d-34f9f006e436;3cfcdaca-c30a-42f8-8f42-aca4b16f48fc;Vieillard commencer nez fruit quoi politique.;11;61;TP;BROUILLON
237d8284-c97a-4e79-85a2-3a0d8612e9eb;6e5f0d64-a7fb-413d-932a-8c8d7cffe765;Désespoir naturellement garde leur matin.;20;127;Projet;ARCHIVE
23b845c8-23b0-432a-8051-b877decc8ead;d066fd41-cf72-46dc-ad14-256c1e9cba5c;Police noir puis où vieillard.;10;178;Vidéo;BROUILLON
23c54174-364f-4800-8dd8-f0d07e0cb160;17730e20-cab5-480d-a26a-4cd6cbee9d55;Queue souhaiter casser.;15;152;TP;ARCHIVE
23c65c14-0e0e-45d4-b942-e51c4829ffd8;458f884e-99a9-4f1c-97c7-35b7bce708b7;Réalité discussion boire inquiétude sourire reconn;20;78;Vidéo;BROUILLON
23f17efc-a89c-440b-b1f5-f1612967972c;5115d8d8-327d-41f9-b58c-44e8a2240cd0;Impossible fumer commun sol éprouver robe retirer.;16;150;Projet;BROUILLON
23fc4e9b-2486-4d06-953d-55c3bbc45bfa;a64f21b0-5396-4a95-9a6e-dfc0687699e9;Masse partout siège droit étrange.;10;48;Vidéo;ARCHIVE
2401d69d-33b7-44f7-b7f6-c3221ea8fab4;6b930f7a-027c-45ba-8d55-0965da61eab9;Franchir fond force commander l'un.;5;76;Vidéo;BROUILLON
244c33f7-6040-4c4a-ad5c-a2068ec3543f;fe17d3f2-c305-4137-9061-16c2258175ef;Me guerre sommet.;10;48;PDF;PUBLIE
244c563a-fb9c-435c-8370-b2ee100bee6b;bc221d10-727e-48b7-8a11-3d2523e692b0;Marché cours défendre saison accrocher.;20;69;TP;BROUILLON
24700bcc-e3ec-43e7-8b62-b668bb106f94;61941af0-1fd3-43f3-9704-dcec179c494e;Vie sou peau garder ombre.;9;95;Vidéo;PUBLIE
24752352-4798-4835-8018-e40b942d4a28;fedf7f5e-e953-4532-b6e3-24c82f6e9634;Attacher honte déjà avant.;5;6;Projet;BROUILLON
24946152-c993-4977-b739-8524ea5e827f;b179f40d-8b45-48b4-85ce-22bc389d052a;Employer ensuite rire bas hors.;19;31;TP;BROUILLON
249a6ff4-bbd3-4f74-af6e-1163e6c4463e;040baae3-4bb4-4330-8746-3a37ec843a78;Croix souvent chemise seul suivre salut premier.;14;95;Projet;ARCHIVE
249e8549-f68d-41ab-b3d9-1c1f45307c82;5014d7d5-4a96-4de3-98c5-1140c3c10433;Or mort front soumettre.;16;8;Vidéo;PUBLIE
24e3d1f3-9edb-49a3-aaca-fca7f6134372;bb9172d0-ce0c-4c50-a387-d5d19f9ba0c4;Soir blanc retirer simplement inspirer.;17;138;Vidéo;BROUILLON
251c6e3c-e365-4c95-9b7e-7acc94fa7105;2d15cb34-e7c9-48df-905d-1f76c12b1a02;Parmi général accuser sueur.;3;87;Vidéo;PUBLIE
252037cc-75af-4203-a27f-c6d9c0f93d0f;dea89f6d-6633-4af9-8347-543b15394c44;Attention étendue fuir grand.;3;118;TP;BROUILLON
25395e03-fbce-489d-97c6-b82f004b4b50;9bbcee1f-69cf-4660-b2f2-ac1a99da5d12;Tard autre conseil accuser souffrir promener.;2;141;PDF;ARCHIVE
25416003-389d-41b8-89f3-d33303895cd1;f2489a0a-68c3-4c32-bbba-1869ba8817f3;Quelque chiffre essuyer chanter tandis que.;19;171;Vidéo;ARCHIVE
2568fce1-8654-402f-bb79-581a6e224f6e;d2e0201d-87cf-494c-8c42-6fec661cfe61;Face digne art.;18;18;Vidéo;BROUILLON
25b6b24b-904b-43d1-8306-904952c33049;a64f21b0-5396-4a95-9a6e-dfc0687699e9;Coup exister souvent fort vide.;6;106;Vidéo;BROUILLON
25e9a65c-1b20-4990-a71e-eccad62a9d06;433dc043-86dd-42f3-99a7-d941a6ea6d2f;Subir rencontre banc demain triste bruit.;5;176;TP;BROUILLON
260444af-e28b-4ba1-af3e-625c60095da0;3788aabb-2936-4e26-bd54-b87c0b656dc0;Anglais bas odeur seul exister.;14;130;PDF;BROUILLON
263b5f4c-5e2a-4c7f-ba79-09a4c88e606c;fc664988-9989-4e09-9dc4-b351bdd2cf71;Vivant signer sable proposer grave.;9;33;Projet;PUBLIE
265f77f2-30ef-4a8e-99a9-b3dd9ecd56ca;511b2383-2027-435b-906e-2fd7f9c52f75;Fin arriver courant particulier.;6;56;Projet;PUBLIE
26847192-4bf9-4b3b-ad0a-0374fb51b871;0c6ce5ae-0535-4d9f-a0e2-e606358a26ea;Banc examiner assurer il tracer.;6;176;Projet;PUBLIE
2694d3c8-a616-4e70-85a9-d5c36137c2f9;92911344-a9cd-4c45-981b-19c42e582338;Relever précipiter autrement tracer un.;19;147;Projet;BROUILLON
2735aec3-5e15-4c20-a4df-30771660f85c;d266b0ac-085d-4fa0-8073-cd06119b957f;Tenter conduire révolution jusque nature.;5;52;Vidéo;BROUILLON
2737328e-4f94-4fed-9c9b-1b68e963feeb;187436f8-89af-4ae8-ad79-bf14a2ff0182;Près étendue soudain prononcer savoir composer.;14;144;TP;PUBLIE
273a0a87-bfaf-46dd-b705-36f16409cc04;78e98f4e-8bb3-48ac-8f23-b9f061e91975;Liberté quatre fer prononcer disparaître condition;19;101;PDF;ARCHIVE
27468bef-f9db-46f3-9573-513701373e58;b67a3f65-5651-4b7b-8dce-9bd6a6da8b7d;Être parmi objet effort âge.;11;172;Projet;PUBLIE
279b8044-b0ba-4e9d-bb28-e624aba11dc9;806b9e49-6019-4709-ab0e-ba68558e42fd;Secrétaire trop flamme.;6;54;Projet;BROUILLON
27a11ef2-ce7f-4e42-b851-6971e205c131;6f4edd70-fc00-481b-be09-ef0a90e0b968;Tour voisin beaux prière fort.;9;23;TP;ARCHIVE
2809c230-b757-457d-b4ec-086ead62e095;bfef5735-2921-48a1-9b63-c630da94c826;Particulier consulter lever.;5;44;Vidéo;ARCHIVE
28694391-ab0a-4d92-9701-02d24acd4a7b;150baf1a-ae7d-42da-9d94-465b0a08c9d8;Rêver faute sou joli colline espace.;8;61;Projet;PUBLIE
28f525b3-e05b-4b89-8b48-c81a18fa068a;2d72e7b4-e15b-4067-bfb9-5742d9fb369e;Mien voyager coûter.;18;81;TP;ARCHIVE
28fc0a85-eebd-48e7-b9a1-cc65d7a94b34;7f75d723-d18d-4599-b3bb-d6bdc41b9914;Verser aujourd'hui asseoir noire est bas.;13;12;Projet;PUBLIE
290914d4-e374-479b-badf-4ec1a52d13ab;d2c2539f-f599-465e-ad2e-b5731ce694a3;Circonstance fusil honneur parcourir front.;10;153;PDF;BROUILLON
294d2240-c06d-4d89-a08d-bcce85851c5e;732a11ed-82c7-4642-8934-4ade833bdc69;Voisin moins complètement jeunesse aide émotion.;9;47;TP;PUBLIE
29d14285-8488-42f3-83b9-6a6677546077;71941234-69cc-4941-8dcf-c9046b7399de;Tuer huit passé environ choix.;4;150;PDF;ARCHIVE
2a004c15-55ec-4ab4-9fb1-4bf318a1f0da;13d6d91d-24ac-46d7-b4cc-743aaef59b8c;Beau profond banc.;5;48;TP;ARCHIVE
2a23981c-4706-446f-bcff-80a966e0c8d4;ce11a6f6-7a90-479d-b2a0-7a997b9c17ac;Dangereux mur épais.;5;14;Vidéo;PUBLIE
2a326d51-3cab-421e-844a-6893f62d73b3;b215c026-953a-46dd-aa40-efa1e1099b93;Matière seul bataille.;19;151;PDF;ARCHIVE
2a661899-b21f-440f-b898-66a4f3771c04;a0eb9cf9-5aa8-4760-b8e5-8fef5b85b40f;Juste bout approcher gris muet amuser.;1;116;PDF;PUBLIE
2a6c3b71-ab93-44bd-a02d-108724d4a58f;71941234-69cc-4941-8dcf-c9046b7399de;Force quelque tirer.;11;14;Projet;ARCHIVE
2a73d823-ac81-4c93-a2eb-cd869f9c4520;201b93b0-dedc-4834-a093-0bd52e41283e;Même blanc chaque temps permettre pousser.;9;127;Vidéo;ARCHIVE
2a8b11f3-152f-48eb-bb5a-122022cf056e;ab72a548-4059-46a4-a513-bb744b085937;Sec mois pierre.;8;89;Projet;PUBLIE
2aa266c9-83a5-4659-8b17-897441defa12;fe17d3f2-c305-4137-9061-16c2258175ef;Cinquante route simple double.;20;90;TP;PUBLIE
2abeb70f-e743-404b-8b95-ef5b50679a65;4c307f61-5b36-4897-8627-6316ee6f82f8;Vrai côté type police.;20;55;Projet;ARCHIVE
2ad2674e-c1ae-4901-b3fc-abb68eb0312e;fde748ad-497c-4c8f-a139-c96c10467ce7;Suffire dépasser dernier vaincre gros.;10;32;TP;PUBLIE
2adf297b-a78b-44f5-a353-837541d309db;7d05d623-27a7-4133-8ea1-0e275e1b43de;Madame flamme digne jaune.;14;28;TP;ARCHIVE
2ae021b0-3976-4533-a368-638964e181d2;d810fef9-a3cb-4a9b-9817-2d42cd42608e;Billet y ouvrage rire asseoir court.;6;50;TP;BROUILLON
2afbdcf3-406e-4fbd-87f7-9305493853f7;7ad12a3d-12cd-4e14-91ee-65ec8a62c190;Papier plein malgré expliquer fin sur.;12;155;Vidéo;BROUILLON
2b00cef7-6cf8-4302-9a88-7ad231e039a9;1bc687b3-95bc-4d7c-8e5b-49358dafaf2c;Installer ce essuyer remercier.;15;56;PDF;BROUILLON
2b0b58aa-c8af-4832-a3aa-ea56f8051716;da563ae7-3c4f-459a-9e76-4e700bda46e0;Nous nécessaire goutte respecter retour même.;16;35;Vidéo;BROUILLON
2b1074c8-af05-4f33-8c2e-65e7db6483e4;c63ccba7-bdab-4dc0-81a1-4c4bb2cd5971;Depuis ouvert bon violence.;14;29;Projet;ARCHIVE
2b5280b3-6e17-4b0e-be29-5b329625bfd0;6c19a257-e368-4e5a-a09d-8b26d3ea667b;Haine aider patron traiter voile.;10;71;Vidéo;PUBLIE
2b5ade79-934b-4fb5-a429-ec915290f6cb;4eba20e1-f69c-47f7-85cb-a3512fe08cd5;Afin De liberté plan réflexion.;1;100;Vidéo;PUBLIE
2b7be586-ae5a-4d24-86b6-1671e41d2b64;e6005a69-fcd0-44af-a057-64ca8310753c;Étaler essuyer épais bas peur.;16;179;PDF;BROUILLON
2be1947b-b379-462d-b794-bfe5a2dfd613;0c34a864-8ad1-48fb-9df7-3df2fceb8411;Type garder apparaître autre an officier.;7;99;PDF;ARCHIVE
2bf10bb1-be9c-4b9f-b603-2bde35f85360;56d5b9fd-c007-4210-be8b-3f7af57127ca;Creuser avant sol étranger oeil.;3;144;TP;BROUILLON
2bf10d0e-00c4-4744-bef8-476b17a40bd0;6b930f7a-027c-45ba-8d55-0965da61eab9;Membre inviter on.;18;85;Projet;PUBLIE
2c2fb478-23b9-4bc5-8bcd-b6ed69c88cb3;e8634c7f-f7c4-4af6-b16c-5f120bcd03d8;Preuve moyen glace reprendre.;4;173;Projet;BROUILLON
2c4bc84e-9b9d-46d1-8770-53e35f7996c0;8fec452e-eb40-43d9-a150-0283d3e7932e;Demande classe dent.;6;54;PDF;PUBLIE
2c4da10f-ad20-46c4-bd98-838db18ea612;b03a6379-6e04-41e3-af6a-3fdb79a74b26;Événement fruit sans respirer.;14;72;Projet;BROUILLON
2c501e89-a6c0-44da-9d2f-551d870b0c33;ca655c4b-94c0-4077-811b-3ec128ac4d83;Second recherche croix entendre tête nécessaire.;4;160;Vidéo;PUBLIE
2c81da54-2567-49f8-b7ee-fbe846eaef38;201b93b0-dedc-4834-a093-0bd52e41283e;Prêt prouver bête.;14;118;Projet;BROUILLON
2cb8a9a4-affc-43d9-b061-c8780b15e702;ffb99c6e-03be-4dcf-a408-17449a8dbca1;Environ nerveux quitter cependant.;1;179;Vidéo;BROUILLON
2ce19360-2f69-411f-a219-0f3047c174b9;a44f2fe9-11d0-4abb-ad40-7fb8da8afb29;Oreille intérieur placer.;4;60;TP;PUBLIE
2ce9ed5f-3c8a-4877-aab6-36f48a1d4b79;65ad3315-449b-4bec-ab84-5fd9a3a51dad;Chercher répéter terminer nul inquiéter verser.;9;25;Vidéo;BROUILLON
2d4880f9-d0fa-46d1-982d-6757e272135e;0e55996b-180b-4a8e-b713-b0e5b95f5599;Bleu chaise prière expression quelqu'un.;8;81;TP;PUBLIE
2d9a1fa5-f959-4fae-8f03-dc2a42e4d922;4d5f4386-af0a-4b8b-9da3-df71dac50cdd;Quand charger obtenir vue repousser tendre.;15;97;Vidéo;ARCHIVE
2db8e03a-1fae-41d7-a805-f272b5ed8416;b455eac8-c1a8-45e2-8e2e-837b59b3ff84;Peuple rapide connaître.;12;81;Vidéo;ARCHIVE
2dc811f4-ab2c-4da3-b474-826491e35e34;c63ccba7-bdab-4dc0-81a1-4c4bb2cd5971;Doux puissant paupière devant politique être.;18;163;TP;BROUILLON
2dcdfedd-4a51-43d3-a211-f8acefdc835b;f90953a5-7a21-4b58-96cc-3902d62a3167;Toucher respecter autour.;7;81;TP;PUBLIE
2de0ad2e-e29d-4284-ba77-82db31447e1e;a561759e-3513-4450-917a-26d20b30ba32;Dernier devant rentrer.;10;46;Vidéo;BROUILLON
2de94d78-8d8c-46de-97c8-73ef0eaf6916;9209fd2e-a48f-4707-85c7-6afb79242c95;Coup tapis temps sein.;13;60;PDF;PUBLIE
2df1b9ad-9024-48e4-9aa4-c76161155702;25c792f0-e404-4379-8fdf-9a6ebea71c33;Choisir dernier est libre.;18;92;TP;BROUILLON
2e66911a-fc69-41bf-b12e-222fed029c30;0cd4b40b-c112-4142-b444-dae3669daaae;Voisin second trente combien tombe.;7;84;Vidéo;ARCHIVE
2ea28656-be9d-4cc4-9120-3a5d35360880;31a6fadd-ab99-4f8a-9518-d51a7a67bb15;Vision accompagner supposer ruine.;7;38;Projet;ARCHIVE
2ecc325a-6fb8-4649-9bc6-524c5a97c310;433dc043-86dd-42f3-99a7-d941a6ea6d2f;Principe admettre puis.;3;164;Projet;ARCHIVE
2edb2f2f-a169-4cc6-885f-5f4197685c4c;c2ffef10-5b5d-4871-a272-8ad260a6ccf2;Puisque voyage noire.;5;72;PDF;ARCHIVE
2f0cc969-14d1-4e15-acc6-7475cc1ef165;5083e3f6-0de6-4ff6-a2b7-650b0abc1f39;Science fatigue ici réserver lieu.;5;105;Vidéo;ARCHIVE
2f0e328b-d3a3-4acb-a6ba-0419622b6df5;4c879988-e98c-490a-b8d3-85095e2e6019;Moins respecter frère lune.;15;180;Projet;PUBLIE
2f59dffd-3adc-44b2-b034-52654e459868;55776b6a-be16-4776-949e-5c485bf1e579;Plus condition remarquer goût.;14;53;PDF;PUBLIE
2f7e1032-8da8-40c7-84fe-c0f9421edbaa;9d722162-3c3c-4f24-b722-a8b88faebc4a;Oeil considérer pousser.;18;124;TP;ARCHIVE
2f961e8a-7386-4c38-b0d9-e41defc69688;48e32488-4439-4818-a6da-7ddf0f48a813;Disposer arrière médecin frère.;2;21;PDF;PUBLIE
2f96285c-2dd8-4f77-86a3-28c6dd5cd3be;92114999-547a-48fc-9dd4-e28ab433f731;Matin occasion recommencer user cheveu.;6;157;Vidéo;PUBLIE
2f9eac5e-a935-4eb8-a98f-ddd57ebe961b;1efb00e9-3d9f-49b9-9102-67eab3377383;Devant reposer où.;20;14;PDF;ARCHIVE
2fbdfd7f-aaaa-4ac1-90da-7fca3fc7cc7f;55776b6a-be16-4776-949e-5c485bf1e579;Transformer enfermer faible tant échapper.;4;5;PDF;BROUILLON
2fde6f21-8de0-4977-8df3-1d4cd385e264;fbb71b71-7c25-48c4-96d1-2edf72e4ae57;Saint élément travailler.;15;107;Vidéo;PUBLIE
2fe32fe4-9acf-42fe-94d9-e0823cfc1e0e;10fe3f23-c7e3-4d9a-a8e2-80f51297aa9a;Importance tenir delà frère.;14;24;PDF;ARCHIVE
301e1873-b761-4fc0-b9b5-5b83e35f6eb7;59cd40dd-5875-452b-88fc-56c00ae2b81d;Voisin million accomplir proposer fortune auquel.;19;168;Projet;PUBLIE
30420ea7-921a-41d9-a9c8-304abbb2b080;4ed465b8-5fdb-4a53-a965-a8040f198d6b;Large respect vêtement.;3;71;PDF;BROUILLON
305055c9-fea9-4a80-8eed-320399a52b82;60ffbe9f-5e82-42d0-bdff-531780eb9302;Gris fois bas bien heureux.;15;111;TP;ARCHIVE
30b65068-8ee6-458c-a722-3cbf9a977c93;f5cc0f2d-5ff0-4ee0-a236-eeb20f0553d3;Discours honneur bien.;16;51;TP;ARCHIVE
30c677df-66fc-4cf8-85c4-32f14f6f0bf3;ffb99c6e-03be-4dcf-a408-17449a8dbca1;Très bas secret crier fou rompre.;16;170;PDF;BROUILLON
30e2e3bd-53ba-4f67-8093-6c2b958649ba;b215c026-953a-46dd-aa40-efa1e1099b93;Briser vent dos danser.;16;83;Vidéo;BROUILLON
30e33ccb-f00f-41fb-a161-4a5c448a85e8;43e848f8-2284-4076-a227-16ff6fe9ea5c;Animal interrompre crainte éclat jour.;11;57;Projet;BROUILLON
30f02323-c0b9-4da9-bb64-8c82de344f7a;d021f41b-400f-43d7-9049-469e169594a9;Prêt temps distance événement aile.;5;47;Vidéo;ARCHIVE
313caeb5-5425-4243-a4d9-5e9e5792bb0f;732a11ed-82c7-4642-8934-4ade833bdc69;Brûler causer qui remplacer.;4;143;PDF;ARCHIVE
3150cab9-b765-4a25-89dd-0a70579ef543;b2bdf395-7077-4831-8d2e-d571731b20f7;Chef guerre devoir justice surprendre tout.;10;16;Vidéo;ARCHIVE
3180d49e-0aeb-4997-a25e-b7b7abe8ab1b;b2d75a90-628e-4844-84a6-9ce4b56a18d5;Faim fonction marche.;19;101;TP;PUBLIE
31a6ca9a-3b81-4c2e-b92e-de4c2460a4ea;c1f6a168-ca16-404d-bed7-dd3bd729ee05;Préparer tombe conduire observer inquiéter attitud;10;136;Projet;PUBLIE
31ada668-7d96-43a4-99de-15bfd26409d2;389bcfe3-c88b-4ed3-89d6-ab7827855c1e;Histoire certes seconde monde lutter parler.;12;28;TP;BROUILLON
31b77733-293a-47c8-8f35-395ba577272d;50479fba-2b69-4bac-8187-de97a2d41322;Geste ignorer répondre découvrir rapport l'un.;9;56;PDF;BROUILLON
31ce5fd0-02de-4abd-9eef-4eec2f5546af;c1b4dbe3-348f-410c-93b3-74238de24b4f;Livre certain figurer fort réalité entendre.;5;166;Projet;ARCHIVE
31dd9671-395f-48b7-856c-62b8897336cf;55b29d6d-708e-4c26-b066-15a92de92d07;Large respect vêtement.;10;22;Projet;PUBLIE
31fb1746-31d1-44cb-9c98-d761df28ea51;357d39ca-2c5f-43d7-9e45-55486b7e125a;Mon effort on aider aspect haine.;19;134;Vidéo;PUBLIE
32145d13-43f2-49f1-b8df-65eb84e3c90d;25676fcb-9e5b-4127-af6d-98acc901e582;Accrocher terre jusque serrer intérieur attaquer.;11;117;Projet;ARCHIVE
322e68fc-1887-467b-8f0e-1a926ec146e0;e7e16162-157d-4843-bf66-5fda8e09bf53;Le nourrir oncle bien effort.;18;125;PDF;ARCHIVE
322efaf7-76df-4550-b16b-c34233a22f74;bb81b7df-21f9-4cd2-a1f6-5bc8805a7494;Goutte quart sentiment me.;12;148;Vidéo;PUBLIE
324c124c-864e-495a-808b-72200f1e67cd;08b2fc02-7da9-4ff0-a9dd-470a33a9403a;Parler construire musique loi disposer.;4;47;Vidéo;PUBLIE
324fe1c5-488f-480a-a005-2af861e6bb80;1b07293c-223a-4fec-81c7-eec64914a80e;Étranger ainsi que caresser rompre.;12;5;Vidéo;BROUILLON
3276a8d0-81d0-432e-912a-2fd8c35285ac;b87e74a0-4dce-4ba8-80f0-260ed2d6311b;Brûler vert comment joindre empire bande.;16;140;Projet;BROUILLON
32842aae-25fa-4e7e-a15e-dd05704ccf5c;6fb9351e-4243-4e4d-a810-90bd4c053bfd;Charge morceau terre.;11;82;PDF;ARCHIVE
3292d16f-3b43-4ff6-8f2d-01b45e8fc8cf;aaab2b5e-8423-4318-ac9d-cf9f63a13477;Joie impossible nouveau ramener demande.;2;51;TP;PUBLIE
329baff3-c130-422d-ac52-82c21336db37;72c5c0e6-ac1e-45e6-8817-ebcb01ed6e72;Nommer vers fine.;7;112;PDF;BROUILLON
32c96fb0-ef25-46a1-af83-3ebfeacd1a95;7f75d723-d18d-4599-b3bb-d6bdc41b9914;Minute terreur exposer.;11;127;TP;PUBLIE
32ed3446-7eae-4b43-a874-82f364b99e01;533435c5-165a-4320-9901-228d85ec90f5;Tendre de exister mince garçon penser.;16;163;Projet;PUBLIE
33263c9f-a6f8-4450-a06a-679b3f6471ad;d44c140c-a45e-4ac9-b825-57de5355dc50;Résoudre saison couvrir sourire.;6;176;TP;PUBLIE
3369e4ae-66e2-46b8-b6ad-0a2fe24cb087;25676fcb-9e5b-4127-af6d-98acc901e582;Pluie fin or disposer.;9;45;Vidéo;BROUILLON
337036f3-0576-475b-8e37-8d8a01e9235f;d1b3644d-d3a4-438a-bbd8-96ba8ccbebee;Face tendre faim.;15;42;Vidéo;PUBLIE
33b7b65a-6fa9-4aa3-a960-63e9456a69b2;601f37bc-0463-4774-a93a-be772a2c63d0;Place écrire te vieux debout on.;3;162;Vidéo;BROUILLON
33c92fad-fe8c-4793-b45d-84ac055ebb6f;e74954a7-9fcf-414b-8e31-ab75ae5c820d;Après simple crise vieux.;9;156;PDF;PUBLIE
33dc8b95-0949-4bb7-b976-7042f2a59ce1;a4c90a2a-c8ae-46ee-a525-7843252e69b0;Traverser fort autour.;11;115;Vidéo;PUBLIE
33dca22d-3d8f-4464-8304-c8c333e44a15;d8798fc2-c35e-4455-ac6d-a9da56c4cd41;Plaire angoisse déposer choix.;6;29;TP;BROUILLON
33ec9371-4621-4501-82d0-b08c92154aa1;125b2e5a-aefb-4f3b-b4b3-732b783efbef;Voisin sec frapper porte condition.;3;103;Vidéo;PUBLIE
341b9420-77a7-4893-90dd-53fcdb4ee331;2a11d88e-a772-4f32-a34d-4ed3133c2da0;Pourquoi retirer éteindre.;13;108;TP;BROUILLON
34338e15-54c3-4e50-afad-ea2656b569f6;601f37bc-0463-4774-a93a-be772a2c63d0;Tourner hier garde menacer.;4;22;Projet;BROUILLON
344bd162-4ede-4b88-b029-334a0e25a9ee;55fb6fd4-d323-40f4-8fbc-5cbef2740f47;Conclure surprendre voler absolument place.;3;129;Projet;PUBLIE
3470c71f-1f46-47ce-9367-f661882cc261;86272396-798c-4ab3-a5bf-12114e9fd01a;Droite note dur public.;9;142;Projet;ARCHIVE
34856445-5eee-4232-999b-432c1d82e41c;bb9172d0-ce0c-4c50-a387-d5d19f9ba0c4;Décider sorte chat.;2;78;PDF;PUBLIE
34ad77b6-accd-432b-8a29-abaf06b42fd6;bc1dcd1b-2892-4353-80ee-f310f6fd137c;Confondre vol créer remplacer caresser noir présen;10;179;Projet;PUBLIE
34e13f0c-c49e-48af-9901-60b516650c10;7a8a60ee-066d-4e21-ad7b-ad4dc90a6f90;Avouer que pousser.;11;117;PDF;BROUILLON
34f40991-2317-48d0-a49c-82cefea5eb3a;892a8957-701c-4d0c-9c6d-ae931594cce3;Montrer autrefois toit écarter.;1;20;Vidéo;BROUILLON
3514f9ea-aaaf-4168-824a-8fd34171ae16;1af00fc0-ec97-45be-b07c-4104d2d3b894;Recueillir défaut pareil est rapidement.;15;173;PDF;ARCHIVE
3539671c-7578-417e-bb6b-d49ee0bc0e6c;a4e12bfd-c7e9-4dc0-bb75-0355e5fa11da;Désir craindre officier unique mille.;14;71;TP;BROUILLON
35a4e528-0907-4bf1-af32-b3cbdb5ee231;ca655c4b-94c0-4077-811b-3ec128ac4d83;Vêtement coeur matière charge.;4;164;Projet;BROUILLON
35b25ed2-fa8f-42db-ace4-5a78e7437f11;e10c1e20-34c7-4f91-a23c-8d809ea0dbca;Poste résultat main.;9;154;Projet;PUBLIE
35eb4e17-aac0-41a2-a192-c6cd8c39fdb9;43e0678a-5e5a-4e51-acc3-83385fd44c4d;Inspirer presque inutile le chez.;20;180;PDF;ARCHIVE
36517514-ac7e-4191-988c-489395684f31;56d5b9fd-c007-4210-be8b-3f7af57127ca;Force appuyer connaître.;5;164;PDF;ARCHIVE
3658f811-85c4-40e3-b0b9-c8a0c1ef79ec;f7583d3b-f778-4995-a9a8-99057fbaf739;Matin occasion recommencer user cheveu.;11;22;Projet;PUBLIE
36b50f34-c976-4bd5-8bb6-cd1ef46bc5a9;4ed465b8-5fdb-4a53-a965-a8040f198d6b;Refuser traverser vite madame maison.;16;29;Projet;ARCHIVE
36ea7c98-135f-46f0-9ed8-1018fc4f7d4b;080bee8b-413a-4187-8a56-d5da07645068;Poste travers sujet fruit eh mourir.;1;103;PDF;PUBLIE
36eb766f-8d08-4b1d-ab71-b052723328db;9327c801-bbe7-4e6a-98dd-7ef798a4063d;Caractère fixer lentement soirée compagnon diriger;11;166;PDF;PUBLIE
3706ea4e-bf00-4c7c-addc-7d3143ade294;cd58cc7b-c697-4011-b1f8-5457714fe0b8;Quartier voyage hors chasse.;19;180;PDF;BROUILLON
37143099-35ef-41bc-bb99-a1c42db0337a;fa66f362-b15d-4d2a-ad52-494e7a89caab;Homme chute comment.;4;74;Projet;ARCHIVE
371471f7-8c54-4635-a1ed-df977a83a171;49345ead-0986-466b-adff-4e6bfaf00c79;Mieux recueillir plus.;7;94;PDF;ARCHIVE
372a59fe-b805-47c0-b171-73ba0998ec60;b87e74a0-4dce-4ba8-80f0-260ed2d6311b;Obéir effort déjà dessiner entre renverser.;12;107;Projet;ARCHIVE
373a8613-c7f5-4af6-87d6-ce005fbb6666;a4e12bfd-c7e9-4dc0-bb75-0355e5fa11da;Ramener effacer devant retrouver.;9;51;Vidéo;BROUILLON
3741b7c5-22bb-44c2-8fd6-9679fd30cc42;12db617e-1854-4962-b440-e24e7a536e12;Déchirer campagne jeune.;7;37;TP;PUBLIE
37b864c8-0b05-466e-ad93-35188456fe8c;8fec452e-eb40-43d9-a150-0283d3e7932e;Santé long événement poche remplir.;8;75;Projet;ARCHIVE
37c14507-1feb-4b38-97da-d6c4bf505bd4;bdfe72c1-9816-4ac1-9db4-e629a22f73d2;Herbe repousser angoisse voix mesure.;20;112;Vidéo;PUBLIE
38252c39-f7cd-42c8-a9e6-5f9c5a079ca9;67e10fa4-425e-4820-8231-36122c2ec0ba;Demande classe dent.;16;15;TP;ARCHIVE
3826163d-94d2-45ab-9dee-6b4292af0ce0;b254f8a4-5e60-44cb-b052-85c774bf4c90;Baisser centre rouler cerveau moment.;17;108;PDF;ARCHIVE
383ae274-863c-4e8e-b80c-aaa43212d0ed;b4a680fb-456b-40d7-82b0-5b8b710911ea;Victime montagne note chasser beau fuir égal.;16;111;Vidéo;PUBLIE
385a5e7d-639f-4ef3-a24f-5f5edf6d2791;05eebb4b-2ff6-469c-bdfc-77e585ac378f;Revenir plonger produire.;5;82;Projet;ARCHIVE
385c808c-9ff3-4e53-873c-4b8b07e157f5;fc664988-9989-4e09-9dc4-b351bdd2cf71;Inutile sac père.;7;85;Vidéo;ARCHIVE
3863b494-c94e-4ec7-89ba-a6d17cb39c46;7f75d723-d18d-4599-b3bb-d6bdc41b9914;Fou quatre dessiner roche pensée.;10;147;Vidéo;ARCHIVE
386f3172-0dc9-4d29-a406-4be878b31b24;d835e1ef-42df-416d-9120-9b7509de6b4c;Vraiment curieux sembler croix journal.;3;97;Projet;PUBLIE
3871acb4-e050-42a3-ae88-931b7ee54d7c;f94b48a5-8a7b-432d-b34c-a4f8316d8edc;Aider moindre établir entier chercher découvrir.;14;30;Vidéo;BROUILLON
389c99ba-3196-4ed2-8b1d-3cf45c88e53c;4e7ae899-bfb2-49de-a024-4c652d54bd46;Homme presser se important fermer.;7;151;PDF;ARCHIVE
38b0d6ae-2bc1-4bc7-ae36-9807624cd4b9;b8bd693a-e805-4fdc-a45e-d270378798a1;Raconter tapis acheter préférer comment.;16;126;Projet;ARCHIVE
38b15aa6-9e9c-45f2-8230-f91eea1084e7;685e7caa-ffbe-4505-82bd-0985af0c3c6f;Cours embrasser dur son matin.;2;173;Projet;BROUILLON
38b71577-b53e-498b-8711-f35f6d41b3f1;a176d678-bab7-405c-ae8b-109b0fb415ee;Décrire déjà présence pousser.;3;81;Vidéo;BROUILLON
38e6d0ff-18fa-4ee3-a70f-c7c6770e33a4;af44ed5d-9c47-46fe-803e-2c620d25641a;Durant plaisir réalité ramener.;13;101;PDF;BROUILLON
391dccf8-bf50-4226-aac4-abe828aaf862;ab31bfdf-23e0-4b62-a20f-5951365aabb6;Papa sourd trop respirer presser toujours.;20;141;Projet;BROUILLON
3921bf9f-a953-47fb-a5f7-54d8bcf91fa3;bfc907f2-0722-4b33-8ec6-88a7d947af26;Pouvoir dehors avec résister.;5;123;Projet;PUBLIE
394d4684-3d9f-4f9a-a98c-6f9dccf3340c;780ed4ac-305c-48fb-862f-f03770abb0b6;Agiter mettre visage appuyer endormir.;12;46;Projet;ARCHIVE
39602f69-57e6-4c96-bfa5-e80a17b87c1d;61941af0-1fd3-43f3-9704-dcec179c494e;Amour sourire vous un devoir demain.;7;63;PDF;BROUILLON
3978b6df-1a7c-4fe6-979c-f40ee6511172;d8798fc2-c35e-4455-ac6d-a9da56c4cd41;Inventer terrible force journal poser beaucoup.;6;153;TP;ARCHIVE
399acfa9-beec-4f88-b49f-246a5a67b5bf;9e826b0f-fb17-4aa1-b105-cf6eb7fe2b03;Je vide que grave source.;18;119;TP;ARCHIVE
39d28c50-e9ae-46ec-b6ce-d56a17b56730;6feb8fde-e05b-45bb-8735-5b101de3fed3;Retourner son pierre.;16;132;TP;ARCHIVE
3a00686e-7ac5-465e-991e-392ff32371ad;c1f6a168-ca16-404d-bed7-dd3bd729ee05;Supposer combien idée vrai.;4;147;Projet;PUBLIE
3a036ce3-0fba-444b-92ce-c4cc775513ee;10a43e80-a31c-4ae5-8827-ab51da214918;Fusil tôt folie installer presque aimer.;2;57;Vidéo;PUBLIE
3a4311ba-fc75-48b6-9ef9-294da9a98be3;b3846d3b-0ff9-4a7e-a866-72baa8e1bef7;Joie doute moitié souffrance.;17;180;Vidéo;BROUILLON
3a56e5c4-41e5-41cd-82c8-e99858c54c6d;780ed4ac-305c-48fb-862f-f03770abb0b6;Vérité heure plaine révéler assez joie.;7;103;Vidéo;ARCHIVE
3a5ec799-c2e1-4c88-bf5a-9ef193d39768;ceda6435-4f76-4d1f-9d62-19a80a5178ba;Faute prouver plante poser signe madame.;18;107;Vidéo;PUBLIE
3ac30f79-ce7f-4193-adfe-02e4f3364a75;31a6fadd-ab99-4f8a-9518-d51a7a67bb15;Selon capable arbre.;3;40;TP;ARCHIVE
3aca9091-6761-4638-99a7-080ae39f830b;48e32488-4439-4818-a6da-7ddf0f48a813;Joie appuyer admettre haïr nez toile.;4;17;TP;ARCHIVE
3afe5eed-2bd5-430d-a4ab-7ef62899d09d;b10a5096-fa6b-4f33-94a1-e52901cf26cc;Croire mari fixer général reprendre conversation.;11;140;Vidéo;BROUILLON
3b286136-5738-4fd8-8d21-ed3955cafa00;b735c791-cb58-401f-9da5-d0d98834f712;Hors an salle reposer.;2;59;Projet;PUBLIE
3b3472c8-5b7d-437f-9bca-2ee191d78fdc;ca655c4b-94c0-4077-811b-3ec128ac4d83;Frère offrir naître midi gens fidèle.;7;102;Projet;BROUILLON
3b88183a-5518-4a70-958e-029b298d4eb0;f11b67a0-03e2-4b2f-a4c9-07e0ddbadc38;Devant souffrance consulter.;16;151;Projet;PUBLIE
3b8bca88-9c3c-489e-b568-6d8b1924b341;0b643ce0-fe74-43cb-9f89-fe82097a037e;Attacher honte déjà avant.;15;65;Projet;PUBLIE
3b9ac18b-804f-47cf-87c0-1062b4fce132;125b2e5a-aefb-4f3b-b4b3-732b783efbef;Autrement été petit affirmer rond.;9;115;Projet;ARCHIVE
3bae1fac-3e2f-4067-97cf-0feb1c365a04;442dda73-ba23-4d5a-9cb6-7766c6772736;Capable moitié remplir accepter.;6;97;Projet;ARCHIVE
3c19d9ea-43a5-4877-b126-b52f466712d5;01d41e51-6ab0-4e31-a850-9b07b9cf8c2a;Simple haut attention titre livrer si.;11;156;PDF;BROUILLON
3c677bc4-59e5-4d56-880d-715d8d6b3324;9cc95d32-9fcf-4cd5-b4a5-badb0e5e1641;Enfance ruine avoir inventer guerre enfoncer.;16;55;Projet;PUBLIE
3c6ddbeb-09f7-4542-8853-df36acfd16f1;41948544-1455-457a-b9b0-903c08603120;Oeuvre docteur résoudre exister éprouver enveloppe;7;170;Vidéo;PUBLIE
3ce0beae-66bb-489b-9431-d8a21bba2aa4;4dd3241e-7fb6-4118-abc2-cdf082d307bb;Attacher honte déjà avant.;20;40;Projet;PUBLIE
3cf0ef10-5234-46b9-a019-e25e806d7aca;bfef5735-2921-48a1-9b63-c630da94c826;Oh fumer faim crier note.;16;10;Projet;ARCHIVE
3d1836cb-f95b-4873-b4c0-ff41d7d6a324;ce11a6f6-7a90-479d-b2a0-7a997b9c17ac;Grâce pendre remplir cerveau cerveau faux.;5;51;Vidéo;ARCHIVE
3d4c3a8e-4187-4b48-8304-569d69b7f18e;7d05d623-27a7-4133-8ea1-0e275e1b43de;Tout travers mêler.;10;63;Vidéo;PUBLIE
3d5471c5-ce9d-4d57-a913-df5b96af6e4f;dc3c5e6e-307e-453f-a3ba-30ab585ac217;Midi nuit oncle.;18;90;PDF;ARCHIVE
3d6d5922-674b-47c2-a06f-f1ffab5a4f86;c1fb0227-bbef-4062-b9f4-36d7ce48113a;Second charge doigt société or mêler.;18;107;PDF;BROUILLON
3d7522c5-c46d-459c-9e1e-7dce6b0bf115;da563ae7-3c4f-459a-9e76-4e700bda46e0;Conclure action auteur sec.;10;132;Projet;PUBLIE
3d8f6cf2-96f7-4681-96f0-d22ac2351ef0;a176d678-bab7-405c-ae8b-109b0fb415ee;Appeler attacher remonter figurer.;20;107;Projet;ARCHIVE
3de0ab81-b712-4ca2-a037-75d95930e73b;5083e3f6-0de6-4ff6-a2b7-650b0abc1f39;Sol poitrine faveur.;18;66;TP;PUBLIE
3def9ee9-a235-4502-8eed-d958e2ada555;08e9f8fb-431e-4075-b7cc-a05be016687f;Soumettre beau serrer ça d'autres dépasser.;4;51;TP;BROUILLON
3e5f5450-b572-46ef-bae6-a0b86b9af0bc;08e9f8fb-431e-4075-b7cc-a05be016687f;Drôle rejoindre relever nom moitié.;8;48;TP;PUBLIE
3e877391-515f-4597-85ec-8bb8afa5a78e;da563ae7-3c4f-459a-9e76-4e700bda46e0;Quatre courir sang monsieur compter travailler.;7;43;Projet;BROUILLON
3e8b8de0-c2ab-4487-917e-117bdd6849f8;42690b89-dc14-4347-9a8d-a8b6fcbfd6de;Compagnon second point bas du convenir.;3;64;Projet;PUBLIE
3ec14168-70a0-4326-af11-922fdee17079;e75bb566-4dc3-4dfb-ba22-724d06948661;Danser cuisine secret.;15;160;Vidéo;BROUILLON
3f065f1d-bed1-4047-a104-7d635c045bc3;d810fef9-a3cb-4a9b-9817-2d42cd42608e;Chiffre chasser usage droit.;13;132;Vidéo;ARCHIVE
3f0777f1-fa44-415e-8520-af737711b276;e96917f4-dd18-4c4b-9111-f909713a08bd;Projet pied subir pleurer satisfaire.;8;96;TP;BROUILLON
3f086ada-bf78-46d4-893f-c6e13cba7dfd;3a257419-c8bb-4aaf-b6f8-8260281521a2;Annoncer couche autre moins.;14;132;Projet;BROUILLON
3f16d8a7-b519-4a9f-85ff-5852b448528e;b3846d3b-0ff9-4a7e-a866-72baa8e1bef7;Époque chose triste vision.;18;149;PDF;ARCHIVE
3f5080e1-456a-4e25-85f5-af982e39f973;2d15cb34-e7c9-48df-905d-1f76c12b1a02;Ni devant existence serrer veille.;18;133;Projet;ARCHIVE
3f893127-556c-420a-a3b1-b984230ab937;72e46422-33a5-464d-9fb4-b04f01cfd011;Selon objet commun couche vêtir table.;18;140;TP;ARCHIVE
3f9d1172-475b-4aa9-a1fb-cc55777b277e;ae5525a5-af7d-48ea-b446-0ea93b366874;Vrai autant représenter commencer lui.;14;77;Vidéo;ARCHIVE
3faa1439-482e-4fd9-80dc-81e7cc5e0bd9;12db617e-1854-4962-b440-e24e7a536e12;Douleur condition demander finir.;19;49;Vidéo;BROUILLON
3fc878c4-bdb5-47e5-866d-b5ac9e2b4714;a03ce9d2-337f-4c9f-969a-af4cf3b6d43e;Attacher honte déjà avant.;7;142;TP;BROUILLON
3fd5407e-03fd-43da-b2d8-304f9dd0b998;efbd0add-9a68-4814-a89d-fcc3cdee8ef1;Portier devenir montrer.;6;49;PDF;BROUILLON
3ff58102-282f-4d7d-9941-e8e0ae3ba111;d81ad7b1-1a9f-4ce0-a27c-b57e5210a13e;Éprouver est tout.;1;83;TP;BROUILLON
400b7a2b-9388-4ebd-9888-dd2de9112451;d066fd41-cf72-46dc-ad14-256c1e9cba5c;Désespoir signer tantôt camarade larme moi.;19;142;PDF;ARCHIVE
401b744d-783f-49aa-951e-6fa7b2ac1dcb;2b8081d6-c3d4-4878-af31-52c7408c43f1;Descendre exister par joue éclat ah.;8;89;TP;ARCHIVE
40984e71-f7d8-42e5-9777-f6232a93e819;0311fc51-8dfb-48a2-ac8b-20be7636416d;Cour armer tourner valoir énergie.;10;124;PDF;BROUILLON
40bbd20b-a498-4767-8bda-2bb38a32c508;067c73eb-23cb-4cc8-961b-34a18b05102c;Monde produire souvent.;12;127;PDF;ARCHIVE
40d745ec-012e-4fc5-8c9c-9fe086381945;a977d5a8-191c-4f7a-ad5a-3177272ef9a8;Inutile il pas prévoir répéter.;13;74;PDF;PUBLIE
40f8989d-fe3d-4de4-98da-f5e66499e719;2d15cb34-e7c9-48df-905d-1f76c12b1a02;Heure votre joie tout.;11;146;Projet;BROUILLON
41114c4f-c1e4-4ff9-8b39-5aeb437da94d;db584745-6c3d-41cb-9583-bcc6de8cdefe;Nom loi conscience.;11;116;Projet;BROUILLON
4120c637-32c2-4a8e-8695-842c602dadc3;e10c1e20-34c7-4f91-a23c-8d809ea0dbca;Être sous produire.;19;114;Projet;BROUILLON
4141f8f3-c79e-4d9e-9d5c-f16653164373;eb79ea68-9ee1-4fe6-a037-d08698d22f0f;Maladie bataille note dieu étendue.;2;36;TP;ARCHIVE
414f0a7e-6b1f-475d-bb64-44bb99d94628;442dda73-ba23-4d5a-9cb6-7766c6772736;Barbe lien rejoindre respecter seuil.;19;118;Vidéo;PUBLIE
4156671e-4c5c-42a8-9176-c5a8e3b7c13c;22e2425d-0fe9-496b-be24-5dbce616e137;Ne branche appeler écouter.;7;49;Vidéo;BROUILLON
4162b237-d85d-4f72-bcdf-cf38711842ba;3be53ffa-cfca-4e21-adc6-17f020a8e5a7;Nation absolu cinquante mince tout.;11;20;Vidéo;ARCHIVE
4192827f-b557-4c1c-92b1-96a3493c68a4;defce9a4-b618-410a-a8e7-49b1a51e3b11;Enfermer secours eau marchand événement clef entre;15;40;TP;BROUILLON
41a02b28-35a8-42da-9df4-982b7a078f39;8e2d0e25-32b6-45f2-96d8-af495d115257;Emporter moyen troisième celui former.;9;19;Projet;PUBLIE
41bd6494-4547-4247-8c8f-adcc807d076a;0d77fa38-86ea-446c-ba14-1ba8d9ec47cf;Vent beau étage.;11;62;Projet;PUBLIE
41dc7dfa-e0ae-4848-93e5-d899f5f205bb;951c61ba-fe23-4ed7-adbf-3b629516dd19;Devant sien désert monde.;20;98;Projet;PUBLIE
422fa097-004c-405a-b495-833b01b4ae38;3cfcdaca-c30a-42f8-8f42-aca4b16f48fc;Demander etc appel voir.;14;54;Projet;BROUILLON
425c004f-6278-499b-a9cd-c5111c6d84ba;accc4ee2-96dc-439c-a519-42a224f3235c;Envie paraître branche occuper poser précis.;11;40;Vidéo;PUBLIE
42900b25-966a-4604-981f-acb8389d9b0c;2ca40a2d-0d3b-4c50-8760-e89b5066a8ca;Paquet terrible or crier.;15;54;Projet;PUBLIE
429ba32b-1024-42a0-a709-a412caaa4906;180b8b08-124f-48ab-a99a-f30ea7dc2f52;Tache employer as certes fumée état.;7;116;PDF;BROUILLON
42c8ae77-04ae-444f-a20b-505545eebffc;902f2858-125c-452c-ac05-3dc8a198a43c;Jeunesse intérêt déjà pierre tour.;13;64;TP;PUBLIE
42ffc391-7334-4481-bcd0-85e2c6b0b232;0db259ad-b62b-4aa3-b725-04a2a0a915b0;Cher éloigner habiter agiter.;1;87;PDF;BROUILLON
430e1691-288b-4439-9b02-de40acba6f0d;31a6fadd-ab99-4f8a-9518-d51a7a67bb15;Même calmer cinquante.;8;35;Projet;ARCHIVE
431615d0-0e3c-4c51-8dd3-afb49213c7b8;90d8e9fa-24c4-4897-a066-59fe880f90ea;Léger beau détail amener avancer hier.;15;159;Vidéo;ARCHIVE
434244f3-b327-4114-983f-15a4171c5041;150baf1a-ae7d-42da-9d94-465b0a08c9d8;Comme paraître important supposer fait.;11;67;Projet;ARCHIVE
43497996-0e43-455b-b7fd-9c6c3441730d;59cd40dd-5875-452b-88fc-56c00ae2b81d;Plaisir tapis regarder glace.;14;64;Projet;PUBLIE
435a39a8-96d8-465d-9049-e31e8aee9a9c;ab31bfdf-23e0-4b62-a20f-5951365aabb6;Depuis pauvre chute.;12;141;Vidéo;BROUILLON
4395cf7f-3d0b-4991-906a-8c220f270f60;e10c1e20-34c7-4f91-a23c-8d809ea0dbca;Geste bas accomplir droite fonction même.;8;150;TP;BROUILLON
439a2658-7215-44a3-857f-db8471a9cecf;43906f4c-3bd3-48ce-99f9-3237d6308e8a;Lier franc toi rejoindre un plutôt.;20;100;Projet;PUBLIE
43ca150e-61a3-4cc7-8a01-ed711fe8e003;714fb6c9-c3a5-42af-b6ae-7634bb712cb4;Pouvoir soutenir égal autorité voix.;10;110;PDF;ARCHIVE
43d1ad30-bc00-4c4e-a19d-7e3ac9b081e9;25676fcb-9e5b-4127-af6d-98acc901e582;Ministre silence décider.;18;152;TP;BROUILLON
44325ac1-d37d-49d9-9c58-820e23c201f0;bb5a710a-3432-438b-b8b1-9c1cf24b5bdc;Compte bas prier compte.;13;138;TP;PUBLIE
4454e679-9fcb-4241-a50e-180ba0d30416;6b930f7a-027c-45ba-8d55-0965da61eab9;Parti mener inspirer courant.;7;160;Vidéo;PUBLIE
4462f8b4-43ea-4345-b8c4-07d3f91a97e5;90d8e9fa-24c4-4897-a066-59fe880f90ea;Passé fil achever.;6;140;TP;ARCHIVE
44b7877c-3c99-4297-a89e-63c0f3c00158;7f75d723-d18d-4599-b3bb-d6bdc41b9914;Mensonge oser sorte loin portier.;5;39;Projet;ARCHIVE
45679460-3785-4ed8-a5b6-414817dac1d8;bdfe72c1-9816-4ac1-9db4-e629a22f73d2;Médecin encore fixer endormir créer bas.;2;107;PDF;ARCHIVE
45681588-737e-426b-956b-05630d68e6b8;d3252caf-467c-4ac0-8433-30b3dcb1fc1d;Absolument asseoir crise depuis.;17;125;PDF;BROUILLON
45c5a4a9-4a23-4c21-af0d-22dcdda73936;c1b4dbe3-348f-410c-93b3-74238de24b4f;Salut train sac idée.;20;87;PDF;BROUILLON
45d7bd79-b2a6-4622-a334-e68726403cd4;209dfef8-a7cf-4686-b269-c06cc0db134f;Suffire tant voir madame.;3;100;Vidéo;ARCHIVE
4614dc9b-219b-44e2-a1d4-8f5f2860369e;eece212e-f334-4e41-b6e3-965fc326f560;Puis retrouver profiter art vite bureau.;15;88;PDF;ARCHIVE
46174b0f-7413-47d9-b113-601689a8e66b;ceda6435-4f76-4d1f-9d62-19a80a5178ba;Nouveau recevoir chacun naissance saisir.;6;146;Projet;BROUILLON
4635e9e2-53cb-4deb-8862-4492cd404c68;0c34a864-8ad1-48fb-9df7-3df2fceb8411;Beauté paysage complètement terre donner.;18;130;Vidéo;PUBLIE
46402936-0188-496b-ae14-abbd6727e762;32805f51-a44d-4ff1-88a7-c94ea5801579;Blond tromper particulier peau.;11;176;PDF;BROUILLON
46428790-6cc8-46d2-a85c-330c844eb351;21bde9ef-0042-4f00-8665-59106fa5be0a;Billet anglais miser certain beaucoup.;19;174;Vidéo;ARCHIVE
46646d51-df79-49cd-af3e-267184bfacc0;601d8947-bf1a-4f8d-aa58-d9002f432dd9;Long désir lire taire.;2;68;PDF;PUBLIE
4674492e-d397-4be9-b320-bb5513664192;3cfcdaca-c30a-42f8-8f42-aca4b16f48fc;Vouloir six idée anglais remplir rencontrer.;10;23;Vidéo;PUBLIE
46980447-64ec-4624-bb75-390a3028860c;180b8b08-124f-48ab-a99a-f30ea7dc2f52;Million mari dominer.;1;168;Projet;ARCHIVE
46c48689-19b9-48bc-8896-81bc077d8cec;5014d7d5-4a96-4de3-98c5-1140c3c10433;Souhaiter soutenir désirer.;16;51;Vidéo;PUBLIE
46e7766a-74d6-4529-ad6e-41864ca32cbd;13d6d91d-24ac-46d7-b4cc-743aaef59b8c;Général blond coin mode.;19;156;PDF;BROUILLON
46f14721-d8e5-40d8-b968-cb07b3957988;10a43e80-a31c-4ae5-8827-ab51da214918;Phrase tout arrêter seuil tellement.;17;34;Vidéo;ARCHIVE
470b8bf1-8ef1-4720-84ba-ce92e67e94b0;6379eee7-9072-4b12-95c9-41ae5839953c;Voile corde prochain quant à on envie quart.;12;150;Vidéo;PUBLIE
472f8d9a-68d0-44a6-b196-1fe51b91b174;b67a3f65-5651-4b7b-8dce-9bd6a6da8b7d;Chien chaise recommencer.;4;169;Vidéo;ARCHIVE
478cef9a-a29a-4e65-8821-385093d7b789;797aceb4-4e41-4b99-bcdb-104b5f8e6751;Passage demain mener ni neuf.;20;21;PDF;PUBLIE
47e11c50-4526-48fd-8d5f-8b016edb8387;96efcc08-d821-4de3-ae3d-39e859fc909c;Fond partager vraiment tandis que.;7;70;Projet;ARCHIVE
47fe6c74-b3db-4d00-a84b-bd23945bd722;afe3b986-3bb5-4fe6-ba8a-8d25d9db8eb4;Dieu masse deux.;20;136;PDF;PUBLIE
481ed526-3d83-4aeb-80a8-6db16910affb;0c34a864-8ad1-48fb-9df7-3df2fceb8411;Plonger geste premier mode fixe.;8;9;PDF;ARCHIVE
484cc9fd-ea9a-40e6-afc8-3f1b3141453f;3957f3ab-db8f-4dcd-a324-c7e4ac8040af;Couche réserver pas perte gauche.;18;164;Projet;ARCHIVE
4877839f-0032-4af4-9893-ae3945a2b895;2269ef61-1fa9-4dba-ac80-c5ee191a09f0;Examiner loi combat même remplacer habiter.;15;59;Vidéo;BROUILLON
48867ddb-504c-496f-bcfd-5140dbb9b934;38dff5fd-5540-4a9e-bec9-57454305c76b;Commencement réserver solitude fortune.;1;150;TP;ARCHIVE
488c3577-32e8-4b33-85c7-c5ca2efcdbb7;bfc907f2-0722-4b33-8ec6-88a7d947af26;Dent masse professeur tombe cou son.;12;177;PDF;PUBLIE
48978411-57d3-459e-86d2-9f6e48b07e10;fa8a9333-2062-499c-a029-9aa7379caf6b;Tête idée rouge.;6;133;Vidéo;BROUILLON
48a44cea-6b45-48cc-aba7-f2e02b792982;663242ba-a775-4068-a26e-7047faecfe69;Cabinet gouvernement saint.;5;175;PDF;BROUILLON
48e97dcd-66ef-4507-a50e-8bd9d3f2e29b;be591135-22bc-420c-8ec0-1c630d5a16fe;Beau convenir importance.;8;34;PDF;PUBLIE
4904f107-c7a0-445d-abf7-d18248e0597b;c8f3472f-ed48-4f93-90e6-7a02e42dcc6d;Cinq travailler amuser.;18;130;Projet;PUBLIE
491581da-37cb-4b7a-a475-fb4031bf4324;31a6fadd-ab99-4f8a-9518-d51a7a67bb15;Parent et tracer cheval habiter.;16;123;TP;ARCHIVE
4922e1aa-23cd-414b-aba7-1ac984334ced;e96917f4-dd18-4c4b-9111-f909713a08bd;Crier juge fil avec.;4;149;PDF;PUBLIE
494ca47a-a99b-4da4-91ef-f6e9c78561db;d81ad7b1-1a9f-4ce0-a27c-b57e5210a13e;Dormir endroit bonheur.;5;42;PDF;PUBLIE
499bcfaf-c21b-40af-9970-4b0ccbe4c6c5;3788aabb-2936-4e26-bd54-b87c0b656dc0;Que pas trop groupe journal masse.;14;55;TP;BROUILLON
49a3b476-f828-4518-af74-353d48874a6d;d1a71860-a62a-48dd-9e6f-47e69b0b861d;Passer casser marché.;13;172;Vidéo;ARCHIVE
49a60371-7a2f-4cda-b202-c3f35865ec01;b41440a8-f069-49d4-a502-b4304358f9f7;Plaindre rejoindre soudain.;15;107;PDF;BROUILLON
49bdcb32-8915-4172-b08d-1c64bf582730;92114999-547a-48fc-9dd4-e28ab433f731;Fort réel saint éprouver.;5;95;TP;PUBLIE
49bf5926-3984-4349-b3d7-930ad78a85e4;aaab2b5e-8423-4318-ac9d-cf9f63a13477;Tu vent capable fuir.;12;151;TP;PUBLIE
49d56376-ccc0-4625-a998-88e8b7b1fdc7;9d722162-3c3c-4f24-b722-a8b88faebc4a;Époque cela en chemin recherche.;2;179;PDF;PUBLIE
49ffab02-7a39-4c78-88b7-73807335868b;573de0c8-3510-4dd9-b9d4-62db9a95812d;Oser eh qui affaire.;12;9;Projet;ARCHIVE
4a186ddd-306f-41f8-a3ef-4579c36ea9b4;f56c128e-217d-4c33-aa17-35049a8e3a44;Ci chaleur curiosité.;14;157;Projet;PUBLIE
4a31ac8d-24a6-41f7-910e-aa76314cbba6;2b8081d6-c3d4-4878-af31-52c7408c43f1;Battre militaire pont aile là précipiter.;20;109;Projet;PUBLIE
4a324d93-91fb-4c2e-a874-559555b42767;61941af0-1fd3-43f3-9704-dcec179c494e;Rêver rompre mettre appel.;1;93;PDF;ARCHIVE
4a4e3005-d90c-4256-ad9d-c83e0478690e;59cd40dd-5875-452b-88fc-56c00ae2b81d;Considérer paupière rencontre large craindre sembl;8;148;Vidéo;ARCHIVE
4a50f4b4-a3ff-42e9-b443-4e64ed558c5d;1a98e2e0-103f-40c8-a7e7-c1cf3fe4ec35;Recherche enfin camarade route accord amener.;2;82;Vidéo;BROUILLON
4aaef702-7647-495c-8bad-0d0f86966fca;c1b4dbe3-348f-410c-93b3-74238de24b4f;Partir vraiment peine bras conclure.;13;127;Vidéo;ARCHIVE
4ac15fc1-ee5e-4a6f-bf58-25e74b72faed;ef803700-3c7c-4a83-b495-f41f76b23b8e;Échapper demeurer mois savoir.;5;177;Vidéo;PUBLIE
4ae7dd51-12c1-4504-9517-d1d3b42650c8;9521d086-5faf-427a-94d9-08831d86ff9d;Changer rouler armée parcourir sang.;8;163;PDF;PUBLIE
4ae8402c-9d58-4fb3-8db6-9ac6e828d3f4;d2e0201d-87cf-494c-8c42-6fec661cfe61;Plaisir fois bord ailleurs printemps.;10;116;Vidéo;BROUILLON
4af786bd-123b-4c77-be39-9debad0b6e10;b8bd693a-e805-4fdc-a45e-d270378798a1;Haut simplement droite.;3;46;Projet;BROUILLON
4b4d0fe7-f1f0-46d5-888a-d9f3d1213280;4eba20e1-f69c-47f7-85cb-a3512fe08cd5;Annoncer sûr pareil supporter exécuter moyen.;11;110;Vidéo;PUBLIE
4b6ccf6a-acb1-4336-b549-5ab13edc1840;b702e8c9-7e4c-4996-ad0d-a818e581a765;Si secours vision passé.;11;169;Projet;BROUILLON
4b88eca8-a499-4fcf-bf87-522e390083c0;b215c026-953a-46dd-aa40-efa1e1099b93;Tendre table lourd sorte confiance que.;6;78;TP;BROUILLON
4bbd71df-9118-4167-bbfd-2502ea31cf13;a0eb9cf9-5aa8-4760-b8e5-8fef5b85b40f;Doute content manquer.;14;21;Projet;ARCHIVE
4bfc58e5-2712-4417-b06d-5417056f6e88;97ff781d-c34e-4060-b49e-0612e27b8736;Habiter effort doux oui personne.;7;27;TP;PUBLIE
4bfe4bef-dbd8-4e1b-9356-1571d44f4951;b455eac8-c1a8-45e2-8e2e-837b59b3ff84;Cercle allumer objet sens aujourd'hui.;5;165;Projet;ARCHIVE
4c1219f4-c82b-4528-9efa-099aaa68a125;d2e0201d-87cf-494c-8c42-6fec661cfe61;Discussion conduire d'abord atteindre histoire.;5;117;Vidéo;PUBLIE
4c70c247-9e47-4530-b552-bf1dee059e54;e7ac1614-476d-4206-a471-a08b3e5f3c7d;Exiger monter commun.;10;61;PDF;PUBLIE
4c9eb432-7890-4389-a7ed-f19facaec638;c0b61ae6-037c-4e16-82c8-a63714aa21a0;Croire supérieur verre nom mon étrange.;9;111;Projet;BROUILLON
4ce2da48-9369-4de6-96ab-500c17afa8bf;d4927d36-9b51-44ad-9b00-9ba0c9ee6666;Fort à grand politique.;6;147;Vidéo;PUBLIE
4cee42b1-36ea-404f-9d9d-b69772aab61c;fdbe7869-928d-4b69-860a-5910595696e4;Vieux couche horizon.;16;19;Vidéo;PUBLIE
4d148bc0-d4a9-48ba-b8a5-2d15e549d2d9;2c4c24b6-932b-4f62-83f8-29f12e447782;Vie parler dent delà enfant fermer.;14;48;Vidéo;BROUILLON
4d3bb206-26b3-400d-b804-bafb1d95d952;2d15cb34-e7c9-48df-905d-1f76c12b1a02;Lèvre premier fou.;9;132;Vidéo;BROUILLON
4d3beab0-dfc6-4530-9509-76f12ca510bd;442248a9-422b-4f2c-84f6-a4ec52a64d23;Dame inquiéter déposer.;18;44;Vidéo;PUBLIE
4d45a631-1a59-49f8-96c1-97d79c080389;11c51732-8920-4f9a-bd17-b1be60b260c4;Important conversation tout.;2;97;PDF;ARCHIVE
4d5073d6-0c03-403e-8877-9d34caa92e48;1b07293c-223a-4fec-81c7-eec64914a80e;Action noir si.;18;28;Vidéo;PUBLIE
4d5a3c3c-2b5b-4acb-ba5f-19dad5c46113;92911344-a9cd-4c45-981b-19c42e582338;Son reprendre distance commun.;16;130;Vidéo;PUBLIE
4d77de80-ccee-42d1-a6fb-595fe8000f2d;83c7df14-cfc2-4295-bdc0-4a375828bc32;Droit religion poète siège vieillard rester.;13;59;Projet;ARCHIVE
4dc093db-c05c-4674-b4e9-1725c6b8c109;3afaa2d4-9b8b-438c-8ed1-28c1da8d0097;Calme second apporter couler grâce dernier.;4;147;Vidéo;ARCHIVE
4dea29d6-7b08-42b4-9f43-1bbff7c727d3;b2d75a90-628e-4844-84a6-9ce4b56a18d5;Fille serrer papier retirer menacer quarante.;5;129;PDF;BROUILLON
4df498a0-ca58-4a1d-a225-7b4de48096d8;6e5f0d64-a7fb-413d-932a-8c8d7cffe765;Tout vieux tracer fils fort lequel.;20;172;PDF;BROUILLON
4e01e0e6-0778-4091-841d-da6a888204a9;fa2d1015-8013-4301-91c4-e6f889a27e78;Que naturellement année sec.;11;58;Projet;PUBLIE
4e0d763e-36dc-40c5-bd2d-7960fe783ddf;b1b530b2-c0de-4da2-b6fc-e8b02e0d33cb;User accent français.;8;110;Projet;BROUILLON
4e223f1b-81e9-4fff-b8f1-daa258b453fa;762b07a2-d369-468b-9779-707318b11b28;Magnifique petit bout appuyer.;8;154;TP;PUBLIE
4e2f44a1-3c74-4335-81b6-5a45d0e48ff7;49345ead-0986-466b-adff-4e6bfaf00c79;Toujours hésiter hors réponse réussir.;18;73;PDF;PUBLIE
4e5f6eb1-d8ac-412a-905f-414cff3c4893;50479fba-2b69-4bac-8187-de97a2d41322;Triste nord clef principe saluer.;10;58;Projet;BROUILLON
4e9d747e-af87-48e3-987b-68ccd5e5c420;6fd51346-774f-4d38-a7fc-299ce9d487fa;Chasse haut chanter signer etc.;3;103;Projet;PUBLIE
4eb877b8-28c5-4505-959a-b95d468fe190;77514051-1ae4-4a8c-9995-7b761414d889;Principe ressembler certain creuser rond.;4;127;Vidéo;ARCHIVE
4ecc526f-ab69-432a-830f-15379b143df9;9209fd2e-a48f-4707-85c7-6afb79242c95;Tache lorsque tout.;16;75;Projet;ARCHIVE
4ef0ed94-1a25-4d24-95c0-a9c2c187f11a;433e2047-97bc-4b9a-8afc-77577ea60d92;Approcher espace aucun.;15;71;PDF;PUBLIE
4f9d12a4-5e18-4cc6-b109-7f37f8846456;a8840248-1014-444c-827d-02d03aa18c2a;Transformer parmi faim.;13;135;TP;PUBLIE
4fabd506-8545-446f-909b-b90790228168;e8634c7f-f7c4-4af6-b16c-5f120bcd03d8;Année haut forêt idée interrompre.;20;52;Projet;ARCHIVE
4ff2e74b-6f3f-4b1b-92c4-d7e28f75170b;b10a5096-fa6b-4f33-94a1-e52901cf26cc;En frais aspect réserver théâtre.;7;137;TP;ARCHIVE
4ffbee30-6458-429f-8031-5f99380f25ae;6172b3fe-cd24-4fea-bb95-855da314e12f;Abri cabinet est.;1;49;PDF;BROUILLON
5044931b-6fed-458c-b6d8-f650623b5ddc;5e828c75-5330-4d86-8509-21a43a8ede37;Sorte vide douceur dominer.;12;179;PDF;BROUILLON
5052879e-e586-43b2-8cb0-eceb46250ce3;f79b0b62-1bff-4324-af55-6f530112ca54;Espérer ainsi intérêt taille voir.;7;100;Vidéo;ARCHIVE
50596fdc-caa1-433f-82a0-0aa705de5a03;ca7b87b5-1eb1-44a6-9a08-337660455087;Nouveau recevoir chacun naissance saisir.;14;168;Vidéo;PUBLIE
5063caff-f206-4413-9159-54705149e47d;587200d0-9db1-4886-b76a-54bc06ff2519;Loin oreille conclure témoin hors donc.;8;48;TP;PUBLIE
50675609-245a-46d1-ad8f-368ea00081f9;0e55996b-180b-4a8e-b713-b0e5b95f5599;Fil fait chez.;5;174;Vidéo;BROUILLON
50919877-f28c-443b-bc8b-5cd23550ad71;c1fb0227-bbef-4062-b9f4-36d7ce48113a;Dégager approcher écraser éclairer étouffer.;4;59;Projet;ARCHIVE
5139ef8a-071e-43c8-b11c-f8ff642777e7;65b18d3c-21cd-437a-b6b1-408618714973;Mari prochain considérer essayer jeu.;1;7;PDF;BROUILLON
5195d93d-2261-4e2f-b4bd-903c0dbb551c;5359944d-cf74-474a-a382-2536e8d6a4b2;Reste étoile rapidement.;16;5;TP;PUBLIE
519a32c5-54b8-4f0a-ac29-5797d9dd3352;3788aabb-2936-4e26-bd54-b87c0b656dc0;Compagnon blond effacer.;5;115;Vidéo;PUBLIE
51a3a4bb-602f-409a-a3d6-9215260c0554;28884cfd-7849-4285-9f54-65c64c69870a;Supposer solitude annoncer danger enfermer homme.;7;131;Projet;BROUILLON
51ae407a-69c0-493f-aa25-9e8250a0e385;433e2047-97bc-4b9a-8afc-77577ea60d92;Époque tête passer.;4;42;TP;ARCHIVE
5239b19c-81c0-438b-87dc-66d0244da2f5;6467b5e9-f606-48bd-b236-a188102dcc1f;Essuyer tranquille sous.;13;26;Projet;PUBLIE
52626e64-0a2b-4754-86aa-f75750e69fc8;7ce433dc-0e32-4d05-8ba7-3ebd98a1c97a;Cher placer repousser encore.;2;163;Vidéo;PUBLIE
5269d775-2850-45c1-9ef1-700102ebee42;c58aab66-a6d5-4362-a8be-be76e285e848;Grand soldat remettre obtenir pays.;13;100;TP;ARCHIVE
52debfb6-90cc-48a4-a0a5-9c84605a92ad;ea575e43-f071-4075-b32e-0850ac47cefa;Premier lettre remplir quinze service discussion.;15;75;PDF;BROUILLON
52f2b937-6c4a-4b6d-94d7-5c6d2e83ad15;6bc16ce0-20e8-42dd-8957-3f552ba77b78;Genre position étage semblable.;2;16;TP;BROUILLON
5306c95a-8d79-4beb-99dd-8afbfbf660e8;20f64853-3634-40a1-976a-47a455ccf9a7;Été voyage prononcer.;9;41;TP;ARCHIVE
532ae68c-18e4-484f-bdf3-a31f37f1e9c6;97ccd5bf-1ad8-4bca-b731-21685e342940;Ancien reconnaître intention plaindre un.;18;47;Vidéo;PUBLIE
532d9575-8ee9-4c57-b1b5-bd2553900ccc;a8840248-1014-444c-827d-02d03aa18c2a;Rappeler parole certainement.;8;75;TP;ARCHIVE
532e3370-56c9-4144-833a-702a43909498;4ed465b8-5fdb-4a53-a965-a8040f198d6b;Embrasser livre expression.;17;141;PDF;PUBLIE
533eb572-564a-41a1-90ca-c4c27be41b31;511b2383-2027-435b-906e-2fd7f9c52f75;À joindre rendre expression que manger.;20;120;TP;ARCHIVE
534abfef-68ca-40e8-851a-a20e54021aec;187436f8-89af-4ae8-ad79-bf14a2ff0182;Larme lequel page étouffer bas.;1;40;Vidéo;BROUILLON
539126d3-ecce-4b02-be44-8341fe54a590;65b18d3c-21cd-437a-b6b1-408618714973;Rien dieu étendre entre doucement.;8;98;TP;PUBLIE
53967eb3-9bb5-4909-8265-80ce570157b8;bdb8b0af-12f4-4f23-bed4-c8f08861fb56;Gagner quartier sable autrement.;20;38;Projet;ARCHIVE
53e127ee-e8d5-4b5a-9b49-dd535c2f51b7;ab31bfdf-23e0-4b62-a20f-5951365aabb6;Voyage toile posséder soutenir.;12;129;Projet;ARCHIVE
53eb5442-581a-40db-95f2-1466ad55e4dc;39cebbc3-2c29-45a7-8505-ee790494bf7b;Brûler vert comment joindre empire bande.;5;41;TP;ARCHIVE
53f94325-835d-49f6-9602-8adb31fce85b;5c69eb78-da92-48da-9081-e15b5f2ed1bf;Quant À existence impression ville.;1;151;TP;PUBLIE
53ff0dd0-931c-44bc-b631-10035676a224;92114999-547a-48fc-9dd4-e28ab433f731;Chaîne suivre ombre docteur.;2;40;Projet;PUBLIE
5401467a-a6fe-49df-b8c8-65981bc14264;601d8947-bf1a-4f8d-aa58-d9002f432dd9;Pièce réclamer général.;3;76;Projet;PUBLIE
540210fb-1541-40a8-a786-3281540e172a;7ce433dc-0e32-4d05-8ba7-3ebd98a1c97a;Remplacer marier apparaître.;16;8;PDF;BROUILLON
54093466-ee90-4c11-9f76-ef6d201a6b52;8fec452e-eb40-43d9-a150-0283d3e7932e;Songer produire creuser.;19;133;Projet;PUBLIE
54328911-2fe2-44bc-8b06-bd0d981602dc;8a31f692-0de0-4a62-aa4b-923480847e76;Précipiter adresser gros respirer.;12;99;TP;BROUILLON
543542ac-7f37-43b6-8a14-04619780b110;d3252caf-467c-4ac0-8433-30b3dcb1fc1d;Doux beau juge repousser même.;17;6;Projet;PUBLIE
545bead1-b4e5-49cd-ab8b-d84c68c3a610;8e274fb9-abe0-4172-9d52-a127282ea72d;Pouvoir cou bas aventure île double.;18;61;PDF;BROUILLON
548b6a33-f4c8-4bef-8cb4-9354058ec650;e9079439-0af5-4a74-b453-12c01b841430;Rang sang milieu disparaître service.;4;45;TP;BROUILLON
54baa2c2-181b-4291-84f8-ccad7f5c9f0d;2bdd1ce3-16dd-49b3-93ad-b89b2fc5b1fb;Ensemble musique posséder compte eau toute.;4;8;PDF;ARCHIVE
54c30cd9-f52e-4143-b228-6bd234d4dfaa;b584ce58-8eb0-4112-9d1a-a8e289629ff9;Monde taire loin lever.;8;143;TP;BROUILLON
54d1172e-da52-44fd-91ff-bca290e5c9a6;5a43ca9f-9e4a-47ee-b66d-3fd80cfccf5d;Lire désir ou type fidèle donner.;4;90;TP;PUBLIE
54e43e3f-ce22-4c0c-b1fb-77639c6f4b66;42d1389a-6410-42e5-bec4-390e2b789784;Trouver même tranquille.;18;52;PDF;ARCHIVE
54efc4b5-aae7-4a1e-933e-9e677aa26abf;6467b5e9-f606-48bd-b236-a188102dcc1f;Chemin terrain rang sûr feu général drôle.;6;81;TP;ARCHIVE
54f033b1-01bb-4bbb-8162-7413098b8779;0d77fa38-86ea-446c-ba14-1ba8d9ec47cf;Arbre respirer frère abattre scène casser.;20;121;Projet;BROUILLON
54fc6240-e45f-4b98-8e77-2a7b30b3c32c;f79b0b62-1bff-4324-af55-6f530112ca54;Ajouter terme nul etc séparer.;7;164;Vidéo;PUBLIE
551e09a8-35ce-4b90-8892-04173acc8b8b;d021f41b-400f-43d7-9049-469e169594a9;Étoile nu cinq commun.;8;92;PDF;ARCHIVE
553a9716-b572-4be3-b2d8-1c9cd477f5b3;3afaa2d4-9b8b-438c-8ed1-28c1da8d0097;Côté dieu depuis par branche.;9;118;PDF;BROUILLON
558c4646-9cd6-4f67-9f71-4d2e79a85bd2;b254f8a4-5e60-44cb-b052-85c774bf4c90;Caractère presser espoir même quart.;19;148;Projet;PUBLIE
55af3bda-6d31-499b-ae2e-829934a22c2f;433e2047-97bc-4b9a-8afc-77577ea60d92;Professeur jeune vieux visible.;9;160;PDF;PUBLIE
56210b32-0f64-46a5-a980-8e4bfb9c036f;94cef49c-8dc4-4d2b-a1b6-360a24cb9f35;Soulever joue réveiller étudier jeunesse.;15;127;PDF;PUBLIE
562f52a4-4710-4011-9235-979251a95a06;714c7e2e-7e45-4dd1-9345-9ebeffde414e;Bande après guerre neuf.;6;87;PDF;BROUILLON
563c58d1-97f9-4595-bd21-39e4d90137bd;90d8e9fa-24c4-4897-a066-59fe880f90ea;Plusieurs environ inutile dimanche image sable.;19;62;Vidéo;ARCHIVE
563cd75f-4ca5-4817-8086-65606be78015;fbb71b71-7c25-48c4-96d1-2edf72e4ae57;Tant rose chance.;9;114;TP;PUBLIE
56589c70-3f06-45b8-8e38-484a3aba7830;4eba20e1-f69c-47f7-85cb-a3512fe08cd5;Larme étoile or poussière.;13;128;Vidéo;PUBLIE
566da41a-f628-4d21-b7d9-16ae836f0a3a;4582c945-e2fe-4c11-8bf9-556be36ab0a9;Cruel cause enfermer moment.;14;88;TP;PUBLIE
5674a425-6135-434e-8e0d-c4a42d70c3c6;b408033b-0150-49e7-9fd0-df807496f459;Madame aspect garde toile problème vieil.;11;163;Vidéo;BROUILLON
568f285f-bdaa-4438-81bd-119dfda56d91;49345ead-0986-466b-adff-4e6bfaf00c79;Désir tâche sentier voisin femme rire.;17;154;TP;PUBLIE
56903553-6762-4e5f-977d-b2725d580fef;4c307f61-5b36-4897-8627-6316ee6f82f8;Parfaitement service devenir croiser jeune terribl;3;100;PDF;BROUILLON
5699ccae-628f-4b4f-9e8f-c5abf508f99d;9521d086-5faf-427a-94d9-08831d86ff9d;Particulier prendre faveur.;11;164;TP;BROUILLON
569c0a4b-f158-4e1b-b74c-2b2044715182;65b18d3c-21cd-437a-b6b1-408618714973;Obliger avant peau commun.;1;17;PDF;BROUILLON
56ef3f0e-211c-46e0-9e81-0874eceb5e2f;efbd0add-9a68-4814-a89d-fcc3cdee8ef1;Long loin serrer chaîne chaque franchir.;9;63;TP;PUBLIE
5727fec2-10ff-4136-bfc0-84f964f89b83;8626cf8c-ecab-4de3-bd38-3a146a09df89;Lorsque franchir sortir.;4;95;Vidéo;BROUILLON
5777b81d-2b45-4637-82cc-7c23f6809ed1;9b58383b-712e-4fd7-aa10-7fa798415454;Ça sauter près vérité.;20;169;Projet;ARCHIVE
580e5caf-e175-4317-a9ba-789b3674964d;5115d8d8-327d-41f9-b58c-44e8a2240cd0;Escalier d'autres vous faible penser.;20;86;PDF;PUBLIE
5823bc6c-0088-4bc5-9e64-1910491b84dc;806b9e49-6019-4709-ab0e-ba68558e42fd;Matin occasion recommencer user cheveu.;3;172;Vidéo;PUBLIE
58b5268f-4feb-42f0-a2bf-0dfaf56c2f13;d021f41b-400f-43d7-9049-469e169594a9;Échapper vert cuisine lumière voiture.;19;117;Projet;PUBLIE
58d478c9-17e0-4dd8-a62a-1b9ca09365ca;efbd0add-9a68-4814-a89d-fcc3cdee8ef1;Grâce agir immobile fruit.;5;127;TP;BROUILLON
591ac8ce-13de-4364-85f8-57fb17ddd73e;bdfe72c1-9816-4ac1-9db4-e629a22f73d2;Examiner roche unique un paysan.;10;45;Vidéo;BROUILLON
59513112-0cd0-42ad-9df3-bf93ed4b4f18;1006887b-1bbb-4dc3-a09e-b8f5b882b9d1;Mieux beau religion ceci.;4;35;Vidéo;BROUILLON
59554f3d-9fe9-4b14-84b5-053c225c4310;ae5525a5-af7d-48ea-b446-0ea93b366874;Guère fois reste sorte moi.;18;118;PDF;ARCHIVE
59671c7d-2fa5-4a68-9222-f7531b1518ce;72e46422-33a5-464d-9fb4-b04f01cfd011;Rejeter bien charger réunir table mourir.;7;169;Vidéo;BROUILLON
59a2be59-1777-405f-9d56-572f415199e7;23913f7b-7bc9-481e-b0bb-84eab296bde5;Compte condamner jeter lors.;12;100;TP;ARCHIVE
59b4b8d7-0a78-4a36-8b2c-e7ddb2b62e04;bc221d10-727e-48b7-8a11-3d2523e692b0;Mille nommer puis entendre seconde adresser.;6;96;TP;ARCHIVE
59e2c0bd-93f4-49e2-b596-daafc7921e81;c09e8d7b-ae55-4020-99d7-bc370ddff155;Manger peu heureux.;17;88;Vidéo;BROUILLON
59eb6816-4294-4096-a297-e6be314ff11f;dc7650c8-54ec-40b7-954d-4b10455d8a58;Déchirer puissance forêt passion sur autre.;12;90;Vidéo;ARCHIVE
5a4c2ff1-faec-4570-b1a4-fccfa4173d9b;012980a6-0c8d-4aa9-a992-3044442cfb0c;Hôtel afin de dix salut ventre se.;7;145;PDF;BROUILLON
5a57e4f0-68b0-4a32-9bca-e5a6e33ef8e2;fa66f362-b15d-4d2a-ad52-494e7a89caab;Je adresser somme mener tendre soulever.;3;9;Vidéo;PUBLIE
5a867106-641b-4190-a20a-5f3c8470368f;458f884e-99a9-4f1c-97c7-35b7bce708b7;D'Autres toujours gauche trace hôtel.;6;67;TP;PUBLIE
5a971016-3275-4761-acdb-0d1b9413a7b8;e10c1e20-34c7-4f91-a23c-8d809ea0dbca;Empire vingt police demeurer échapper.;11;65;TP;PUBLIE
5a972f43-c507-4500-9b51-8f281c36b5e7;d1dee4de-2e5e-4b1e-af13-531b92780bc4;Sûr exécuter joindre tout douceur.;8;163;Vidéo;BROUILLON
5ac5a666-8487-4063-96b7-8e0685e2bff4;65927d40-90c5-462c-80fe-0abce408cfc6;Répandre inutile pont bouche.;16;88;PDF;BROUILLON
5b098449-da2b-4e6c-9267-0ef662f92f08;c7e6dcca-7f3a-45a5-8083-e426de8982fd;Nombre morceau coeur sept.;18;23;PDF;PUBLIE
5b0d79aa-74a6-46d5-8ffb-acc44c8559c4;8578092b-51ce-44b5-a8ca-dfbaaa5ad9c8;Mauvais remercier abri me profiter mon.;12;162;Projet;BROUILLON
5b3af18c-1a50-4d86-a3a4-55f20946b66a;06082973-61bb-4985-b895-0915cd9297f9;Acheter intérêt froid.;10;178;TP;PUBLIE
5b842c89-7875-4d1c-a014-a3496e91b2c4;ffb99c6e-03be-4dcf-a408-17449a8dbca1;Sentir corde on mémoire époque véritable.;1;139;Projet;BROUILLON
5be4c3bb-0f7b-410d-ae35-fa9e67a785de;6325cf14-875f-4677-bdeb-7232c7e2cdd6;Peuple chaise vouloir sorte commun car.;8;105;Projet;BROUILLON
5c08112d-fa41-4712-aec0-f3b6ab46d054;a561759e-3513-4450-917a-26d20b30ba32;Quart croire conseil terrible.;15;152;Vidéo;ARCHIVE
5c3abd6b-14eb-43ed-9b34-fd6b98147204;e7e16162-157d-4843-bf66-5fda8e09bf53;Repas soldat bouche pouvoir côte lorsque.;7;134;PDF;PUBLIE
5c3da150-2947-4458-a67b-6a0e4faecbf8;209dfef8-a7cf-4686-b269-c06cc0db134f;Douceur rose où parmi entrée.;11;124;PDF;ARCHIVE
5c8700cd-75d8-4f5e-838a-23073fa878f5;13d6d91d-24ac-46d7-b4cc-743aaef59b8c;Camarade cesse départ distinguer combat demain.;12;62;Projet;BROUILLON
5c9f5107-102e-4350-8cba-697231f489c7;93b65685-c14f-4fa8-8986-c9b85fd774ad;Dernier sauter français personne huit vivre.;9;49;Vidéo;BROUILLON
5cad878f-57eb-4c9b-841f-ffa39258953c;9e826b0f-fb17-4aa1-b105-cf6eb7fe2b03;Porte moins jusque fonction cheveu.;8;149;Projet;ARCHIVE
5cd77065-0ad0-4de4-9f89-96971d6a1b4c;697db71a-c463-4746-ab8b-ba1de3a08ef5;Trait feuille corde faible.;9;99;Projet;ARCHIVE
5d16cad6-9c1d-4ce7-929c-53a75cf8e5f3;067c73eb-23cb-4cc8-961b-34a18b05102c;Mourir distance vieillard troisième étoile passion;4;21;TP;PUBLIE
5d1917e2-ae15-43f3-b9eb-4d5e5b69f8da;c16a1468-f0c5-4734-9f39-3e21148c3433;Signifier elle malheur loup juste.;2;91;Projet;PUBLIE
5d5961dc-d143-47e5-b723-f7786dcbfce8;20f64853-3634-40a1-976a-47a455ccf9a7;Mauvais saluer arracher face sentir.;16;48;PDF;ARCHIVE
5d690fef-03d0-46ca-84ca-7713a41a7f7b;28785176-2e62-48eb-8ec2-c2560e076d96;Impossible naissance plaisir sein poursuivre somme;14;87;Projet;BROUILLON
5dfd11be-2ad0-4546-93bc-2f999bc1588c;22e2425d-0fe9-496b-be24-5dbce616e137;Payer cruel au circonstance.;5;77;PDF;BROUILLON
5e1884eb-c9df-407a-9034-0ec599b20455;42d1389a-6410-42e5-bec4-390e2b789784;Personne dix payer dans.;1;68;Projet;ARCHIVE
5e23bd5e-b863-47cf-be8d-8433bdbb714f;6fd51346-774f-4d38-a7fc-299ce9d487fa;Principe ressembler certain creuser rond.;3;39;PDF;BROUILLON
5e494ce5-3264-4c32-b6d9-c7dd5872c692;a381c8d7-2440-433f-b4a0-8144e5df10ed;Corde d'abord pas nerveux apporter.;10;94;Vidéo;ARCHIVE
5e7e5158-84fe-49b2-92a0-324297c1c915;2269ef61-1fa9-4dba-ac80-c5ee191a09f0;Papier plein comprendre rester mener.;6;124;Vidéo;PUBLIE
5ebda654-2fca-4995-be5f-920e9d72d1ae;7ae8b642-7cb1-4a88-93ab-70c34fa1faf7;Minute petit désigner.;13;50;Projet;PUBLIE
5ed457be-8607-42f1-a9c4-3ec9dcc7a09a;d56834de-1b91-4253-b9a5-5cbb74e142bd;Ça imposer exemple poser.;3;42;TP;PUBLIE
5edc29da-06f8-4ed9-bd98-0709581cff99;ce840e50-09e1-4a95-b5d5-445fd93789db;Arrêter papa mais abri plaine eh.;12;91;PDF;ARCHIVE
5f20f10b-c654-4cd3-8f65-b97c64970473;b1d860e2-c51b-44f8-ab77-4772c1e4d536;Loi énorme allumer durant.;12;75;TP;BROUILLON
5f2e9ae2-102e-42d4-84af-c7a380eaa5bf;951c61ba-fe23-4ed7-adbf-3b629516dd19;Pencher réponse réunir.;4;80;PDF;PUBLIE
5f42f6ca-2694-4c9a-b336-bec26396a84c;8a31f692-0de0-4a62-aa4b-923480847e76;Un étoile où pas entourer d'autres.;1;163;TP;PUBLIE
5f550c84-ca05-4c2b-86ce-edbd8dab4b48;f7583d3b-f778-4995-a9a8-99057fbaf739;Voile pensée simplement prix bleu.;6;140;PDF;PUBLIE
5f6ef156-8d4a-428f-bed8-f0c7a3dc6287;7951b14f-685f-4fd4-b26b-7c759bc40cf0;Bruit fois jeune.;5;115;Projet;PUBLIE
5f905f0d-6b5e-4d8f-9e8b-55efb0369cb4;209dfef8-a7cf-4686-b269-c06cc0db134f;Vent suffire accord précis quelque.;10;87;TP;ARCHIVE
5fc4a8b8-d5c5-47d0-9d7b-8663f20892c0;06082973-61bb-4985-b895-0915cd9297f9;Reculer surtout sembler attirer.;6;136;PDF;PUBLIE
5ff138da-0ef8-4242-a1dc-5692d39ffb0a;54604032-cd81-4077-a20e-cfbead7630a9;Pourquoi classe propos secrétaire.;10;143;Projet;ARCHIVE
601aa86e-5685-4c27-8103-40219d73b01c;da93d200-cb70-4cf7-9bb2-5775d81aa48b;Écouter mêler envoyer poitrine.;5;133;Projet;ARCHIVE
6056d026-4b1e-4e19-ab8f-2f3f36ddf116;9327c801-bbe7-4e6a-98dd-7ef798a4063d;Créer extraordinaire lieu milieu blond.;18;92;PDF;BROUILLON
605e4217-9c5b-40be-801f-d94114701673;2dde8fe5-8c76-49f7-ab4f-3d26da8acb95;Matin occasion recommencer user cheveu.;9;120;Projet;ARCHIVE
606c593e-fd1c-472e-bbb6-052e1e0b5bb9;65b18d3c-21cd-437a-b6b1-408618714973;Soumettre rencontrer île vol lieu heure.;19;75;Vidéo;BROUILLON
606efe81-1960-4d3a-9b46-28fbff6c7f4d;31a6fadd-ab99-4f8a-9518-d51a7a67bb15;Esprit ce groupe genou gauche jamais.;5;125;Projet;ARCHIVE
607b80e2-f7ac-4ce4-b289-2edcdccb5871;42690b89-dc14-4347-9a8d-a8b6fcbfd6de;Pendre entrée éclairer.;8;79;TP;BROUILLON
60959518-a3ac-4c00-be44-5167608af2da;ae5525a5-af7d-48ea-b446-0ea93b366874;Rester un million.;2;109;Vidéo;ARCHIVE
60c9d4d9-7ad1-493f-89a7-5588068f3558;a057927d-ae65-45a9-8afc-fbeba1a9ef60;Confier quelqu'un mur complet malade tromper.;6;148;TP;BROUILLON
61021e52-a8f2-4989-9e71-861cd8054aa9;ab4d0fd9-68d5-4d59-811a-ebc3391e24ff;Sans aucun agent élément.;6;20;TP;ARCHIVE
6119362d-b8a7-442c-ba32-8b5b11844dd7;b584ce58-8eb0-4112-9d1a-a8e289629ff9;Métier poète fumer sien.;10;140;Projet;BROUILLON
614c8474-12e7-4b62-ba7f-150766c18806;a4c90a2a-c8ae-46ee-a525-7843252e69b0;Endormir tendre où envoyer police.;10;125;Vidéo;PUBLIE
6156edff-6804-440e-a4ec-4caa168bb4a8;239dd0f4-ac09-4eda-b170-4d8bf216eea3;Posséder rappeler nuit but tour.;2;38;TP;BROUILLON
615d188d-6b78-4f72-8eb6-07e28da21835;dd9022e3-1770-4dc3-886a-4d588d0c1c27;Tenter marchand nerveux créer noir an.;19;147;TP;BROUILLON
61714cff-09c9-43e8-8ec0-9270b2d4df04;80dd3017-571f-4c5c-84dd-d1bd07c0219a;Pays prière vie hôtel.;13;86;TP;ARCHIVE
6184b2cc-54e1-4875-8722-e34cbad51fa4;ca7b87b5-1eb1-44a6-9a08-337660455087;Lier contenter attendre condamner pointe également;10;59;Vidéo;ARCHIVE
61ce7fbf-f416-4c39-836f-dacd33116ccb;7c120b10-0fca-4d6c-a676-ecc0d83ba9c8;Vert naturellement instinct.;1;134;Vidéo;PUBLIE
61cfa330-a94d-4268-a6e4-caf9174d8af2;0ee8c077-c8b0-42ac-a316-7eeae7550b5c;Calmer dangereux dernier personne animer.;14;153;PDF;ARCHIVE
6203860b-a443-45cd-b70c-127e2d73210e;6ddd4a69-3680-46a9-b8ae-698b32528275;Agir fatigue rapport vous servir posséder.;4;16;PDF;PUBLIE
621d98a4-e1b5-4140-9641-3c23c2d170ab;98156724-102d-44aa-be40-9d5461709739;Perdu précieux remettre proposer.;11;68;Vidéo;PUBLIE
624775fb-7e09-47d1-a611-ea06c2946893;d44c140c-a45e-4ac9-b825-57de5355dc50;Troubler robe suffire école voici.;20;50;PDF;PUBLIE
624c664f-3030-4d2a-8b4c-d436ccbd6e7d;86356034-9310-476e-8b06-0a38dae56565;Cas bord quartier.;18;60;TP;PUBLIE
6255aebc-55a3-481b-8f14-96ac10f818cf;25c792f0-e404-4379-8fdf-9a6ebea71c33;Jeu voisin fil.;17;168;Projet;PUBLIE
6257c91c-58b9-4ba8-9532-5966e09088b2;f85d723f-39f6-4243-9d46-e3f9cbb145c2;Retour agent école falloir goutte.;3;66;Vidéo;PUBLIE
6258ae84-09a7-4372-b6f0-64e7372b1f3e;b584ce58-8eb0-4112-9d1a-a8e289629ff9;Monde couche effacer.;12;21;TP;BROUILLON
629f0b86-db2b-44e7-8a59-4444356981a0;bb81b7df-21f9-4cd2-a1f6-5bc8805a7494;Penser adresser ouvrage habitude cinq or.;7;148;PDF;ARCHIVE
62b2fa02-e303-4351-b65f-ad6e72e7a264;c1f6a168-ca16-404d-bed7-dd3bd729ee05;Propre étaler mois.;2;57;Vidéo;PUBLIE
6306f36c-5c36-4a90-b028-58ec4f4c08e6;03e43db8-b2e2-46e2-89a1-34e9a6efb1e4;Aucun durer vieillard matière.;19;51;TP;BROUILLON
63142430-fac1-4261-b443-ebd64717f177;f483efc1-e664-42c7-b882-63a336cf27b1;Vieillard plein secours cheval surveiller.;20;167;Vidéo;BROUILLON
632568b6-5118-48ba-9e8c-900617b9167a;573de0c8-3510-4dd9-b9d4-62db9a95812d;Simplement feu entendre interroger.;17;136;TP;BROUILLON
632969a3-3dbf-4fa4-8316-29b693ddc8bc;0c34a864-8ad1-48fb-9df7-3df2fceb8411;Matière amour impossible céder emmener.;4;106;Projet;PUBLIE
63412e68-67aa-4000-ac85-2a0a881b18a6;d4055d63-fc69-45d2-975b-c845584d5149;Marquer considérer vérité retourner.;10;33;TP;ARCHIVE
63b9e475-70e1-4f72-ac63-e683d221e84c;ae37e497-3eaf-44b3-997d-dcc62e08e85c;Promettre marche direction ouvrir politique.;2;79;Vidéo;ARCHIVE
63c9ef03-4914-4bf6-b7ad-e67211306897;afe3b986-3bb5-4fe6-ba8a-8d25d9db8eb4;Entraîner haut hôtel étranger.;17;136;Projet;PUBLIE
63d636f4-f71a-4622-b0af-e42f66a8a207;93b65685-c14f-4fa8-8986-c9b85fd774ad;Moyen coûter bataille.;18;178;TP;BROUILLON
63fd0db7-44fb-4004-82e1-a554030ee311;433dc043-86dd-42f3-99a7-d941a6ea6d2f;Mari problème événement noire vieux.;15;53;Vidéo;BROUILLON
6406bf81-c6a5-4ff9-939a-b56cb4f954e7;302c36a4-77ae-481c-9375-627efbb7ddd1;Naturellement confiance mémoire aucun.;5;7;Projet;ARCHIVE
6433244d-2d4a-4e38-a412-7ebffb0f1ee6;9f0d4a7e-7fdf-4262-a210-fe5964b1c194;Moi trait fonder arme printemps rayon.;18;136;PDF;PUBLIE
64335f28-6694-4bda-a6cf-92f7b234e475;6ddd4a69-3680-46a9-b8ae-698b32528275;Ni accorder oser année mener soi.;15;139;PDF;PUBLIE
64663101-2735-41d8-b7b5-3e042b358e83;8e274fb9-abe0-4172-9d52-a127282ea72d;Lors abandonner continuer résistance blanc.;19;88;Vidéo;ARCHIVE
64760c1a-ac67-4cf3-9919-25090a2dec0f;03e43db8-b2e2-46e2-89a1-34e9a6efb1e4;Poste prochain coucher.;7;22;Vidéo;PUBLIE
6488119f-a0ee-4bda-80eb-9afefc0250d2;ffb99c6e-03be-4dcf-a408-17449a8dbca1;Courir colère réponse non pain fête.;8;103;Projet;PUBLIE
648cfa6a-00de-4bd2-a73d-913b0ef297db;f7583d3b-f778-4995-a9a8-99057fbaf739;Nommer présent bon fortune colère larme.;19;172;Projet;PUBLIE
6490013c-3d92-4ec7-a0b8-05f93ca82de7;697db71a-c463-4746-ab8b-ba1de3a08ef5;Poids faim montrer.;2;45;PDF;ARCHIVE
64aa435e-dc91-4533-9529-a205a77180e4;e8634c7f-f7c4-4af6-b16c-5f120bcd03d8;Plaindre énergie loi semaine douleur haine.;17;54;Projet;ARCHIVE
64d663a0-b423-4d6d-9d96-705a606009a0;78e98f4e-8bb3-48ac-8f23-b9f061e91975;Perte détail jeu.;6;82;PDF;PUBLIE
6518150d-9a08-4f60-ba18-e09520ee0d4c;b215c026-953a-46dd-aa40-efa1e1099b93;Nom dent chaleur président bleu.;15;65;Projet;PUBLIE
6552f034-1f92-485e-a590-4dea4405ee9d;fc849460-2d47-42e4-b2ad-594752473c11;Ministre épais mal devoir auquel savoir.;8;6;Vidéo;PUBLIE
65601b12-9feb-44b7-815d-ee4304145324;6467b5e9-f606-48bd-b236-a188102dcc1f;Refuser annoncer visible perdu intérêt occasion.;11;138;Vidéo;ARCHIVE
659a0bf3-6e99-41d9-ad1b-f54109f096ba;62dcbaef-7ab3-4f1c-acdc-9c1033bdf0d9;Éclairer usage attaquer permettre.;5;75;TP;PUBLIE
65a0d3ab-c198-4b77-9a7e-821cb8504036;601d8947-bf1a-4f8d-aa58-d9002f432dd9;Chance fruit coûter amener intérêt.;4;40;Projet;ARCHIVE
65b5c4cc-cba4-46f1-b445-885c90feb1fd;10a43e80-a31c-4ae5-8827-ab51da214918;Parce Que ajouter milieu conduire notre.;8;44;Projet;ARCHIVE
6666651a-a34a-4e2e-a4a1-0204323cfd86;d2c2539f-f599-465e-ad2e-b5731ce694a3;Crise exemple position dehors distinguer vide.;15;64;TP;PUBLIE
66df2614-357a-4cf7-a030-70ec16bcab49;8fec452e-eb40-43d9-a150-0283d3e7932e;Curieux anglais musique.;1;166;TP;BROUILLON
672050dc-c3c4-45a7-8f7e-acafcf0c2ea5;77514051-1ae4-4a8c-9995-7b761414d889;Caractère beaux époque.;16;120;Vidéo;ARCHIVE
672dc4ed-b845-4da3-8803-f610cac5187e;065a2ed1-5d83-4fd3-8f76-ee38037dadd7;Rêve nouveau dont.;14;33;Vidéo;PUBLIE
6758cbe6-6df0-4dd9-801f-964d9a6fd7d7;8f2d33aa-d9d2-4c3b-ba0d-cf2c458a29ee;Moment passion rond.;16;42;PDF;ARCHIVE
679a5bed-77e6-49df-8863-7a0fd1ca29a3;81b6900a-80a7-4506-b87c-41944238e8a3;Plaire appeler prétendre école dangereux montrer.;4;126;TP;BROUILLON
67d5fdc6-5f0d-4ac3-bea1-a124d136a2d5;4d5f4386-af0a-4b8b-9da3-df71dac50cdd;Compte aider supposer.;12;143;PDF;PUBLIE
680a910f-3d65-4f43-9ea9-3c6d2291a155;0c5d8da9-c03d-43a6-81c4-fc26b0e442ae;Suivant bruit autour cheveu.;7;52;TP;BROUILLON
68469e70-0287-4a46-a567-42a788c77343;defce9a4-b618-410a-a8e7-49b1a51e3b11;Etc suivant bruit importer.;7;108;Projet;PUBLIE
6862e894-5f0c-42e3-8568-b28ffbd9b645;0c34a864-8ad1-48fb-9df7-3df2fceb8411;Travailler occuper étendue achever.;11;109;Projet;BROUILLON
68822e30-8b5d-45c5-ae57-35a6e2fa8647;d8798fc2-c35e-4455-ac6d-a9da56c4cd41;Déjà vieil étranger été transformer erreur.;3;96;Vidéo;ARCHIVE
688c0671-5698-446e-8363-198e9bdcac58;5a43ca9f-9e4a-47ee-b66d-3fd80cfccf5d;Rouge tenter haut charge hôtel effacer.;10;63;TP;ARCHIVE
6891738f-7c25-436d-a4ca-477dc4d102cc;4ed465b8-5fdb-4a53-a965-a8040f198d6b;Avec pendant chaleur voisin quartier livre.;15;24;PDF;BROUILLON
68eb121b-3eca-43b8-acc9-93c5852fc0a8;d1dee4de-2e5e-4b1e-af13-531b92780bc4;Fleur français chez vert dégager éteindre.;14;30;Projet;PUBLIE
691c36e1-2eab-49d5-b6b7-cd68ade7a032;b88e80cd-5d93-476d-ab57-42c57d9671b4;Longtemps souffrance phrase lune arrière.;20;7;PDF;BROUILLON
6934d052-9d35-4be0-87d4-e88738b774ae;fdbe7869-928d-4b69-860a-5910595696e4;Accompagner lune dominer but caractère offrir rêve;4;130;TP;PUBLIE
69368a2c-e69f-4abc-bcc3-5d75a00b4d4b;d7947987-3e68-4466-be24-6c8b26ac81e5;Delà charger composer comprendre.;10;97;PDF;PUBLIE
69622176-db19-46a6-8252-8a2315bf68ff;e6888066-f6ca-4ad6-8676-669438bfae7a;Tête fusil blanc défaut représenter passé.;1;178;TP;BROUILLON
6967ed03-19e9-4463-a2ad-f0d6791fe7e9;e96917f4-dd18-4c4b-9111-f909713a08bd;Dont le mort mettre raison.;11;86;Vidéo;ARCHIVE
696ce24a-75cf-45d5-8299-70f85b36325a;d4055d63-fc69-45d2-975b-c845584d5149;Fils souvenir pierre mer année prier.;14;179;TP;BROUILLON
69d42ecd-ecb0-41cc-a651-e40dbe482c1b;bfef5735-2921-48a1-9b63-c630da94c826;Condition cas droit sortir.;3;64;Projet;ARCHIVE
69fb2f75-6fcb-4fd0-89fb-c3a1850f0388;03e43db8-b2e2-46e2-89a1-34e9a6efb1e4;Mentir ni fête attention.;1;137;Vidéo;BROUILLON
6a013f62-4116-4c06-9888-85e314233ba0;8f2d33aa-d9d2-4c3b-ba0d-cf2c458a29ee;Appeler durant content détacher juge demi.;2;35;PDF;BROUILLON
6a0f6925-562d-4e43-a743-f8ec762f0e8c;9681ab9b-2350-456f-996c-511c431afafd;Semblable veiller terrible ville.;8;148;TP;ARCHIVE
6a70b1ee-180a-45ef-b232-7b1830d0803a;bfc907f2-0722-4b33-8ec6-88a7d947af26;Signe repas trouver chiffre.;4;109;TP;PUBLIE
6a89df45-a0fe-4204-9685-1b0ebaee8e5f;92911344-a9cd-4c45-981b-19c42e582338;Papa magnifique tomber journal plaire.;15;82;Projet;BROUILLON
6a8f65a4-66ec-4077-a5e0-be62b6d4b847;ab72a548-4059-46a4-a513-bb744b085937;Militaire prévenir éclat sérieux réunir.;7;39;TP;BROUILLON
6adf2979-7c06-402d-8cf8-83cc126459a0;62dcbaef-7ab3-4f1c-acdc-9c1033bdf0d9;Cours reculer sou inspirer.;13;66;Vidéo;ARCHIVE
6aee8583-b9d8-4a62-a57f-38d395f3aef8;55b29d6d-708e-4c26-b066-15a92de92d07;Venir fille visage bord.;8;118;TP;PUBLIE
6b02de0c-d8da-488e-b234-632bc29efaa4;f6a3fb31-497e-4546-a534-da28c6e2b06f;Lourd réfléchir terme terreur.;11;65;PDF;PUBLIE
6b23d6da-fb0a-4266-86ee-aa695bcfd278;e6005a69-fcd0-44af-a057-64ca8310753c;Lequel vers foi en possible chair.;17;46;Vidéo;ARCHIVE
6b26b666-d40f-48b4-9673-f2ad6d4d2058;37c63eaf-495f-41f9-b974-0ce816f0429e;Sujet clef confondre horizon.;16;79;TP;PUBLIE
6b393602-2ca5-43a5-a2d1-68acf53cf24c;f26290e1-e71c-4fb3-9e3f-a00ffb3bab3b;Moindre complet forme faim simplement.;17;160;PDF;ARCHIVE
6b57668b-09eb-439c-b188-18f215cc1942;25676fcb-9e5b-4127-af6d-98acc901e582;Près charger notre.;4;35;PDF;ARCHIVE
6b7b58e8-e4b2-41df-93cd-7e05f8066f4f;4eba20e1-f69c-47f7-85cb-a3512fe08cd5;Acheter descendre appartenir fil.;19;139;Vidéo;ARCHIVE
6b9b68e8-4bd6-4212-bb49-3c36a4ca0ec8;6ddd4a69-3680-46a9-b8ae-698b32528275;Établir politique flamme usage ensemble.;12;50;Projet;ARCHIVE
6ba1f71c-8d7a-4bb4-8bc5-e0476bbd77c4;44b2481b-d79e-47c7-94c1-c47e30a50b2b;Lueur instant sol commun avis.;18;68;PDF;ARCHIVE
6bae3300-498d-453c-8b39-d4ee178533bf;5c69eb78-da92-48da-9081-e15b5f2ed1bf;Terme époque qualité commencement propos.;9;96;TP;BROUILLON
6bb3376e-7922-41a1-8934-53dd3a1f3329;5a43ca9f-9e4a-47ee-b66d-3fd80cfccf5d;Couper tellement asseoir afin de.;15;73;PDF;BROUILLON
6be7ab0a-4cb8-4b1a-9f98-cddf4c48424b;0c5d8da9-c03d-43a6-81c4-fc26b0e442ae;Monde véritable qualité traîner.;9;62;Projet;ARCHIVE
6c0e7669-4340-4f6e-993e-0a3aa59d2c50;dea89f6d-6633-4af9-8347-543b15394c44;Cause attaquer compter figurer même chasse.;5;52;PDF;ARCHIVE
6c2b69ee-dc67-4153-8aa6-4894f7718f62;a329fb2e-21ae-4f78-9a05-674b04ba8cbd;Pourquoi serrer sentier terme.;19;121;TP;ARCHIVE
6c2f1805-eb2d-4955-8e78-5091cd0a27d5;8fec452e-eb40-43d9-a150-0283d3e7932e;Fuir subir dimanche creuser.;9;141;Vidéo;BROUILLON
6c49715e-b2a8-4d37-8b48-be959308082a;d1d6d534-119d-4023-a17d-d6494c9e0ea5;Haïr maître religion effet.;1;155;Projet;ARCHIVE
6c95762d-b1e1-4553-8711-40f4c5570beb;dcd06014-3773-418b-bfee-d209ded1081c;Accompagner revoir marchand bon espoir général.;4;92;PDF;ARCHIVE
6ce2a6c1-dd45-4e81-adb8-00bfa82964de;8f2d33aa-d9d2-4c3b-ba0d-cf2c458a29ee;Sauver rose traîner disparaître.;15;81;TP;PUBLIE
6ce93779-c050-4c4d-a30f-60198fd17f32;d1a71860-a62a-48dd-9e6f-47e69b0b861d;Prendre énergie article joli robe.;6;90;Vidéo;ARCHIVE
6d16f155-837e-4641-ba9a-0bf65ee31f7e;96efcc08-d821-4de3-ae3d-39e859fc909c;Lettre recherche jeu pied.;1;155;PDF;ARCHIVE
6d17e006-89dc-4b8b-a93f-ae874cd55631;b408033b-0150-49e7-9fd0-df807496f459;Sable train prêt garder oeuvre.;13;62;PDF;ARCHIVE
6d2edd7d-b63e-4ced-af4a-c6342443e9c0;3d04fc71-2b5e-4895-8054-d9462cf539d3;Réserver rapporter confier bouche action.;1;33;TP;BROUILLON
6d2fec7c-1f12-43d3-8c05-dc661f4400ec;6c19a257-e368-4e5a-a09d-8b26d3ea667b;Jouer annoncer accrocher trop.;10;69;Projet;ARCHIVE
6d3fe26d-bedb-42a2-ae55-546236fe5cf7;209dfef8-a7cf-4686-b269-c06cc0db134f;Sentier sec couleur bruit.;5;11;Projet;ARCHIVE
6d43ec88-ba5a-41c7-8cea-6d74080eaac1;92911344-a9cd-4c45-981b-19c42e582338;Peau place ordre hauteur ressembler maître.;9;59;TP;BROUILLON
6d60643d-4372-44ee-b329-7d803e31ff64;0ee8c077-c8b0-42ac-a316-7eeae7550b5c;Voler passé entretenir autre oreille trop.;20;45;TP;ARCHIVE
6d645b02-fed1-4691-9dde-2ad0e2b7ef0e;a64f21b0-5396-4a95-9a6e-dfc0687699e9;Baisser chaise risquer.;1;126;Projet;BROUILLON
6d743add-ccc0-4f5e-99c0-251604f96d98;fce51cee-48bc-4c22-883c-d49fb0e4574e;Côté sept rouler.;3;154;Vidéo;ARCHIVE
6e747b43-00b3-4243-aeac-dab062248814;a176d678-bab7-405c-ae8b-109b0fb415ee;Précis trésor gouvernement durant empêcher ombre.;5;9;TP;BROUILLON
6e984635-eb8d-4f8d-b44b-1390f568f016;6467b5e9-f606-48bd-b236-a188102dcc1f;Saint rejoindre moins justice.;12;115;PDF;PUBLIE
6eac09a5-46cb-4659-aad8-89022306e192;2cb759ca-0a28-4a55-bb96-abc2cbca7c3e;Immobile trésor pain.;16;149;Projet;BROUILLON
6eb86b71-724c-4e9d-910a-d9b11d5a216a;fbb71b71-7c25-48c4-96d1-2edf72e4ae57;Espace rappeler plusieurs sourire.;1;64;TP;ARCHIVE
6ef262ec-2985-466b-8244-6a86010e4a88;93b65685-c14f-4fa8-8986-c9b85fd774ad;Dent gauche neuf.;8;43;Projet;BROUILLON
6f0a3717-7d7c-4ce4-aa62-b6bebe58d122;7d05d623-27a7-4133-8ea1-0e275e1b43de;Queue bas âge.;9;134;TP;BROUILLON
6f218a91-10a0-4c50-a43c-192f4d437038;0c6ce5ae-0535-4d9f-a0e2-e606358a26ea;Parfois drôle accompagner énorme.;18;93;Projet;PUBLIE
6f23f873-e6da-412a-b1c9-ed5f5d7c27f5;31a6fadd-ab99-4f8a-9518-d51a7a67bb15;Sein dégager violence.;4;149;PDF;PUBLIE
6f3716f0-e344-4bad-ae02-08a921fa64e9;86356034-9310-476e-8b06-0a38dae56565;Croiser falloir passage voiture.;14;167;Vidéo;ARCHIVE
6f4308ef-9a0a-484f-9564-dd356d62fccf;8a31fe60-24d2-4584-9e8a-637f802f36be;Personne cerveau même cas.;7;65;Vidéo;PUBLIE
6f731ba9-de17-4134-bf03-811aac13358b;438bfb3f-41ff-4be4-9f7d-fc6e7949e705;Quatre celui accord sac.;19;41;Vidéo;ARCHIVE
6f7baf11-ece6-496a-9e21-df1470a086ec;442248a9-422b-4f2c-84f6-a4ec52a64d23;Preuve moyen glace reprendre.;8;63;TP;BROUILLON
6f81063f-62dc-4bfc-9c25-15ac80defe66;e10c1e20-34c7-4f91-a23c-8d809ea0dbca;Marquer fuir tempête.;16;28;TP;BROUILLON
6f94ec75-dcfc-41c5-9a65-083293647308;39cebbc3-2c29-45a7-8505-ee790494bf7b;Épaule plus est nombreux mari.;5;153;Vidéo;PUBLIE
6fb7b841-06fb-41ba-8579-6c8acd0d9859;4c879988-e98c-490a-b8d3-85095e2e6019;Adresser horizon peuple taire espérer est.;20;22;TP;BROUILLON
6fb97d7d-f15c-4348-8e99-ef06e771043c;5115d8d8-327d-41f9-b58c-44e8a2240cd0;Aspect étendre lorsque installer secours étage.;7;32;Vidéo;PUBLIE
6fdaf4cf-e670-415e-b861-b7410a93f9c1;56d5b9fd-c007-4210-be8b-3f7af57127ca;Poitrine groupe engager sous.;8;21;TP;PUBLIE
6fdc48a6-911e-454e-b772-1e07e55de984;28884cfd-7849-4285-9f54-65c64c69870a;Courage traîner mouvement planche solitude.;9;130;TP;ARCHIVE
6fe5061c-8edb-4681-9aa3-c17dbee19f12;94274209-918e-4525-a838-fc24077e1314;Existence as vif.;4;84;TP;PUBLIE
6ff649f8-6423-496c-af78-4c4695a648c5;70ec2a6f-b907-4ddc-aab5-2a42492079eb;Docteur machine bête.;1;76;Vidéo;PUBLIE
70111e69-fc62-48f0-a279-e85ca5ca6569;8e2d0e25-32b6-45f2-96d8-af495d115257;Jour lever ensemble facile savoir.;2;62;Projet;PUBLIE
7045a417-9c12-4e8a-a05f-5c5573e24651;b705f265-d06c-46e5-8211-fcf911a853f8;Terre depuis jeune présent vouloir élément.;15;157;Vidéo;ARCHIVE
70a599c2-4cad-412b-bc4c-0a8cd9449777;b1d860e2-c51b-44f8-ab77-4772c1e4d536;Propos coin solitude lever crainte détail.;8;139;TP;BROUILLON
70bf7ee0-20bd-454b-b6c0-3358f57bf398;bb81b7df-21f9-4cd2-a1f6-5bc8805a7494;Prévoir froid guerre.;3;22;TP;ARCHIVE
70d1cf2a-51d0-4c8c-a0cb-195762a17e43;3cfcdaca-c30a-42f8-8f42-aca4b16f48fc;Penser accorder bout sembler feuille poids.;18;52;PDF;PUBLIE
710d5b04-1c92-4993-9e5c-cebbc4b1ee9b;b87e74a0-4dce-4ba8-80f0-260ed2d6311b;Oui pluie conseil parce que.;16;82;Projet;BROUILLON
714442b6-d10d-4b84-8af5-33211d14f69a;928a85bf-0055-4725-8af5-f4591e281a68;Vieux quarante conseil.;4;165;Projet;PUBLIE
71ad859c-fc24-4ff8-a1b7-fc6319c6c4f1;bdb8b0af-12f4-4f23-bed4-c8f08861fb56;Existence consentir grand vite famille.;9;20;TP;PUBLIE
724d6d67-2c37-4621-9d8a-cd43306921c5;a77a76f4-8837-4277-8d9f-e13078f5ec51;Aile interroger nom ainsi au.;15;71;TP;ARCHIVE
7250425d-6be7-441b-ba19-367f54ee0e77;a977d5a8-191c-4f7a-ad5a-3177272ef9a8;Créer demeurer continuer.;3;135;Projet;BROUILLON
72556e14-d108-49cb-bb5d-27f252c9e177;433dc043-86dd-42f3-99a7-d941a6ea6d2f;Entrer jusque demande suivre.;17;40;TP;ARCHIVE
72658910-ac2f-4aa9-a7b3-6366ce56b3c4;0c34a864-8ad1-48fb-9df7-3df2fceb8411;Pas confondre moitié fer.;11;171;Projet;ARCHIVE
7268cc14-db22-4764-bf27-7b2f26352a9f;6ddd4a69-3680-46a9-b8ae-698b32528275;Annoncer fusil retrouver réunir point.;7;46;PDF;BROUILLON
729150c1-1ed9-4116-aeac-18ba6a579cab;ce4a3931-79ff-45e5-93a4-104606914b76;Lutte colline eau partout.;14;95;Vidéo;PUBLIE
729e901d-6a40-41ba-b6e2-99a012274398;239dd0f4-ac09-4eda-b170-4d8bf216eea3;Fixe chemin qui assurer propos apprendre amener.;8;20;Vidéo;ARCHIVE
72a7fd7c-e634-4c90-a263-36e34c86ab22;1b77c343-373f-47d7-9da5-e41400ec6c97;Jaune traverser veille fine flot impression.;20;126;TP;PUBLIE
72ade18b-9a96-4e60-8d99-70e45a0f1c71;a977d5a8-191c-4f7a-ad5a-3177272ef9a8;Siège justice éviter loin moins arriver.;6;35;TP;BROUILLON
72d52a38-f149-4284-b698-8449252c9dce;187436f8-89af-4ae8-ad79-bf14a2ff0182;Encore terrain vide mari faible.;3;148;Projet;ARCHIVE
72e97835-30d2-4325-906f-90db8aeb29d0;55e168ca-c599-4592-bb54-06d2cd537e51;Ou plutôt en herbe.;19;150;PDF;ARCHIVE
7306551f-1784-4fc5-bd97-569a10d3d116;0b643ce0-fe74-43cb-9f89-fe82097a037e;Vol user surveiller secret jusque.;4;117;TP;BROUILLON
730cd275-a4a8-48be-863c-2070272736b4;2269ef61-1fa9-4dba-ac80-c5ee191a09f0;Mille exiger séparer homme relation.;20;50;TP;BROUILLON
73266c83-9584-45c4-b253-5e5d9e8cbfbf;2d82c71a-3f27-40c5-84ad-266c1d5c6e7b;Prêt réserver amener chose politique.;11;180;PDF;PUBLIE
732aee31-c97b-402d-956d-3f7325d9ca0a;b67a3f65-5651-4b7b-8dce-9bd6a6da8b7d;Livrer événement espoir reposer.;5;123;Vidéo;PUBLIE
735289bd-70b9-47a9-a5ad-f315abe24eb9;b1b530b2-c0de-4da2-b6fc-e8b02e0d33cb;Obtenir toile haine chez.;1;22;PDF;ARCHIVE
73593212-3371-43b2-be2d-6b2604ee140b;7b0bdde2-0be4-4eaa-b483-fc5b7f7fb688;Votre nature force.;9;87;Projet;BROUILLON
7375a627-19f1-487c-86f3-f89f17e3502b;fce51cee-48bc-4c22-883c-d49fb0e4574e;Ressembler réserver afin de.;12;136;PDF;BROUILLON
73be1bf2-99f9-4815-bf5a-5d1af785c7cf;2c4c24b6-932b-4f62-83f8-29f12e447782;Expliquer capable auteur.;3;119;Vidéo;PUBLIE
74282bdd-75e1-46e4-8fa0-930772949675;433e2047-97bc-4b9a-8afc-77577ea60d92;Mode élever remplacer veille vendre.;17;24;Vidéo;ARCHIVE
743136c0-325b-47de-9547-ea9fac480676;1b07293c-223a-4fec-81c7-eec64914a80e;Deviner scène signifier.;19;157;TP;PUBLIE
7431e19e-5c81-41d4-95e0-f5ac62745993;71941234-69cc-4941-8dcf-c9046b7399de;Lors chaîne neuf autour.;8;29;Projet;ARCHIVE
743adb55-9025-483f-96f0-4eec2657c2ab;5b057f7a-58cb-4a9a-af7e-b826cbc1fdcc;Mari sein on tapis.;7;67;Projet;ARCHIVE
7477a7e2-56b4-430f-986b-b7efadecfb9b;55ed8e79-28b9-4656-ab98-5287382083ef;Réponse monde deux sang.;17;178;TP;ARCHIVE
74995bad-e168-4ff0-a5f6-d4504110fa97;13d6d91d-24ac-46d7-b4cc-743aaef59b8c;Vaste matière également.;17;101;TP;ARCHIVE
74e1802f-9f2f-487e-b1f2-04213bca00bc;7a8a60ee-066d-4e21-ad7b-ad4dc90a6f90;Distinguer roman traiter action histoire.;16;141;Vidéo;BROUILLON
74e8ba68-e3e0-4a76-9632-7517d7d1acf0;0e55996b-180b-4a8e-b713-b0e5b95f5599;Même dos pleurer chien rien nombre.;4;10;Projet;PUBLIE
751a9b05-fa71-4ec5-8bf8-921af02b9a77;806b9e49-6019-4709-ab0e-ba68558e42fd;Or toi nouveau sembler.;12;78;TP;ARCHIVE
751d54eb-0736-4875-8b00-a409461a9b6d;d27bebf9-a89f-4a82-9b83-56a0a05809cf;Demain réveiller fatigue sou fidèle chiffre.;7;84;TP;ARCHIVE
752425ba-c521-4080-8be2-8fa6867d2560;2d82c71a-3f27-40c5-84ad-266c1d5c6e7b;Exiger naissance cause effet point entendre.;14;71;Vidéo;PUBLIE
75b0b38d-25b3-4aaa-b9e0-d8d357a8b9bc;f85d723f-39f6-4243-9d46-e3f9cbb145c2;Désert guerre avec sembler.;18;83;TP;BROUILLON
75c1097b-817d-4efd-b316-7459260f7e75;9327c801-bbe7-4e6a-98dd-7ef798a4063d;Couleur étendre beaucoup rassurer intéresser neuf.;1;108;PDF;BROUILLON
75da27e1-ec44-4221-bf3a-79490cb474a7;32643253-96f0-4a58-ab87-150e752c50b2;Toute moyen peau donc.;13;97;TP;ARCHIVE
75eae90a-e341-4d39-80d1-bdafdfa74af8;d810fef9-a3cb-4a9b-9817-2d42cd42608e;Présence succès ensemble surtout.;14;160;Vidéo;BROUILLON
762264be-1e85-4a26-aa42-c0b8409223c8;e6005a69-fcd0-44af-a057-64ca8310753c;Posséder défaut docteur plaire.;13;18;PDF;BROUILLON
762fd227-360e-45d4-b431-fae58293c4df;59cd40dd-5875-452b-88fc-56c00ae2b81d;Extraordinaire tendre poussière.;16;147;Projet;BROUILLON
76a350ea-29c4-4067-bd08-531234bd26c3;f79b0b62-1bff-4324-af55-6f530112ca54;Arbre temps saint vague printemps acheter.;16;99;TP;BROUILLON
76a357cc-5d2d-42ed-92ee-2304d23188c9;b41440a8-f069-49d4-a502-b4304358f9f7;Exiger rencontrer retrouver curieux fruit.;17;77;Vidéo;ARCHIVE
76ae7fd1-fb7f-4e83-9806-2862ab5982a2;eece212e-f334-4e41-b6e3-965fc326f560;Expression bête rare nourrir.;10;56;PDF;BROUILLON
76cb65c7-6ab0-434e-8a94-47246456f97d;d81ad7b1-1a9f-4ce0-a27c-b57e5210a13e;Conversation siècle ouvrir pas partager.;9;122;TP;ARCHIVE
76d739b3-221c-4c0b-b3d6-bb7a3ecc0b44;21bde9ef-0042-4f00-8665-59106fa5be0a;Fortune absolu taille profond notre.;4;133;Projet;ARCHIVE
76e5b35a-5780-47f3-9faf-f4a1ce972ada;af44ed5d-9c47-46fe-803e-2c620d25641a;Religion également second camarade.;2;43;Projet;ARCHIVE
76f8aee1-ae54-49fd-a71c-6996efe5521f;cc8e5010-61d8-4c77-aff3-6e84137b3d82;Sous instinct silence immense atteindre rencontre.;11;43;PDF;PUBLIE
7705ce6d-be2a-460c-baeb-ea08ba9d7804;65ad3315-449b-4bec-ab84-5fd9a3a51dad;Franchir coup remarquer renoncer.;17;74;Vidéo;PUBLIE
77085eb7-da39-4f67-9d48-31bd78e8bc94;f85d723f-39f6-4243-9d46-e3f9cbb145c2;Près carte froid lune.;10;33;PDF;PUBLIE
77356a0c-35d6-4fb8-9a1c-1052b61e985f;928a85bf-0055-4725-8af5-f4591e281a68;Courage parfaitement occuper folie.;10;21;Vidéo;BROUILLON
7754a927-9234-49ca-82ae-a1545c4ffe48;8050de90-76f8-4e8d-8714-ff9cd039d033;Machine campagne hors debout jamais désir.;14;151;TP;PUBLIE
77710c36-4d45-4ad1-b21d-ca9a47520ea6;c63ccba7-bdab-4dc0-81a1-4c4bb2cd5971;Ou devant surveiller eaux.;13;28;Vidéo;PUBLIE
7787395d-32f7-4e4d-9f73-d65f9a58e640;94cef49c-8dc4-4d2b-a1b6-360a24cb9f35;Près fixer violent feuille.;11;124;PDF;ARCHIVE
77a5c181-c73d-41be-afc9-5dcb29ce8fad;180f4bcd-0000-4d45-9e6a-dda43503fade;Aider bout saint loin.;17;130;Vidéo;PUBLIE
77c450dd-8612-4889-bd45-c4931727ed98;290453c4-d8b2-4f5e-9d7b-b33cc547efe5;Âge vin lorsque soirée eh peser lui.;20;121;PDF;PUBLIE
77da435f-d22f-41e3-b2ad-b64a352afb67;6379eee7-9072-4b12-95c9-41ae5839953c;Forêt nature dangereux accepter malheur.;1;31;Vidéo;PUBLIE
77ed8d5e-0041-4be7-8787-ff415cf4d5f5;a057927d-ae65-45a9-8afc-fbeba1a9ef60;Vingt parfaitement manier social confier découvrir;15;13;PDF;PUBLIE
77f4f325-c52d-4940-b809-78738acb435b;d44c140c-a45e-4ac9-b825-57de5355dc50;Entraîner huit genre emporter.;4;162;Vidéo;PUBLIE
78067978-9624-4eab-8440-338ed7daef46;c7c1edb7-dc92-4761-b49e-547ad7d93ec2;Mourir grandir remercier.;9;96;PDF;PUBLIE
7811dcea-3193-47bd-bc14-58c47fd08982;5a43ca9f-9e4a-47ee-b66d-3fd80cfccf5d;Comprendre surveiller devoir feu.;5;88;TP;ARCHIVE
7812d140-ff05-4136-8f63-b0305e998e4b;b4a680fb-456b-40d7-82b0-5b8b710911ea;Rappeler parfaitement situation entraîner.;7;92;Vidéo;BROUILLON
7835ea87-6588-42a1-b4fd-d6635273f02e;d266b0ac-085d-4fa0-8073-cd06119b957f;Port huit ouvrir tard.;3;102;TP;ARCHIVE
783fa008-3f59-4241-acae-bd0eaab55a09;a8100fda-0055-4a81-ac3c-4216af4d527c;Derrière général cour auquel lumière.;8;74;TP;BROUILLON
7845a360-6d9d-44b4-960f-088cebe07d7b;067c73eb-23cb-4cc8-961b-34a18b05102c;Parti mode arbre éteindre.;18;132;Vidéo;ARCHIVE
7899eb38-1922-41fe-a53a-153f5aa28f7f;62dcbaef-7ab3-4f1c-acdc-9c1033bdf0d9;Direction social ressembler dresser saint autorité;8;32;Vidéo;ARCHIVE
78ce264c-d1e9-4fd5-9741-689213a87981;1df2375c-33f1-417e-bd0e-be54c4e86392;Oublier vieillard ton apparence eaux aussitôt.;9;111;PDF;BROUILLON
78d2bb3e-732f-487d-9f89-68d89882cab5;9945cf63-958f-4e9a-b5f5-a4dee20e63cf;Haut hiver prononcer respect accompagner été.;13;113;PDF;PUBLIE
78e4f666-ac82-42af-94bf-412e775bc610;163c74f2-869d-42e6-842a-fd3b9f8e4652;Servir mais vieillard.;10;53;Vidéo;ARCHIVE
7902db4f-1251-4010-bc8b-822f2dff4b92;fff3cfa1-5d72-4ef9-870b-97214f64f89b;Nature jeunesse professeur perdu.;14;124;Vidéo;BROUILLON
7934e164-ef0d-4e1b-8446-89c2385c6c8d;0a64b8db-642c-4391-9a55-0d41b9c1cbb8;Soulever visage savoir.;18;42;TP;ARCHIVE
793c1c10-8d43-45c9-b923-86a5ef9c586c;533435c5-165a-4320-9901-228d85ec90f5;Amener position attacher.;19;166;TP;BROUILLON
793fb694-16d0-4a43-8708-f98a904cf090;357d39ca-2c5f-43d7-9e45-55486b7e125a;Drame taille caresser intérieur être.;10;143;Vidéo;PUBLIE
79406ed4-0e0c-4b0c-87cb-0ee03789d2c5;d1d6d534-119d-4023-a17d-d6494c9e0ea5;Liberté cabinet occasion penser forêt air.;15;140;TP;ARCHIVE
7968cb83-1d8a-4eee-9999-bf4b640505f0;87eed4d8-979c-4cfb-a795-d1cd65cd0fd9;Position tombe pièce.;2;89;Vidéo;PUBLIE
79a6d1f7-c1e5-400b-a007-7bcf83fee907;12db617e-1854-4962-b440-e24e7a536e12;Transformer rien signe crise conclure.;3;162;PDF;ARCHIVE
79fd2be9-37b4-48a4-acbe-c7e34ac0e58e;a561759e-3513-4450-917a-26d20b30ba32;Direction coin soin ainsi grâce tombe.;10;169;PDF;PUBLIE
7a11e4cd-9889-4caf-bfb4-e00cef80267a;61e52d72-a706-4621-9644-61dec9715d0a;Français divers maison secrétaire.;2;174;Projet;ARCHIVE
7a148f45-8778-4750-b176-03cce707fb69;d810fef9-a3cb-4a9b-9817-2d42cd42608e;Printemps escalier cinquante ou détacher montagne.;13;92;Projet;ARCHIVE
7a1cf84c-39b2-43f9-9700-7cb6a82115de;d4055d63-fc69-45d2-975b-c845584d5149;Chambre composer bientôt.;4;172;TP;ARCHIVE
7a3a20a4-c8eb-48af-ac0b-8990d2cb853a;163c74f2-869d-42e6-842a-fd3b9f8e4652;Étage famille passé certes nouveau croire.;5;15;TP;BROUILLON
7a4f366a-bbb1-4ce2-8e43-8ee8960d1984;442dda73-ba23-4d5a-9cb6-7766c6772736;Regretter coûter dame.;8;67;Projet;BROUILLON
7a5b044c-0711-4b9c-823d-5c15e9ad510a;163c74f2-869d-42e6-842a-fd3b9f8e4652;Brusquement folie chez cheval ombre souffrance.;17;125;Vidéo;PUBLIE
7a6a34c4-dc5c-4bce-8811-8fe5f28be79c;48e32488-4439-4818-a6da-7ddf0f48a813;Contenir faux disposer million naissance derrière.;3;140;PDF;ARCHIVE
7a7254eb-e81d-40bf-9433-f581de6e23af;533435c5-165a-4320-9901-228d85ec90f5;Joue fonder si par un apparence.;12;13;PDF;ARCHIVE
7a9d33d8-9b51-4362-af20-82e0028ac8e5;d3252caf-467c-4ac0-8433-30b3dcb1fc1d;Ni absolument lors.;18;154;Vidéo;PUBLIE
7aa30496-e5c6-4a53-b8fd-bfe922a54efb;357d39ca-2c5f-43d7-9e45-55486b7e125a;Jouer entier chant.;18;120;Projet;BROUILLON
7ab25d19-abb8-41d0-aee8-c6cc4c37e083;c5dfc2f6-f40f-46e1-9a9b-b406c3357ccf;Gauche remettre épais naissance précieux ah.;15;176;PDF;PUBLIE
7ae7c6e7-9a7b-4921-8426-ff423a58be19;62dcbaef-7ab3-4f1c-acdc-9c1033bdf0d9;Cependant achever preuve résoudre charger.;11;101;Vidéo;BROUILLON
7b34bb86-11f8-46db-8741-af0549d2537e;4092b7ab-bee6-47b9-bbca-01ff0678718d;Lumière bête chance vin élever.;13;170;Projet;ARCHIVE
7b8895a0-fa45-4838-87bd-c915c6182c3e;72724037-3a80-4b5a-bf52-1cc2561678e9;Payer vin causer.;18;50;PDF;BROUILLON
7b912e8b-8719-4733-a47c-10c1b2dcbe4c;bb9172d0-ce0c-4c50-a387-d5d19f9ba0c4;Chacun ramener jeter fonction.;10;128;Projet;PUBLIE
7be74029-db82-408d-abc1-771e0b6a0bc8;ce840e50-09e1-4a95-b5d5-445fd93789db;Souffler naître sein tourner.;17;49;Projet;PUBLIE
7c051e81-21b2-4279-b652-1ed8d560528e;f4fc4a47-9664-49e8-a2a8-b775e22f7ecd;Herbe repousser angoisse voix mesure.;17;6;Projet;BROUILLON
7c0a7aca-ca10-4d41-8b38-d155a68575b8;714fb6c9-c3a5-42af-b6ae-7634bb712cb4;Tendre rire marquer entendre guerre.;6;171;TP;PUBLIE
7c0e6256-41d2-45a2-b351-2c84450f4228;32805f51-a44d-4ff1-88a7-c94ea5801579;Vie craindre quart fin souvent.;7;131;TP;ARCHIVE
7c0f971f-94d6-4e25-b136-ad66acf5d8fb;8c151594-ac8b-4d34-a2af-1b6ac6fbf041;Bon beaucoup battre.;6;91;PDF;BROUILLON
7c2619c4-5491-4309-aff4-b094b58b9449;b88e80cd-5d93-476d-ab57-42c57d9671b4;Durant officier sou.;8;74;TP;PUBLIE
7c35a312-a098-498a-82c9-1a2ce4087082;b10a5096-fa6b-4f33-94a1-e52901cf26cc;Fatigue lutter épaule parce que.;12;49;TP;BROUILLON
7c4b9d1f-a2a1-4cf7-8908-c524983f345d;b41440a8-f069-49d4-a502-b4304358f9f7;Grand valoir lors.;17;28;TP;ARCHIVE
7c68d551-918d-4e92-8550-aa010b67ac55;902f2858-125c-452c-ac05-3dc8a198a43c;Pain mien aider dame toucher.;7;25;Projet;ARCHIVE
7ca61a41-ff66-43b0-860c-8f17c3ca176a;06082973-61bb-4985-b895-0915cd9297f9;Présence succès ensemble surtout.;13;123;PDF;BROUILLON
7ccd3143-e589-4d77-bde9-07f3682f7c43;42d1389a-6410-42e5-bec4-390e2b789784;Inviter froid simplement.;4;48;PDF;BROUILLON
7cd2daee-2234-4320-9b71-3f0c0446c498;b8a048df-b056-476a-87f3-d4bdbf47ed93;Voler intérêt sommet direction.;9;141;TP;ARCHIVE
7ce49322-48dc-4912-985d-cfe11a81a84c;21bde9ef-0042-4f00-8665-59106fa5be0a;Beauté suffire permettre désert supérieur rouge.;8;118;TP;PUBLIE
7cefe6df-0334-49f1-84f4-3edd09c1c514;0b643ce0-fe74-43cb-9f89-fe82097a037e;Banc examiner assurer il tracer.;9;41;Projet;ARCHIVE
7cf78248-e00c-4304-a507-c08835ed8005;201b93b0-dedc-4834-a093-0bd52e41283e;Obtenir aucun poursuivre soudain profiter parvenir;8;33;TP;BROUILLON
7d263ed6-70d9-423f-b383-c81cded627bb;c6f94762-05c9-4508-ba3d-54a94c79e5b4;Dégager lire vent conseil.;1;67;Vidéo;PUBLIE
7d4a65a2-910c-4bf3-a2a7-38f4c0dbdf1d;5359944d-cf74-474a-a382-2536e8d6a4b2;Vous fait offrir.;16;177;PDF;ARCHIVE
7d8b8eaa-b2e6-4912-95a3-a6a7d82819b7;a561759e-3513-4450-917a-26d20b30ba32;Oser arme obliger effort.;15;83;PDF;ARCHIVE
7dcc2c5a-a068-40dd-af3d-321ef4da942b;65ad3315-449b-4bec-ab84-5fd9a3a51dad;Seigneur composer regard fumer montagne.;13;44;PDF;BROUILLON
7e02319f-903b-415c-8a6b-2cdc0d1e0e9e;e10c1e20-34c7-4f91-a23c-8d809ea0dbca;Puissance travers apparence dieu.;11;46;Vidéo;BROUILLON
7e3a2977-2dd2-445b-bf41-f987458d3005;af44ed5d-9c47-46fe-803e-2c620d25641a;Bataille suivant âgé signe asseoir.;6;150;PDF;PUBLIE
7e5eeda1-69a4-4ebf-b3bb-2f0078c8a01e;accc4ee2-96dc-439c-a519-42a224f3235c;Entre combat souhaiter croix.;16;100;Vidéo;BROUILLON
7e64f389-b7fc-4d30-a22d-42e7e6c8f26f;bc1dcd1b-2892-4353-80ee-f310f6fd137c;Long maison gris assurer.;14;66;PDF;PUBLIE
7e7d095c-a083-4027-a25f-c62a8213d3b4;ca5ed06d-b126-4ce9-8a0b-0a12a960ee60;Rapporter crise religion puissance.;16;31;PDF;PUBLIE
7e9276f8-710f-4278-9035-878d5fbace6c;ed445236-0fde-4690-b7bd-cdd5ae641722;Étoile ressembler réalité.;1;98;Projet;PUBLIE
7ea8904c-3861-417d-a5d2-cbc14d75e8af;86356034-9310-476e-8b06-0a38dae56565;Suite résultat ville ici long.;5;132;Projet;BROUILLON
7ec0f6f0-65a2-4a23-bd99-9235e530ffb0;ffb99c6e-03be-4dcf-a408-17449a8dbca1;Patron poche immobile poussière.;7;95;Vidéo;PUBLIE
7eda5b4b-eac3-49a0-8e38-9b0cc6205119;65927d40-90c5-462c-80fe-0abce408cfc6;Fil colline accomplir fusil devant.;17;73;TP;PUBLIE
7efd5184-e49a-4ac1-ada9-e47e1bc65d0e;6284cc18-0301-424e-b421-17470812d5cf;Couleur est source semblable rejeter.;17;115;Vidéo;BROUILLON
7f26dc87-04d8-4256-a2a7-0dafb2426fc6;180f4bcd-0000-4d45-9e6a-dda43503fade;Puissance lien agent voisin bas.;14;35;PDF;BROUILLON
7f2bf7ec-2118-4d8f-8560-4785a5f82cae;702c88d0-3ef6-4e89-acc7-a5a45aa73cc1;Oser disposer revenir existence.;5;124;Projet;ARCHIVE
7f6968be-37c1-4a19-8421-6c0fc357361d;9d722162-3c3c-4f24-b722-a8b88faebc4a;Compter épais rappeler quarante nom.;17;145;Vidéo;PUBLIE
7f83b9f8-5d1a-4686-872f-a38300126ee3;080bee8b-413a-4187-8a56-d5da07645068;Chant obliger bon front glace.;16;79;Vidéo;PUBLIE
7f9e10e3-7686-437c-a771-6fcabb943358;92114999-547a-48fc-9dd4-e28ab433f731;Même souffler double.;13;27;TP;BROUILLON
7fb71a1c-5c84-4491-b6f8-b2c7492da3c7;bb81b7df-21f9-4cd2-a1f6-5bc8805a7494;Détacher muet rester mer.;14;154;TP;BROUILLON
7ff92f94-5446-4dc2-bb30-c246c732a6f4;5e8614c8-4774-48cf-8b7c-61de015704dc;Colon or instant vite.;19;47;Vidéo;PUBLIE
803d018c-1608-4c53-98e0-ca9dbc903957;4d5f4386-af0a-4b8b-9da3-df71dac50cdd;Penser époque guerre masse retomber.;4;48;Vidéo;BROUILLON
804f3777-cd4e-4468-b20f-4b7564f39503;e227c1c1-b7ec-44e7-b6b8-9096daf7ac92;Mauvais plante interrompre admettre.;14;50;TP;PUBLIE
8078f005-05e7-4fc8-84da-adb98027bb62;54604032-cd81-4077-a20e-cfbead7630a9;Poser désormais valeur.;16;81;TP;BROUILLON
80a7bcdc-131a-4115-99b0-e1564571d04a;b1d860e2-c51b-44f8-ab77-4772c1e4d536;Importer poésie présence ligne exposer instant.;17;56;Projet;ARCHIVE
80da4003-cf3b-4441-86ea-22e95c666f0e;bfc907f2-0722-4b33-8ec6-88a7d947af26;Partager vers entre surveiller déposer as.;2;63;Vidéo;PUBLIE
80e77016-0c08-4189-bf06-402c0a457462;deabccfb-e4f2-4299-b12e-f8b0641dc466;Rejoindre mer madame soulever neuf froid.;1;6;TP;PUBLIE
81509d68-f4b1-4223-a6c9-1b97265fd53f;f79b0b62-1bff-4324-af55-6f530112ca54;Pied auquel leur pont prononcer séparer.;12;87;PDF;BROUILLON
816a73a0-8bd0-4c13-848b-d506397fcd3c;7951b14f-685f-4fd4-b26b-7c759bc40cf0;Malade gagner libre.;20;92;Vidéo;ARCHIVE
81b579c7-413e-4f74-9986-31773dc6a717;17730e20-cab5-480d-a26a-4cd6cbee9d55;Sien ignorer guerre dessus malgré femme.;8;69;Vidéo;PUBLIE
81c0adaf-0e36-460f-990b-d9aed46b530c;c5dfc2f6-f40f-46e1-9a9b-b406c3357ccf;Jouer tomber abri troubler désirer.;7;68;Projet;PUBLIE
82161537-721f-4227-b75e-94d32257d584;39d46ce9-d1dc-4b7a-9d01-7dfae1888c77;Plusieurs gouvernement libre faux ceci titre.;16;7;Vidéo;ARCHIVE
82314068-1724-4184-a8af-3c5119c4773a;404c4ad0-2fbb-4d8a-bf47-06399acef40d;Entrée trésor ramasser fenêtre roman général.;6;117;PDF;ARCHIVE
82437a31-36f8-4a95-bd16-a3cb9e746a19;8663ebe4-575f-4c2f-9e33-42bc20efe8c8;Odeur endormir écraser plan avec.;7;30;Projet;BROUILLON
8266f6eb-be1b-4368-af6f-3e1feec499bc;b254f8a4-5e60-44cb-b052-85c774bf4c90;Été aujourd'hui science.;4;41;TP;PUBLIE
8269b253-4997-43f1-a78d-3b9e7a14a62a;68296f03-8ab2-4e2e-a505-a56e77e37885;Marchand somme obliger naissance entretenir beauté;6;168;Projet;ARCHIVE
826a6626-39e8-412e-ae60-37e385b5e25a;ce840e50-09e1-4a95-b5d5-445fd93789db;Car calme craindre.;6;118;Projet;PUBLIE
826b9cfa-5b40-4689-bd1c-42e3ed62b9e2;6ddd4a69-3680-46a9-b8ae-698b32528275;Escalier calme commun aller répéter un.;7;152;Projet;BROUILLON
82ac8220-9cc7-46a1-b6bf-b20373182b15;239dd0f4-ac09-4eda-b170-4d8bf216eea3;Droite marchand après.;3;179;Projet;PUBLIE
82cae136-d066-423c-aff8-fa1808a50d5a;8050de90-76f8-4e8d-8714-ff9cd039d033;Montrer remarquer qui causer.;18;31;Vidéo;ARCHIVE
82cfe027-00a1-4c59-aa0f-4b62238f55ef;1b77c343-373f-47d7-9da5-e41400ec6c97;Moindre rester désert.;13;123;Projet;BROUILLON
82fb04de-6fb8-4462-9f72-52dcc0f98409;a8840248-1014-444c-827d-02d03aa18c2a;Prêt soulever salle asseoir leur.;6;161;Projet;ARCHIVE
8325796b-f994-4c71-ba74-0d4b88f1a7ca;476959fa-a8ed-45e2-aef7-60dee0089282;Reposer rester mille nom tenter aspect.;8;80;TP;BROUILLON
832c0db9-986e-41f4-9174-5e2e43fff956;f11b67a0-03e2-4b2f-a4c9-07e0ddbadc38;Entier tache accord perdre cesser vision.;18;86;TP;BROUILLON
833d2e8a-166b-413e-8fdb-8ad92fdc1901;dc3c5e6e-307e-453f-a3ba-30ab585ac217;Papa magnifique tomber journal plaire.;16;8;Vidéo;BROUILLON
83834038-9257-442e-b80b-b342d8db2ec5;72e46422-33a5-464d-9fb4-b04f01cfd011;Se banc considérer traîner vers.;4;80;PDF;PUBLIE
838cbc03-3117-4caf-8cd2-65d48e69f410;08e9f8fb-431e-4075-b7cc-a05be016687f;Vouloir jeune as journal demain.;18;91;TP;ARCHIVE
838f1bc4-fc07-473d-86f4-6c3d0c6139a4;f6a3fb31-497e-4546-a534-da28c6e2b06f;Compagnie auteur mais roche moyen.;8;124;Projet;PUBLIE
83b5b93a-d7b8-442a-a493-beee64fd4eb6;aebaa4ef-e557-4e4f-9328-06ee6e8077c0;Asseoir moment cela accorder jeune.;2;55;Projet;PUBLIE
83f1d28a-46f4-4f6c-a6fd-607ce9094860;d7947987-3e68-4466-be24-6c8b26ac81e5;Ennemi droite unique million.;3;148;Vidéo;PUBLIE
83f269f5-c47e-4cae-aa43-0d0073ac2883;1bc687b3-95bc-4d7c-8e5b-49358dafaf2c;Repousser élément colline.;12;74;TP;BROUILLON
841c922b-6bb5-49a2-8096-1970e2744b9c;5359944d-cf74-474a-a382-2536e8d6a4b2;Visible prévenir tromper marier gauche pain.;7;128;PDF;ARCHIVE
84218caf-bc36-4b2b-9b15-76d4381adbaf;70ec2a6f-b907-4ddc-aab5-2a42492079eb;Hôtel changer point train.;19;152;PDF;ARCHIVE
84639015-df65-4a90-aed1-a6c93d99a418;42d1389a-6410-42e5-bec4-390e2b789784;Arriver montrer source rappeler.;8;38;Projet;BROUILLON
84819976-81ae-4a63-bda7-eb6cdb2382e1;e6888066-f6ca-4ad6-8676-669438bfae7a;Prochain mur semblable décrire.;8;117;PDF;BROUILLON
84a16206-8e45-4ed4-a4ac-b832b72440ec;f26290e1-e71c-4fb3-9e3f-a00ffb3bab3b;Article pièce ainsi joindre.;8;142;Projet;PUBLIE
84a463c5-f96e-4fbb-8155-72221da801a8;2d72e7b4-e15b-4067-bfb9-5742d9fb369e;Comprendre habiller soldat grand.;7;37;Vidéo;BROUILLON
84ec9a7a-a9a6-4052-acb4-e1aee1c4da82;1b77c343-373f-47d7-9da5-e41400ec6c97;Dormir cesse rouler.;10;109;Projet;ARCHIVE
8542648b-a90e-45a9-bef1-91d91d19f336;ab31bfdf-23e0-4b62-a20f-5951365aabb6;Lit genou fruit éclairer résister.;20;161;TP;BROUILLON
855c5cb3-17bd-4a2c-9f2a-6dcc9fbf2797;d3d53350-9711-4e57-9891-3ea0121cb58b;Vide effort mille.;11;54;PDF;PUBLIE
856bc378-8080-4c1e-806f-ac0ce2350af1;9d722162-3c3c-4f24-b722-a8b88faebc4a;Curiosité humide frapper appuyer départ.;5;59;PDF;BROUILLON
8573fc82-1ae4-4630-b294-8e3043438e3a;51cdefe3-c784-4644-a74b-d9285fafb48d;Abri lisser cerveau chaise.;16;121;PDF;ARCHIVE
8577b432-f71a-401c-b91a-20a487b8ff88;17730e20-cab5-480d-a26a-4cd6cbee9d55;Paraître papa cours convenir.;9;169;Vidéo;ARCHIVE
8591b110-ee56-4da7-aad7-95596fae9924;bf95968a-b3e3-4168-bda6-3c9192575693;Parent journal l'un hasard hier.;12;179;Projet;PUBLIE
86032cd0-d20c-4ce4-a15a-30cbc8dc711c;1a98e2e0-103f-40c8-a7e7-c1cf3fe4ec35;Payer pitié droit.;16;28;PDF;PUBLIE
8657febe-6f15-4dc5-9fa7-9882d8aeae7b;762b07a2-d369-468b-9779-707318b11b28;Employer poche reprendre.;1;166;TP;BROUILLON
868553a3-135c-4e7b-97bc-c28ccd8b9026;b1d860e2-c51b-44f8-ab77-4772c1e4d536;Hier travail d'abord.;15;167;Projet;PUBLIE
86ad553e-62e3-4f0a-b14f-79821211b318;fdbe7869-928d-4b69-860a-5910595696e4;Religion signe cesse six véritable.;3;39;TP;ARCHIVE
86b0293f-9a32-400e-a50c-90c48b384214;f6a3fb31-497e-4546-a534-da28c6e2b06f;Sans faire dimanche offrir.;2;149;PDF;PUBLIE
86ca53d5-13a7-49cf-ac87-7321e40913a6;6284cc18-0301-424e-b421-17470812d5cf;Sein secrétaire gloire saison table voiture.;7;86;Vidéo;BROUILLON
86e2f915-f27b-476c-9e4d-92a73a333887;68296f03-8ab2-4e2e-a505-a56e77e37885;Mal vision confiance.;16;179;Vidéo;PUBLIE
86e8279a-dd37-4145-897e-8f0d226525eb;37c63eaf-495f-41f9-b974-0ce816f0429e;Beaux arracher vêtement mener commencement.;8;12;Vidéo;ARCHIVE
86ff72fd-a55a-4c40-98fd-6ed0d68b2d48;49345ead-0986-466b-adff-4e6bfaf00c79;Manger savoir main.;9;94;Projet;PUBLIE
8711089d-00e5-4bb1-97bc-66ae10ee5ba0;732a11ed-82c7-4642-8934-4ade833bdc69;Puisque personnage vol être tendre signe.;5;179;TP;ARCHIVE
87170227-1af6-48e7-87ee-cfb2836b4894;7abd13f3-f3d8-4310-9ff7-2f50908be029;Fleur libre éclater émotion content rencontrer.;8;9;Vidéo;PUBLIE
871b9d05-b1b8-40f6-8dd1-7ad2805a6dad;8578092b-51ce-44b5-a8ca-dfbaaa5ad9c8;Larme prince prêter ville.;14;89;Vidéo;PUBLIE
87503389-3f86-4ddb-8d63-b3e92cef426f;4e7ae899-bfb2-49de-a024-4c652d54bd46;Fatigue lutter épaule parce que.;15;86;Projet;ARCHIVE
8799418e-5a7c-42c2-8c5c-7493fbc82b33;4d5f4386-af0a-4b8b-9da3-df71dac50cdd;Type garder apparaître autre an officier.;6;104;Vidéo;ARCHIVE
87e0901f-eca0-4927-8dc8-e8668c5e11ac;5b057f7a-58cb-4a9a-af7e-b826cbc1fdcc;Celui étroit brusquement.;19;62;TP;ARCHIVE
87edfcee-db8c-44bf-b51f-e71520c6acac;714fb6c9-c3a5-42af-b6ae-7634bb712cb4;Discours loi beaucoup.;16;62;Projet;PUBLIE
881b422a-5016-4ad7-91c8-5afa5660abc3;2d15cb34-e7c9-48df-905d-1f76c12b1a02;Pendre convenir boire parfois.;1;81;PDF;PUBLIE
8839d11c-29aa-4123-a25e-efde9dbee2da;a4c90a2a-c8ae-46ee-a525-7843252e69b0;Plaindre perte hors faire pauvre devant.;13;22;PDF;BROUILLON
88507494-136e-4e12-822e-b041741f8c09;e10c1e20-34c7-4f91-a23c-8d809ea0dbca;Histoire doute sonner éclat.;9;26;PDF;PUBLIE
8853c3fb-5a81-462d-8dec-09353bca0d25;94cef49c-8dc4-4d2b-a1b6-360a24cb9f35;Composer or composer ancien creuser.;15;75;Vidéo;BROUILLON
885a9f7e-9278-4a4c-abfa-42251a911190;b2d75a90-628e-4844-84a6-9ce4b56a18d5;Horizon accord importer lisser.;4;164;Projet;PUBLIE
8882b446-75e8-4418-88b3-81bdfad4b6f6;be591135-22bc-420c-8ec0-1c630d5a16fe;À aussitôt ni hôtel paraître parfaitement.;13;44;TP;BROUILLON
888642c3-8ac9-492e-a638-24a5243e9c09;b3ec6006-9422-4f6c-86f0-fce14d4b267d;Type fruit entrée.;2;140;TP;PUBLIE
889e566a-4659-4af6-9863-f5c5b9926b1b;87c97115-139c-4d1b-bfd0-60fd4877b741;Dresser prêter profond pouvoir.;19;131;Projet;BROUILLON
88d81962-772e-453b-a7e6-268afd67bbd3;f6a3fb31-497e-4546-a534-da28c6e2b06f;Fer épaule fleur.;11;91;TP;BROUILLON
8911f2d3-ed35-4a6e-b116-88b7d235aea6;fc849460-2d47-42e4-b2ad-594752473c11;Pays presser terre bataille appartement.;11;158;Projet;ARCHIVE
892956bd-c718-479b-9708-a1c8c6d518b3;37d1e398-1120-4204-ac9e-584adcdc6954;Recherche exposer aujourd'hui fusil.;14;70;PDF;PUBLIE
89425ee1-5022-4922-b0ad-07ef82557fb5;d835e1ef-42df-416d-9120-9b7509de6b4c;Choix avoir réalité vaste parler social.;18;28;PDF;BROUILLON
89501fe1-71cd-4870-af81-67b73a645382;8a31fe60-24d2-4584-9e8a-637f802f36be;Vieillard sang avoir.;15;133;TP;PUBLIE
89bca11d-a00e-44c8-8b0e-10fd6351d63e;bc221d10-727e-48b7-8a11-3d2523e692b0;Unique établir voisin âge soir.;9;173;Projet;PUBLIE
89db2c1b-3f8a-4de5-82be-93f4e8293dcf;951c61ba-fe23-4ed7-adbf-3b629516dd19;Courant grandir avant.;11;14;PDF;PUBLIE
89e43a65-d5d8-4db4-aadf-9f0441e79c51;92911344-a9cd-4c45-981b-19c42e582338;Suivant intelligence acheter.;12;51;PDF;PUBLIE
89f5af14-7496-40e5-bdb4-960f29d7eea5;b87e74a0-4dce-4ba8-80f0-260ed2d6311b;Épaule maintenant religion intérêt port entourer.;5;31;PDF;PUBLIE
8a139d26-33cd-470e-8ac5-b606da9a09ca;98156724-102d-44aa-be40-9d5461709739;Principe imaginer répondre arrêter blanc avancer.;14;61;TP;BROUILLON
8a7c1912-0d79-40a7-b92d-ac84953cc1d0;f90953a5-7a21-4b58-96cc-3902d62a3167;Sourire âge gens marcher venir.;6;44;Projet;ARCHIVE
8a7efd69-4bf1-4940-ba03-e7f773cebd23;af44ed5d-9c47-46fe-803e-2c620d25641a;Habiller question jaune.;16;111;Projet;BROUILLON
8a86503b-445b-45c3-a98a-7a59e7b59a45;80dd3017-571f-4c5c-84dd-d1bd07c0219a;Malgré fer malade caractère.;7;26;PDF;PUBLIE
8a9b701f-ba40-4eec-884c-139323ee8aea;a561759e-3513-4450-917a-26d20b30ba32;Aide contraire habitude.;15;37;Projet;PUBLIE
8ac70b77-1032-4f55-aa51-fbd3d97aca64;0cd07ccf-3475-489a-b0b3-a67a77a48eee;Réflexion vêtir réveiller.;12;162;Projet;BROUILLON
8ae4cf54-cee2-4ba0-93da-3b3ccf1ec98e;77514051-1ae4-4a8c-9995-7b761414d889;Absolu porte même cause visage voiture.;3;11;Projet;PUBLIE
8b58c930-9751-4e53-a2ce-52a3b80db36b;7fe4fd45-cde8-4441-a99e-6c1cb55b8af7;Attaquer soin race.;19;118;Projet;ARCHIVE
8b746c32-e93f-499b-a511-60391bceb714;b215c026-953a-46dd-aa40-efa1e1099b93;Dire inutile charge hasard.;17;98;Projet;PUBLIE
8b78331f-11a6-45a5-a3af-24b90b3fd763;a77a76f4-8837-4277-8d9f-e13078f5ec51;Sol cours autour pleurer.;16;87;Vidéo;BROUILLON
8bb6cd38-d84b-45e5-8498-64e936ebd0e2;defce9a4-b618-410a-a8e7-49b1a51e3b11;Conduire qui ne éclater sauver vers.;20;156;TP;PUBLIE
8bd2fc2d-2267-43d2-a407-6edee65b62b5;8c151594-ac8b-4d34-a2af-1b6ac6fbf041;Trou continuer expression françois cas.;19;6;PDF;BROUILLON
8bdb8e12-fa54-4c9c-887c-7308cb25bc7e;132df0f1-a612-4741-85dd-1062f3ca6f26;Faux visite soi.;6;13;Vidéo;BROUILLON
8c12b3e3-5d36-4949-8b4d-60f2f66566df;4c879988-e98c-490a-b8d3-85095e2e6019;Recevoir impossible lire bande.;5;114;Vidéo;BROUILLON
8c379eef-ac1f-4246-a28f-3bc03f4e3a42;f1152cf3-1311-467c-9a48-22db34964864;Cou droite vague.;18;51;Projet;BROUILLON
8c6c44d6-f639-476a-95a0-556df5ce5875;ae37e497-3eaf-44b3-997d-dcc62e08e85c;Achever mensonge vouloir accord.;7;109;Projet;PUBLIE
8c739fa8-385d-421c-8424-0645abce0964;92911344-a9cd-4c45-981b-19c42e582338;Principe ressembler certain creuser rond.;9;103;PDF;ARCHIVE
8c8697e2-dfcc-41d8-a764-5ec1d0302a3e;f1152cf3-1311-467c-9a48-22db34964864;Dent arme public peser accrocher.;13;145;PDF;BROUILLON
8c910c2f-9c18-486a-b697-db379f30388a;44b2481b-d79e-47c7-94c1-c47e30a50b2b;Disposer gagner essuyer seul pendre.;12;110;Projet;BROUILLON
8c964b39-cfdb-4261-88a0-900e490530d7;97ff781d-c34e-4060-b49e-0612e27b8736;Arrivée bois commencer rêve accomplir.;15;11;Vidéo;PUBLIE
8c9c437e-9348-460c-aa88-cdebecfa6f8b;c0869a9b-dbfb-4680-8924-d645b477ff05;Avec comment imaginer règle usage.;15;41;Projet;ARCHIVE
8cb9e401-e752-448a-bc4c-04c537475142;a561759e-3513-4450-917a-26d20b30ba32;Autrefois regard fil passion.;10;52;Vidéo;PUBLIE
8cd9ebc7-7f95-44d0-a6bf-e5b683bbba82;eb732a3f-4148-4d46-8ec8-3a624539586d;Sourd large de.;20;86;Vidéo;BROUILLON
8d3885f2-e0ae-4726-a585-530b5fb4a9fc;a77a76f4-8837-4277-8d9f-e13078f5ec51;Entendre juge extraordinaire gloire moyen.;7;141;TP;ARCHIVE
8d56e576-117a-4c2b-b17a-11be60de1f1a;c09e8d7b-ae55-4020-99d7-bc370ddff155;Étaler cher l'un.;17;116;TP;BROUILLON
8d888efb-8400-4cf3-b012-54e030a65988;b3ec6006-9422-4f6c-86f0-fce14d4b267d;Yeux fatigue faute.;17;13;Projet;PUBLIE
8da8b4aa-b474-488a-857c-41763ddb4853;0ce531fd-d135-43e8-b938-0b94bbd7b70f;Entretenir naître gros froid appeler.;9;142;Vidéo;BROUILLON
8dbae4b2-99c6-4320-912b-a28df7e3c77b;c79fb6ac-c972-44ea-8bfe-9c19b6964ca3;Avant voir habitude.;12;118;Vidéo;ARCHIVE
8dbf4265-1b33-45e7-b2b7-53ef1e842a8a;59cd40dd-5875-452b-88fc-56c00ae2b81d;Marchand dangereux éclat.;13;82;Vidéo;PUBLIE
8dcfc859-23c4-4711-afe6-9a4d380eab45;ab4d0fd9-68d5-4d59-811a-ebc3391e24ff;Campagne remplir avec corps fidèle convenir.;15;73;Projet;ARCHIVE
8dd400c3-b037-4cb1-be31-69636016171c;338d0ea6-dbe9-47cf-94d1-6adbeef93c63;Y surtout delà.;17;169;Vidéo;ARCHIVE
8debd695-1ba0-4261-b5a4-69915f2af610;b3846d3b-0ff9-4a7e-a866-72baa8e1bef7;Écraser horizon craindre bout.;3;87;TP;ARCHIVE
8e01ff26-33f9-4289-8ec0-eba8a192b952;fa66f362-b15d-4d2a-ad52-494e7a89caab;Foule armer gouvernement.;11;96;PDF;BROUILLON
8e26408c-052b-4887-b100-f2e37c0b6b1d;f4209fb9-c351-4849-9372-adc75ec09906;Voyager peur lentement main saluer.;9;9;PDF;ARCHIVE
8e50df89-8f31-4aef-a82e-5146c00ca3cc;f267d818-d238-461a-9141-79f7a75ce1da;Puisque naturellement terrain foule.;17;95;Vidéo;BROUILLON
8eb219d5-a8c3-49f7-9321-0fd85d0318cb;3957f3ab-db8f-4dcd-a324-c7e4ac8040af;Profiter tenter vaste tracer davantage.;16;17;Vidéo;PUBLIE
8f1b6507-c30c-4a0c-9c86-d0e03220f20b;9209fd2e-a48f-4707-85c7-6afb79242c95;Avancer semblable penser.;11;89;PDF;PUBLIE
8f2d75a4-d67a-475c-93bc-570ca1eb24d4;f26290e1-e71c-4fb3-9e3f-a00ffb3bab3b;Forme savoir tantôt auprès mouvement bon.;16;38;PDF;BROUILLON
8f8a208e-328d-4e11-9d96-2233c591abd9;5175cc42-6117-4dea-b03b-8c95656656d7;Nouveau recevoir chacun naissance saisir.;10;68;TP;BROUILLON
8f93f7bf-58b2-48d4-82c6-8e5a293e638b;8f2d33aa-d9d2-4c3b-ba0d-cf2c458a29ee;Passage poitrine coin million.;11;137;Vidéo;ARCHIVE
8f98d0b1-552d-43c0-83e5-4aaeedbef524;48619d7b-7c96-4494-ad34-7737375ad725;Théâtre ministre étouffer frère inconnu plan.;8;76;TP;BROUILLON
8f9afb04-0fc1-424c-a734-e24eeb95ec8d;1ca56b42-9df2-476a-b843-41fdc1c40320;Bruit exemple vieil cinq environ.;9;84;Vidéo;BROUILLON
8fa42a52-a6b9-47af-910d-573059985096;8c151594-ac8b-4d34-a2af-1b6ac6fbf041;Apparence étranger enfermer cependant son général.;5;106;Vidéo;ARCHIVE
8ff646cb-e1d9-4d90-92b4-ba7fa323db53;7ad12a3d-12cd-4e14-91ee-65ec8a62c190;Est plante énergie siège fatigue carte.;3;166;PDF;BROUILLON
9019c755-fe90-49b2-aa93-a9f002b9b5fe;ae5525a5-af7d-48ea-b446-0ea93b366874;Demande étoile lèvre sauver.;3;100;PDF;PUBLIE
901f4b5e-7ae6-4577-a01a-9c967a6cbd58;2cdd11c7-2a61-43f1-91bd-190e8a6490f3;Bas naissance certain également.;13;162;Vidéo;ARCHIVE
902fbe16-6411-443b-af61-81a39ba4120a;1efb00e9-3d9f-49b9-9102-67eab3377383;Second matin faim indiquer.;5;37;TP;ARCHIVE
9042fea6-c95d-46c2-9ec8-4b5a57ceb30b;cea01d94-348e-40da-930a-3a823517d505;Voisin sable inutile profondément courant secret.;5;125;PDF;BROUILLON
904c77e0-d3dc-420d-bb57-00d7203993fe;3afaa2d4-9b8b-438c-8ed1-28c1da8d0097;Genre vingt témoin inventer.;19;22;PDF;PUBLIE
9053f9eb-7370-4cd4-99b9-e6fc778753b1;72c5c0e6-ac1e-45e6-8817-ebcb01ed6e72;Courant lendemain crier proposer.;20;43;Projet;ARCHIVE
907645aa-4235-458d-a1cc-7adfd2bf859f;7951b14f-685f-4fd4-b26b-7c759bc40cf0;Vraiment dos protéger avance petit saluer.;5;81;TP;ARCHIVE
90ab94b1-e65c-47a2-a614-cd8be4cdac04;6e5f0d64-a7fb-413d-932a-8c8d7cffe765;Emporter installer tromper voisin.;17;152;TP;ARCHIVE
90b26073-e085-4188-aa3d-857028835d14;2d0aa0d9-c00a-493b-9750-3d6938511179;Prendre inspirer douze emmener arrière lire.;16;87;TP;BROUILLON
90b62859-d1df-4742-8630-3ff2e689a6e5;c58aab66-a6d5-4362-a8be-be76e285e848;Lier scène soin souhaiter observer.;6;169;TP;PUBLIE
90c6faa0-34d2-40a0-9a1e-fa71a6b6e411;d4927d36-9b51-44ad-9b00-9ba0c9ee6666;Pays couper debout crier abattre.;6;93;PDF;PUBLIE
90c81880-4f55-4ce3-8d7d-4bce3cbd0789;f637026e-aa14-4d49-8c77-6b2dfededea5;Erreur vrai but maintenir reculer valoir.;14;153;PDF;ARCHIVE
9100110d-111d-408c-b976-e8f74e7f4ce8;bf0b5fe4-d1c1-4652-8444-466634155b51;Changement consulter carte vision fixe pitié.;5;61;Projet;PUBLIE
91174500-1ac3-4147-9903-ed86ad6f1fc4;8e274fb9-abe0-4172-9d52-a127282ea72d;Existence au vide quant à escalier haïr.;7;110;PDF;BROUILLON
91573393-0544-460e-ac8a-056818cccd3e;fde748ad-497c-4c8f-a139-c96c10467ce7;Ami roche haut arme conscience moi.;8;83;PDF;ARCHIVE
915d9e12-2190-47f8-811d-24edfa19e84b;c0b61ae6-037c-4e16-82c8-a63714aa21a0;Malheur sueur faute fenêtre delà.;20;16;PDF;PUBLIE
9160e08a-460b-4b99-bfb6-6b7bab0da163;bb81b7df-21f9-4cd2-a1f6-5bc8805a7494;Revoir officier mieux circonstance haut double.;2;148;PDF;PUBLIE
91671af3-6581-47d0-ab1f-750cc2df04f5;78e98f4e-8bb3-48ac-8f23-b9f061e91975;Appuyer contenir président dormir tomber compagnon;7;140;Vidéo;ARCHIVE
916938af-4fd9-4302-ae81-2ee13aa61ae9;39cebbc3-2c29-45a7-8505-ee790494bf7b;Moi mur peau entendre permettre.;11;178;PDF;PUBLIE
916d1d92-1f14-48a5-8d57-d359037c8a23;7c9cfb13-d4f9-44cd-a3ee-c1d65eead6b3;Rester supposer avancer.;12;61;Vidéo;ARCHIVE
91861b3e-3056-4bce-9963-239bbb378bce;b455eac8-c1a8-45e2-8e2e-837b59b3ff84;Trou phrase passé.;5;69;PDF;ARCHIVE
92029dc8-734b-414b-b43f-0084b0d754bd;ef803700-3c7c-4a83-b495-f41f76b23b8e;Soirée battre chiffre.;7;107;PDF;BROUILLON
92048586-7fc0-4970-91c5-d8aebaa6f078;efbd0add-9a68-4814-a89d-fcc3cdee8ef1;Pauvre côté agent fonction être.;12;130;TP;BROUILLON
921929d4-e12b-4c5a-b540-24c5bd30338c;dcd06014-3773-418b-bfee-d209ded1081c;Complet deux objet extraordinaire.;16;34;PDF;ARCHIVE
925ba2ec-1b5f-4609-8bd3-1f90dd3f6e1b;6fd51346-774f-4d38-a7fc-299ce9d487fa;Lumière loin parole jeter événement mémoire.;19;165;TP;ARCHIVE
9294aab0-f494-4c53-a09b-5c95e2399003;4d5f4386-af0a-4b8b-9da3-df71dac50cdd;D'Autres porter train sauvage journée oui.;6;117;TP;ARCHIVE
9299bb15-6268-4d22-a4e6-b4bb57b13f77;b88e80cd-5d93-476d-ab57-42c57d9671b4;Terrible tracer tellement.;5;80;Projet;BROUILLON
929a9f04-392d-46a3-87df-c142d9ec2c1b;012980a6-0c8d-4aa9-a992-3044442cfb0c;Avant horizon anglais rouge âge.;17;165;PDF;BROUILLON
92afd66c-98b8-4692-a3d6-f1ad2cd84e3c;eece212e-f334-4e41-b6e3-965fc326f560;Fin naissance vendre absolu reculer.;1;69;TP;ARCHIVE
92bddb29-2fcb-4bb1-8667-0c1327acdac6;3d04fc71-2b5e-4895-8054-d9462cf539d3;Plutôt reculer comme dangereux ci.;20;122;Projet;ARCHIVE
92d9750d-90cd-4bbd-b323-43b5adb1bbe8;bfc907f2-0722-4b33-8ec6-88a7d947af26;Marquer embrasser désespoir glisser enfermer écout;9;83;Projet;BROUILLON
92e2b635-5f99-4fca-b4ae-5bdc9fbeb7cd;b81ff2c6-9bff-411d-af58-8f63370c8678;Étoile tant coin surtout.;11;112;Projet;ARCHIVE
9317f675-456d-48c3-a930-e4d213d14e58;8d807085-ef6a-44eb-9d31-41d82a975d73;Vivre falloir théâtre pur.;16;123;PDF;PUBLIE
931f1d3b-7722-4f50-8a9a-99fa220c2892;2b8081d6-c3d4-4878-af31-52c7408c43f1;Rêve calme choisir crainte remettre tu.;1;67;Vidéo;BROUILLON
935a1797-5a24-436a-8d17-30b839e565f3;93b65685-c14f-4fa8-8986-c9b85fd774ad;Forêt public genou bande forêt poser.;3;30;Vidéo;ARCHIVE
937f2edf-3a3d-4250-8add-4c7825cfb7b6;a8d27fdf-3967-4ba6-aa1b-d4d18b9225e9;Papa prouver sonner doute plutôt anglais propos.;17;28;PDF;ARCHIVE
9391fbe4-dc8e-4ece-a038-cbce66fd276f;9c27b74a-db00-4000-abeb-1c9d6122d5f6;Nombre reconnaître malade.;13;58;PDF;BROUILLON
939a0233-9556-4576-aa5b-f4ef97c0d2a6;ecef2de6-8b6e-48ec-82a2-4533c1d8fa6d;Vendre encore course exister million haute.;14;31;Vidéo;BROUILLON
93c69d93-a115-4f2e-a6ff-dd399af9151a;e96917f4-dd18-4c4b-9111-f909713a08bd;Briller ce réalité clair.;1;112;PDF;ARCHIVE
93d178b2-6ec4-4903-82e7-1a65a43cdd0d;a77a76f4-8837-4277-8d9f-e13078f5ec51;Acte charge nommer ramasser traîner.;1;129;TP;PUBLIE
93d50da2-d8b3-4778-9f33-353bed51d2f3;1006887b-1bbb-4dc3-a09e-b8f5b882b9d1;Accrocher avec droit.;5;14;TP;ARCHIVE
93fa613b-f055-4832-951f-ba54c5a6122b;04886744-31b1-4ec0-acff-3ce2d1bab5a8;Membre médecin compagnie figurer roche me.;17;67;PDF;PUBLIE
93ff9ce4-5ddc-4adf-bc78-0d2fd0e3c5d0;2b8081d6-c3d4-4878-af31-52c7408c43f1;Grave paix prendre.;13;117;Projet;PUBLIE
940413c0-3983-420a-a9f1-3695eca977c1;442248a9-422b-4f2c-84f6-a4ec52a64d23;Auprès voyager protéger vingt portier.;4;78;PDF;PUBLIE
940c2a32-1e31-4257-8f82-caa44064ec9f;20f64853-3634-40a1-976a-47a455ccf9a7;Capable voisin nu tout.;15;115;TP;BROUILLON
94121ae2-79f4-477b-afdd-4b12f95c9ee0;8626cf8c-ecab-4de3-bd38-3a146a09df89;Soin l'un facile coucher maintenant moyen.;20;8;PDF;PUBLIE
942d6ffb-4a46-4078-aac6-9d3d6bc88ab2;438bfb3f-41ff-4be4-9f7d-fc6e7949e705;Glace pur espace détacher profondément papier.;1;112;PDF;ARCHIVE
942f217e-5cb1-4a14-87d3-500c02960982;83c7df14-cfc2-4295-bdc0-4a375828bc32;Éternel pas planche.;13;32;Projet;BROUILLON
943a5cc2-2b2c-4462-9048-cc60a2f92ba3;21bde9ef-0042-4f00-8665-59106fa5be0a;Précéder français derrière devoir dresser rue.;19;29;PDF;PUBLIE
9451b4f0-e9a9-4709-955c-4df2e768fcc7;5e828c75-5330-4d86-8509-21a43a8ede37;Douceur présent commencement résultat inventer.;4;129;PDF;PUBLIE
9471bec5-4a87-411c-97dd-9ef02adf4aea;56d5b9fd-c007-4210-be8b-3f7af57127ca;Profiter fil moyen cinquante mon.;18;147;PDF;ARCHIVE
947edb1b-9ff1-44a3-bac9-995866eff77e;951c61ba-fe23-4ed7-adbf-3b629516dd19;Son semblable idée.;14;36;Projet;ARCHIVE
9496f242-44c6-4fee-8a0f-a84884e6f663;892a8957-701c-4d0c-9c6d-ae931594cce3;Santé cher foule montagne tout est.;14;169;Vidéo;ARCHIVE
949c97b6-0976-44c6-9c6b-5d24b5b37bca;438bfb3f-41ff-4be4-9f7d-fc6e7949e705;Odeur terminer dernier tracer papa.;3;164;Projet;PUBLIE
94a144f9-374f-422c-8de5-14ae34a43667;55ed8e79-28b9-4656-ab98-5287382083ef;Triste noir tuer.;16;26;Projet;BROUILLON
94dd0b6a-40a6-4de3-bebc-3155f545a66b;b702e8c9-7e4c-4996-ad0d-a818e581a765;Second lien route.;14;124;Vidéo;BROUILLON
94f6c808-738a-4c76-b849-46e5123d38b0;aaab2b5e-8423-4318-ac9d-cf9f63a13477;Commencer étranger corde éternel toi long.;20;136;TP;BROUILLON
95382c0c-7822-489b-bcf3-98bef56e8e89;d6ac01c8-59dc-4e4e-a332-8bc0c5593214;Marchand tantôt arbre terminer agir parent.;13;159;TP;ARCHIVE
95668297-2a4a-4508-a518-fd71b3c79fef;6feb8fde-e05b-45bb-8735-5b101de3fed3;Toit général jambe souvenir autrefois sauver.;14;76;PDF;BROUILLON
9581c636-4fda-4c37-8c78-5d75909a16f4;d2c9aaed-c8f5-4387-a725-1e39a64a4bcd;Appeler durant content détacher juge demi.;10;177;TP;ARCHIVE
958fc8f4-5271-49e4-903e-fa7ad7bdbf69;4eba20e1-f69c-47f7-85cb-a3512fe08cd5;Cas réserver rang projet.;2;138;TP;BROUILLON
95a9c472-501e-408c-b3b6-14ef720d2912;9f0d4a7e-7fdf-4262-a210-fe5964b1c194;Enfance attirer colère.;14;7;Vidéo;ARCHIVE
95b56728-a69b-4640-a486-d575f77c45b4;7951b14f-685f-4fd4-b26b-7c759bc40cf0;Pièce entier leur caractère.;15;38;Projet;ARCHIVE
95b62884-df13-459b-8ecf-c596b843f928;10a43e80-a31c-4ae5-8827-ab51da214918;École rôle rose peu poser.;7;33;Projet;PUBLIE
95c3053c-fa60-4a83-bd89-557d492f03c3;03e43db8-b2e2-46e2-89a1-34e9a6efb1e4;Craindre qui autre pencher rapport pitié.;9;51;Vidéo;PUBLIE
95c94349-bb7a-4778-a661-f7cf19a65f12;70ec2a6f-b907-4ddc-aab5-2a42492079eb;Sens déchirer chose.;20;92;Vidéo;ARCHIVE
95fdbbe6-c259-43c4-95cb-62515d208ffc;c1fb0227-bbef-4062-b9f4-36d7ce48113a;Parcourir derrière effacer jouer premier.;3;171;PDF;PUBLIE
9602fd36-950f-4ad9-b017-18989d999483;4ffbaa6f-27e4-47e4-99d9-1bca668b04c3;Trace avouer taille important.;12;102;Projet;ARCHIVE
966a8330-d64e-4fd0-add3-87f702169a8a;3cfcdaca-c30a-42f8-8f42-aca4b16f48fc;Morceau fin rencontrer abandonner hasard absence.;2;35;Projet;ARCHIVE
96862c76-f5b1-4599-af99-47f25978c5f4;e9079439-0af5-4a74-b453-12c01b841430;Fauteuil personnage droit encore succès.;4;71;PDF;BROUILLON
96869ded-0cf1-486d-a86c-7d0f4d737cfd;f4209fb9-c351-4849-9372-adc75ec09906;Folie ennemi hors printemps vol craindre.;13;124;TP;PUBLIE
96926d72-86f8-418b-9d60-d1441a54ad44;6ddd4a69-3680-46a9-b8ae-698b32528275;Force juste attirer.;19;65;Projet;ARCHIVE
96b5848b-08c9-4eea-aa61-7b27e8f643fa;e6005a69-fcd0-44af-a057-64ca8310753c;Bas escalier garçon honneur témoin centre.;3;71;Vidéo;ARCHIVE
96c1961f-5012-49f9-9f14-14bc1545720c;201b93b0-dedc-4834-a093-0bd52e41283e;Sang sourire bas.;14;68;Vidéo;PUBLIE
96e9bbec-cb71-4226-91be-8dc461692548;3957f3ab-db8f-4dcd-a324-c7e4ac8040af;Charger croiser lune nez distinguer ressembler.;11;146;TP;PUBLIE
96fd5a7a-ede0-4192-b03b-55995b200243;350029a5-41d9-46af-a597-76e6362737a5;Corde arrêter subir cause.;19;120;TP;BROUILLON
970f3327-2322-45e9-b36f-d730061d549c;006fd8d7-2e55-46d6-971a-952319ca66e0;Craindre dix bas tromper ouvert.;18;83;Vidéo;PUBLIE
972235f3-5413-4e62-90ad-e88261407618;fa8a9333-2062-499c-a029-9aa7379caf6b;Devoir accent cent.;8;100;TP;BROUILLON
972f1c59-ec9c-42c5-862b-a1d78fbc7737;ae5525a5-af7d-48ea-b446-0ea93b366874;Porte agiter hasard haute grain branche.;9;97;TP;ARCHIVE
973f7591-ca82-40d8-947b-90df4eb48c44;7c871e6e-a391-44be-a9ab-1f6800d93337;Signifier examiner simple compter.;3;76;Vidéo;BROUILLON
974bc992-45fe-4216-86e8-7a5892d27879;9eb2d9e3-c128-4b1f-8665-eef88a73a4d6;Réalité qui énergie.;11;26;Vidéo;PUBLIE
97965dd7-7966-4449-8190-3f505bfbb68a;44b2481b-d79e-47c7-94c1-c47e30a50b2b;Lutte résister vin finir grâce.;18;131;PDF;ARCHIVE
979a5b24-8fbd-4108-8519-ff7486adfb29;b8bd693a-e805-4fdc-a45e-d270378798a1;Main sujet faux même aile rapide.;8;106;Vidéo;PUBLIE
97a1208d-55c7-4c0b-b10f-429c1d9ac049;951c61ba-fe23-4ed7-adbf-3b629516dd19;Étouffer cri jusque songer été.;19;60;PDF;ARCHIVE
97a6f7c0-f55a-46bb-94af-77aae4f1a79c;50b8a81b-3e3f-4ce4-863e-0c2c92888348;Craindre parfaitement puissance me désigner.;11;55;TP;ARCHIVE
9815f3bb-0ccd-4257-abd8-d0179a6f00b9;150baf1a-ae7d-42da-9d94-465b0a08c9d8;État car verre taille nuit.;3;102;TP;BROUILLON
984d3ce0-25fa-4952-9c1c-dcfc4449aa77;ce840e50-09e1-4a95-b5d5-445fd93789db;Mien cacher comme pauvre.;17;132;PDF;PUBLIE
98b317a1-0e6e-4da2-bb37-f8ef312cf12c;25676fcb-9e5b-4127-af6d-98acc901e582;Espace dent conclure témoin heure empire.;17;152;Projet;PUBLIE
98bc039b-1670-4eb0-81b8-2710c4c6e4b6;97ff781d-c34e-4060-b49e-0612e27b8736;Trésor retour égal paquet.;1;107;TP;BROUILLON
98ec2502-2b1e-44fb-add1-ad35d3ac0e8c;2d0aa0d9-c00a-493b-9750-3d6938511179;Croix glace passage droite retirer venir.;1;15;Projet;BROUILLON
98f3f940-87dd-43cf-99b8-aafc6e0d22fe;a381c8d7-2440-433f-b4a0-8144e5df10ed;Chance justice corps même.;19;57;PDF;ARCHIVE
9917377b-2720-4c9b-a965-f60a0881700a;797aceb4-4e41-4b99-bcdb-104b5f8e6751;Rose banc avance souvenir essayer.;14;173;TP;PUBLIE
9939863e-fbca-4ce0-b64f-e4f539e6d904;12db617e-1854-4962-b440-e24e7a536e12;Brûler vert comment joindre empire bande.;3;69;TP;ARCHIVE
994800fe-28e6-4362-8e1f-cb6a621a0df6;ce840e50-09e1-4a95-b5d5-445fd93789db;Appartement nouveau victime mon lorsque.;5;15;Projet;ARCHIVE
9950e25a-c8da-4878-8beb-ee5865b65e14;f4209fb9-c351-4849-9372-adc75ec09906;Brûler vert comment joindre empire bande.;9;81;Vidéo;ARCHIVE
99517738-e5ce-4aa9-9632-6fcd36f98128;c0869a9b-dbfb-4680-8924-d645b477ff05;Fermer ignorer nul aile chant mal.;19;96;TP;PUBLIE
9954f760-72b3-412e-8a00-5b2ace6cc339;39cebbc3-2c29-45a7-8505-ee790494bf7b;Disposer semblable main sortir.;1;108;PDF;ARCHIVE
99627a8f-fbac-4d1b-8532-c4d075487404;25676fcb-9e5b-4127-af6d-98acc901e582;Essayer situation oiseau aujourd'hui pas.;14;145;Vidéo;ARCHIVE
9963cc7d-40a2-4867-a90a-976d902bb9e7;702c88d0-3ef6-4e89-acc7-a5a45aa73cc1;Froid endroit joue désert goutte étrange.;7;56;PDF;ARCHIVE
99ab4bc4-d29a-4654-a219-d6da0aa8e4a0;9cce4602-7bd2-47de-b54b-503173707b5e;Précis gagner reprendre retour je.;16;110;TP;BROUILLON
99bfcb60-4f0f-48c8-97cc-986d4824a37d;db584745-6c3d-41cb-9583-bcc6de8cdefe;Métier et accompagner vingt empire science.;2;174;Vidéo;BROUILLON
99c1f0d1-adda-4d03-877d-a88e32f2fa09;68296f03-8ab2-4e2e-a505-a56e77e37885;Instant expérience discours.;9;138;Vidéo;BROUILLON
99e040b2-00e8-4897-8cdd-cabadea1fd4e;9f0d4a7e-7fdf-4262-a210-fe5964b1c194;But herbe importance boire.;14;120;Vidéo;PUBLIE
99ef42f1-6573-419f-8467-0d22d4b3926e;d6ac01c8-59dc-4e4e-a332-8bc0c5593214;Juger honte montagne voici manier.;6;163;Projet;BROUILLON
99faf585-8819-44c0-a7b5-3b8353f637cd;320f54c5-3e64-436e-8593-a20051cbae7b;Deux prince trembler contenter.;14;168;TP;ARCHIVE
9a50277e-4b94-4486-9f6b-f51ee515fd20;54604032-cd81-4077-a20e-cfbead7630a9;Rejeter heureux nuage extraordinaire ciel.;18;83;PDF;ARCHIVE
9a6a32ff-039b-4af3-9eb4-6e392101591c;20659fae-6e38-43cf-9ec6-980ab4a03443;Devoir indiquer lieu tourner pénétrer.;12;58;TP;BROUILLON
9a7d9233-09d2-4df2-910a-887c49255f4a;08ca57b0-eaae-43cd-9e46-019a45c3986f;Prouver partout partir.;11;178;Projet;PUBLIE
9a952d45-5149-404d-be40-c9c38f18790f;b1d860e2-c51b-44f8-ab77-4772c1e4d536;Mort haut se écarter.;12;65;Vidéo;ARCHIVE
9aaad18e-5d1f-4571-8177-71a79e451c61;a4e12bfd-c7e9-4dc0-bb75-0355e5fa11da;Exiger monter commun.;14;130;Vidéo;ARCHIVE
9add902b-b61a-41fd-86f1-de3958b0eba9;90ecd47e-5c22-452e-96fa-4f1a3e53a0da;Mériter glace maître.;5;64;Projet;ARCHIVE
9afaae6c-07cc-48e9-9af7-d9ad6462c0c3;6b930f7a-027c-45ba-8d55-0965da61eab9;Inquiéter vague accepter engager juger nombreux.;20;30;TP;ARCHIVE
9b1056f1-cdd4-43d8-a1ec-1b551745ffd5;55e168ca-c599-4592-bb54-06d2cd537e51;Nord occuper falloir cinquante fuir.;5;12;Projet;ARCHIVE
9b18a973-d678-44e1-bec4-750d753983d7;ae37e497-3eaf-44b3-997d-dcc62e08e85c;Cas naître renverser scène.;10;66;TP;ARCHIVE
9b5472f7-3d11-416e-abbf-2a956750a41b;d4e125f1-9c47-4002-a7e8-bdce1304ac8b;Mariage partout préférer.;2;91;Vidéo;PUBLIE
9b82492d-4ed5-45a5-ad0e-92876bb1f85b;6ddd4a69-3680-46a9-b8ae-698b32528275;Couler prétendre bon agent notre cou.;6;126;PDF;ARCHIVE
9b9849de-dfeb-4f76-b6c3-057252e32d61;332fb30c-51e2-4e9c-a860-3c181b2e4186;Hasard naître danser aimer théâtre général.;20;33;Projet;BROUILLON
9ba745b9-59d2-4fc4-a0aa-4916cc811ae9;f483efc1-e664-42c7-b882-63a336cf27b1;Entendre remarquer gauche quelque envoyer.;5;152;Projet;PUBLIE
9bb9caf9-e148-43ac-888a-550776a4ae81;7c0d8256-e452-4ef6-b1c0-4732e967dae1;Valoir désirer déchirer dame quartier auprès.;7;114;PDF;PUBLIE
9bcdb1a8-27a8-43f5-a009-72a17f9708e7;f267d818-d238-461a-9141-79f7a75ce1da;Centre an après femme.;11;104;Projet;BROUILLON
9beade6d-bf49-41d5-81f5-036cde0795dc;fa8a9333-2062-499c-a029-9aa7379caf6b;Pousser énergie habitant réveiller coucher.;15;99;Projet;PUBLIE
9bf1241a-e7e4-4c72-9dd8-2a9402e6789e;d2c2539f-f599-465e-ad2e-b5731ce694a3;Croix énergie durant inviter appel.;13;161;Vidéo;PUBLIE
9c1e7ba4-00cb-4819-acdb-9585bef82279;0c5d8da9-c03d-43a6-81c4-fc26b0e442ae;Aller réclamer craindre oncle intention franchir.;18;22;Projet;ARCHIVE
9c22a22a-b367-4356-839f-48be28b527da;12db617e-1854-4962-b440-e24e7a536e12;Entretenir parce que traverser.;6;87;Projet;ARCHIVE
9c34d8db-83a7-4989-84d7-198cbed8a2db;9209fd2e-a48f-4707-85c7-6afb79242c95;Presque escalier sept curieux cheval.;2;92;Vidéo;ARCHIVE
9c44d1af-d1aa-4c49-afc7-b0b462e2586a;39cebbc3-2c29-45a7-8505-ee790494bf7b;Effet répandre conscience tirer.;12;162;Vidéo;BROUILLON
9c5adedb-9571-4a42-8c1e-cad70f3b7407;1ca56b42-9df2-476a-b843-41fdc1c40320;Disparaître sac élément haut intéresser.;17;114;Projet;BROUILLON
9c6976fe-fb52-4e44-bfd1-017073b04c92;b2bdf395-7077-4831-8d2e-d571731b20f7;Eaux gens humide.;4;151;TP;PUBLIE
9cb2ee8d-790b-4511-94b8-d141ef1a9ceb;ecef2de6-8b6e-48ec-82a2-4533c1d8fa6d;Herbe fusil fumée affaire rôle droite.;6;105;Vidéo;ARCHIVE
9cff733a-fcf9-41ce-bcad-f650e0c07027;0c6ce5ae-0535-4d9f-a0e2-e606358a26ea;Lentement frapper tranquille dix veiller paupière.;13;175;PDF;BROUILLON
9d182867-dadd-4dee-9ee8-789593d959fc;8050de90-76f8-4e8d-8714-ff9cd039d033;Crainte sang journée que.;13;122;TP;PUBLIE
9d2c66c7-d821-492f-82d7-ef1920684079;dc7650c8-54ec-40b7-954d-4b10455d8a58;Quitter divers camarade riche solitude pont.;13;14;TP;ARCHIVE
9d2dc9a5-f998-4f86-96d8-da752c1a47eb;d56834de-1b91-4253-b9a5-5cbb74e142bd;Alors printemps reprendre dormir cependant.;13;86;Projet;PUBLIE
9d58c19d-4dae-4a26-a132-60d507c7150f;2d15cb34-e7c9-48df-905d-1f76c12b1a02;Coup presque mesure.;3;70;PDF;BROUILLON
9d58cf65-c3c5-41df-b6d9-78e17c9ff519;204c7686-e3e4-4e4d-ad5c-afea7f664ee4;Carte son payer aujourd'hui.;5;103;TP;BROUILLON
9d7fe4e8-8cd0-4b46-849f-3a1ea56b2647;6b930f7a-027c-45ba-8d55-0965da61eab9;Fer ville attention siècle traiter.;1;124;PDF;BROUILLON
9dc081e8-adff-45ee-bcd5-91689eab2e46;040baae3-4bb4-4330-8746-3a37ec843a78;Trésor droite sec sauvage.;14;132;Projet;ARCHIVE
9def6729-8a95-47ca-89c9-523261deaefe;b81ff2c6-9bff-411d-af58-8f63370c8678;Frais flamme robe véritable vivant.;13;31;Projet;PUBLIE
9e15e8d5-13e3-4ded-a358-51ad4c3e4ad7;d81ad7b1-1a9f-4ce0-a27c-b57e5210a13e;Enfant soumettre quelque théâtre sens.;13;9;TP;ARCHIVE
9e1f35c2-dd20-42c1-83bf-739e5ba496e9;187436f8-89af-4ae8-ad79-bf14a2ff0182;Mort brusquement dessiner sable.;19;36;PDF;BROUILLON
9e66b721-41f9-4b13-94aa-66bc663f991f;686de5dd-8073-4d92-9e9a-2b6f8b97e6c8;L'Un inutile trois deux argent.;14;16;Projet;PUBLIE
9e72bca8-74d1-4772-bcc4-b43a9147cbf1;9cce4602-7bd2-47de-b54b-503173707b5e;Problème premier compagnon compagnie nommer quelqu;7;31;Vidéo;PUBLIE
9e7fb67b-1725-4927-aa54-909e58d3a2b3;2faf98fa-2473-45d1-9b6a-c8ddb0bcc879;Résultat crainte esprit veille chasser.;6;39;PDF;PUBLIE
9ec78b2f-3d21-4051-876c-a0921b544056;714fb6c9-c3a5-42af-b6ae-7634bb712cb4;Réponse relation siège retenir.;16;56;Vidéo;ARCHIVE
9edbcda4-dca3-4a71-9912-52ca2d715a01;90ecd47e-5c22-452e-96fa-4f1a3e53a0da;Profond entier rideau mentir nouveau.;18;98;TP;PUBLIE
9f09122d-7b31-425d-b7ba-ac244916a491;68296f03-8ab2-4e2e-a505-a56e77e37885;Carte mêler lisser hôtel exécuter lieu.;4;33;PDF;BROUILLON
9f7ec994-8051-44ad-84e9-c28bd51b1778;62dcbaef-7ab3-4f1c-acdc-9c1033bdf0d9;Accuser entier songer cerveau.;12;51;PDF;PUBLIE
9f8ca032-7540-472e-99a4-825c13232cfa;7951b14f-685f-4fd4-b26b-7c759bc40cf0;Sourire quel oser installer.;15;150;PDF;PUBLIE
9f98994f-0406-4d06-8863-5944e65231fc;0513cf24-b611-4a15-ac4b-dc5266e0bbda;Fait folie geste sous bonheur arme.;5;123;Vidéo;ARCHIVE
9f9fc98e-b443-445f-9cf0-a8cff9d52d15;6284cc18-0301-424e-b421-17470812d5cf;Satisfaire humide falloir flamme justice.;2;175;TP;PUBLIE
9fa0166a-1303-4667-8c3b-82dd85400a51;c8f3472f-ed48-4f93-90e6-7a02e42dcc6d;Lumière traverser sauver dire.;5;123;Projet;PUBLIE
9faf56a4-bbb9-4e8f-99c1-bef85a2178ad;f26290e1-e71c-4fb3-9e3f-a00ffb3bab3b;Former double malade terminer herbe.;4;173;Vidéo;ARCHIVE
9fe03427-7dc2-4088-9d83-7f46180518ac;1b77c343-373f-47d7-9da5-e41400ec6c97;Siècle victime victime musique couleur.;19;144;Vidéo;PUBLIE
9fe653b9-b4a1-4f97-ac12-ae3833a57202;c1fb0227-bbef-4062-b9f4-36d7ce48113a;Mince chaîne goût énergie rappeler repas.;12;16;PDF;PUBLIE
9fe7fa20-be71-47c1-86c2-8233a45ae0bb;dc7650c8-54ec-40b7-954d-4b10455d8a58;Sûr exécuter joindre tout douceur.;4;123;TP;ARCHIVE
a007c02a-8c18-406c-9e19-0a2ed0e28128;e8634c7f-f7c4-4af6-b16c-5f120bcd03d8;Drame battre consulter armée fois journée.;5;124;Projet;ARCHIVE
a0088abd-1485-4134-bbc0-2e33a7720331;bb81b7df-21f9-4cd2-a1f6-5bc8805a7494;Lors demander aussi représenter entier.;10;35;Projet;BROUILLON
a087a564-c48f-4778-a3c6-380d47e35530;72c5c0e6-ac1e-45e6-8817-ebcb01ed6e72;Raconter prendre goût écrire révéler.;13;142;PDF;ARCHIVE
a0a573f9-9f17-42be-834b-86667c190257;d2e0201d-87cf-494c-8c42-6fec661cfe61;Semaine visite quoi larme remercier.;2;170;Projet;BROUILLON
a0a5dab3-1b3f-41d0-a72c-57ee5c01993f;cd58cc7b-c697-4011-b1f8-5457714fe0b8;Impossible cher fuir grâce maison.;13;68;PDF;BROUILLON
a0aecea0-8803-4629-87c1-f88c4054cd75;9cce4602-7bd2-47de-b54b-503173707b5e;Absolu prévenir sortir lettre.;19;21;TP;ARCHIVE
a0ec8cbf-6c4e-47cd-a923-a7e857544d13;f6a3fb31-497e-4546-a534-da28c6e2b06f;Peine fumer en sauvage.;10;95;PDF;PUBLIE
a106c2f0-848c-4da5-b92c-e6959b68d8ef;433dc043-86dd-42f3-99a7-d941a6ea6d2f;Oiseau énergie menacer officier de.;3;66;Projet;BROUILLON
a1120368-8aea-425d-8848-bb631b8a7765;7b0bdde2-0be4-4eaa-b483-fc5b7f7fb688;Coûter impossible partager premier croire clef.;11;125;Projet;BROUILLON
a126c963-dc13-41ba-adbc-acfa65c4f6bb;56d5b9fd-c007-4210-be8b-3f7af57127ca;Saint seuil reprendre seigneur.;3;38;Projet;ARCHIVE
a1321448-1640-40be-b033-67e48b762dca;797aceb4-4e41-4b99-bcdb-104b5f8e6751;Commencer dernier quant à grand promener demain fu;15;156;Vidéo;ARCHIVE
a15daf69-83b4-4b50-a847-0b562b4718d1;39cebbc3-2c29-45a7-8505-ee790494bf7b;Transformer journal intérieur.;8;169;PDF;BROUILLON
a1814840-14ca-4420-b1b7-7dc56d72487e;55776b6a-be16-4776-949e-5c485bf1e579;Théâtre fonction sou jeune branche.;4;79;PDF;ARCHIVE
a188a5fb-59fe-48b7-9c5d-e7871623d5f3;d4e125f1-9c47-4002-a7e8-bdce1304ac8b;Rapide mari sonner tirer semaine on.;20;17;Vidéo;ARCHIVE
a196b466-6812-4505-b559-b5eb1590e95b;60ffbe9f-5e82-42d0-bdff-531780eb9302;Être existence lire.;2;12;TP;ARCHIVE
a1a3a7d7-83fb-491a-b3ea-325e203fa4a5;59cd40dd-5875-452b-88fc-56c00ae2b81d;Pourtant centre blanc arrière naître.;6;69;Vidéo;BROUILLON
a1c13462-4d6d-4748-b795-c74a72d38b7a;0c5d8da9-c03d-43a6-81c4-fc26b0e442ae;Soit étude signifier parti.;13;160;Projet;ARCHIVE
a1e9a507-c153-4e9e-b7c2-3b628940c376;28785176-2e62-48eb-8ec2-c2560e076d96;Sec simple action vue neuf.;3;58;Vidéo;BROUILLON
a1fe1c32-4c2b-496d-826f-4cda6852e467;f4209fb9-c351-4849-9372-adc75ec09906;Penser papa seconde voyager plonger.;20;65;TP;PUBLIE
a24a99ee-5d9f-4202-bdbf-b0061e1acb12;83c7df14-cfc2-4295-bdc0-4a375828bc32;Durant an tendre enfin nuit.;10;8;Vidéo;BROUILLON
a255a97f-ceeb-4796-86aa-6c28c00341eb;2a11d88e-a772-4f32-a34d-4ed3133c2da0;Bas poussière morceau retrouver.;20;177;PDF;ARCHIVE
a2625082-c8ca-4c1e-9e10-12f05cefc471;a3998221-22bc-447e-be49-3cf7a1beb554;Hier lettre profiter tôt mémoire.;10;105;PDF;ARCHIVE
a319f67d-c111-4753-9178-ef2ab2374338;bb81b7df-21f9-4cd2-a1f6-5bc8805a7494;Observer nu chemise parcourir.;8;123;PDF;PUBLIE
a3288ef7-018a-4626-925a-edd5974ca374;b2bdf395-7077-4831-8d2e-d571731b20f7;Sombre rêver goutte endormir.;6;139;Vidéo;PUBLIE
a337daa7-41ee-449a-a3c0-35092c758c90;b88e80cd-5d93-476d-ab57-42c57d9671b4;Auprès ainsi dégager couvrir.;7;128;PDF;BROUILLON
a33891b0-1010-408c-bf01-873b0173c3a0;180b8b08-124f-48ab-a99a-f30ea7dc2f52;Mal devenir type habitude.;16;60;PDF;PUBLIE
a3586d65-7d93-42b9-9d4b-d3d619c4bb99;685e7caa-ffbe-4505-82bd-0985af0c3c6f;Pourquoi plaindre briller hasard.;13;9;TP;BROUILLON
a35b2f03-3278-4c91-a7a4-eb845e735bf0;4ffbaa6f-27e4-47e4-99d9-1bca668b04c3;Lui puissance sens soldat.;6;116;TP;ARCHIVE
a379225b-27dc-4023-b2bb-0b59bb64c820;dc3c5e6e-307e-453f-a3ba-30ab585ac217;François briser action fou puis victime.;18;171;TP;PUBLIE
a38081e5-ea94-4aae-8917-4b52bdb02971;d89dd1dd-448d-4190-ac64-852cd92e98e2;Vue pays sauver dernier sembler jusque.;1;27;TP;PUBLIE
a38b589f-9838-4948-9b96-9b40d92ee004;d021f41b-400f-43d7-9049-469e169594a9;Différent imaginer baisser prière condition ah.;6;139;TP;ARCHIVE
a3a6608b-f6f6-4a1f-82a5-5b1037e6244d;72e46422-33a5-464d-9fb4-b04f01cfd011;Preuve moyen glace reprendre.;10;75;PDF;ARCHIVE
a3f23082-9bdf-42e8-829b-3c5450090f71;b3846d3b-0ff9-4a7e-a866-72baa8e1bef7;Dimanche seigneur tôt tendre.;10;54;TP;BROUILLON
a4078061-a628-451f-8538-a0d7a2f29152;476959fa-a8ed-45e2-aef7-60dee0089282;Sorte oh voisin.;7;13;TP;ARCHIVE
a4195370-6039-4573-a331-da809d85aad6;61941af0-1fd3-43f3-9704-dcec179c494e;Haut embrasser rideau avant.;17;172;Vidéo;PUBLIE
a42fedc3-33bc-43ee-bea4-dab0607aed69;55a99827-2f63-4ea9-bb70-8d103c27f999;Rayon puis consulter fer art tomber.;5;128;PDF;PUBLIE
a43f1335-ffb9-4bdb-9e25-5b7e7d71af25;2b8081d6-c3d4-4878-af31-52c7408c43f1;Tromper foule avis caresser.;4;149;Vidéo;BROUILLON
a4803eb6-e75e-42ed-9104-75f880e35112;b3ec6006-9422-4f6c-86f0-fce14d4b267d;Désir depuis épaule cuisine.;12;25;Vidéo;BROUILLON
a4911739-ec82-4b0b-8501-3712ca717eea;357d39ca-2c5f-43d7-9e45-55486b7e125a;Mêler juger vrai effacer.;20;60;Vidéo;PUBLIE
a49f5624-dfd2-4a10-bc7b-583552fd5b47;65ad3315-449b-4bec-ab84-5fd9a3a51dad;Folie décrire souvent vaincre signifier tenter pas;18;67;TP;ARCHIVE
a4b6fd96-8b42-4bfe-bfec-7853493833cf;f85d723f-39f6-4243-9d46-e3f9cbb145c2;Nouveau recevoir chacun naissance saisir.;20;85;Projet;ARCHIVE
a5187f3b-b213-452e-a899-87d1d555bad7;f7583d3b-f778-4995-a9a8-99057fbaf739;Camarade science oublier beau allumer travailler.;14;49;Vidéo;BROUILLON
a52f5671-4cad-4635-912f-22e3fe9abaa9;d8798fc2-c35e-4455-ac6d-a9da56c4cd41;Énergie avenir état seconde police.;2;177;Projet;BROUILLON
a588f928-dfbb-49cd-b8ea-b3e8c873b689;e8634c7f-f7c4-4af6-b16c-5f120bcd03d8;Journal poche âme écarter.;1;159;Projet;ARCHIVE
a5b0316f-f374-4687-af3c-f9a89c9c27d9;686de5dd-8073-4d92-9e9a-2b6f8b97e6c8;Mal non argent pierre tombe reconnaître.;12;132;PDF;PUBLIE
a5e14f7e-4f05-4497-a046-75bd5c0f9646;4c307f61-5b36-4897-8627-6316ee6f82f8;Souffler point mort.;9;24;TP;BROUILLON
a6097693-ef6c-4317-bc1f-dd313b6b0ba4;080bee8b-413a-4187-8a56-d5da07645068;Sentiment oncle sommet.;10;138;TP;ARCHIVE
a621669f-fd3b-4750-9312-8a6fad3ca553;20659fae-6e38-43cf-9ec6-980ab4a03443;Intérieur voici vaste prix.;20;79;Vidéo;ARCHIVE
a66433c1-899d-4606-85c9-ca3fd214bcbc;6c19a257-e368-4e5a-a09d-8b26d3ea667b;Ou engager mort.;8;158;PDF;ARCHIVE
a66580b8-bd16-4d50-b180-dcd15bef0dd6;98156724-102d-44aa-be40-9d5461709739;Visite sein saint.;7;116;PDF;ARCHIVE
a6accca9-d25d-41e1-973f-e032656d9b7b;15294b2b-6229-42d1-8f33-eb96e3e81c86;Courage de joli.;4;141;TP;PUBLIE
a6dbe6ea-e61d-404f-b3f0-74c5b54fec86;ca5ed06d-b126-4ce9-8a0b-0a12a960ee60;Surveiller faute sans départ revenir ouvrage.;16;135;PDF;BROUILLON
a6dfc040-6a9e-410f-8c2c-5365b4ba1095;96efcc08-d821-4de3-ae3d-39e859fc909c;Sable train prêt garder oeuvre.;4;29;Vidéo;ARCHIVE
a700db33-dec3-4b57-bfd9-2228f02dd8fa;433dc043-86dd-42f3-99a7-d941a6ea6d2f;Voisin différent vide.;11;160;Vidéo;PUBLIE
a711e369-ac25-49f6-b122-b2b080593670;12db617e-1854-4962-b440-e24e7a536e12;Accent verre couper passé.;18;119;Projet;ARCHIVE
a718a85a-85d9-491f-86ae-428166feee51;37d1e398-1120-4204-ac9e-584adcdc6954;Journée combat profiter étouffer aucun.;7;172;Projet;ARCHIVE
a73ec7e8-d624-43fa-8f64-665a22fb4e7a;a03ce9d2-337f-4c9f-969a-af4cf3b6d43e;Elle jour habitude défendre poésie.;12;100;Vidéo;BROUILLON
a743a864-e929-4458-9f29-0f6f2178392a;7c120b10-0fca-4d6c-a676-ecc0d83ba9c8;Entrer passé arme aimer prendre fumer.;7;161;Vidéo;PUBLIE
a763c52a-91ab-465f-a53e-0ca72251cbfd;13e0ae56-34a0-4602-a3f9-f2be159e246f;Théâtre retourner réfléchir.;13;49;Vidéo;BROUILLON
a794ceb1-5aca-41a2-9f1e-03b9a70b7c09;8fe725e4-a845-4a05-96ca-50a9c55b6629;Français contraire beaux armée lors.;20;9;PDF;BROUILLON
a7b2335e-5869-4e8a-8deb-9e6f126805d5;9bbcee1f-69cf-4660-b2f2-ac1a99da5d12;Bas nuage parent queue.;4;148;Vidéo;ARCHIVE
a7d15492-756c-4391-964c-44c5d2c9fca0;11c51732-8920-4f9a-bd17-b1be60b260c4;Rose plus rêver compagnon inspirer obliger.;12;80;TP;PUBLIE
a7ec9acf-0fcb-4c45-af29-ac0147faaef7;433e2047-97bc-4b9a-8afc-77577ea60d92;Histoire ouvrage désirer risquer cri.;16;31;Projet;ARCHIVE
a8384f1d-4b63-4c94-a213-2b9641d329f8;a8100fda-0055-4a81-ac3c-4216af4d527c;Assurer dieu prêt.;13;40;PDF;ARCHIVE
a84bd5ed-908d-469e-ac54-faf3b0e37849;fa2d1015-8013-4301-91c4-e6f889a27e78;Droite cher situation arrière.;1;59;PDF;ARCHIVE
a877dd30-1944-4a01-b402-f55a646d7f8f;b81ff2c6-9bff-411d-af58-8f63370c8678;Inquiétude nouveau joli manger.;12;75;Vidéo;BROUILLON
a890a664-bff0-4de1-9831-c1c6f3a7b6d1;0ce531fd-d135-43e8-b938-0b94bbd7b70f;Froid ligne suite haine remplacer trace.;16;72;TP;ARCHIVE
a90a66e7-ac6a-4b37-81a2-c0ef92b60cd5;d1d6d534-119d-4023-a17d-d6494c9e0ea5;Grâce douter fuir.;2;16;PDF;BROUILLON
a938a85a-4ba3-47fb-86e7-a0dedeef63aa;f267d818-d238-461a-9141-79f7a75ce1da;Marchand trente son neuf cas chose.;19;22;PDF;BROUILLON
a96eec3d-b561-4e29-a632-523590a327f8;b254f8a4-5e60-44cb-b052-85c774bf4c90;Long cheveu immense donner arriver.;19;136;PDF;BROUILLON
a97d6489-5dd8-4b30-8d2f-af97a35b0710;2cb759ca-0a28-4a55-bb96-abc2cbca7c3e;Réalité vue vrai élément.;3;8;Projet;BROUILLON
a98337e7-4d68-452d-91b3-6f735b5acaa7;b81ff2c6-9bff-411d-af58-8f63370c8678;Vert naturellement obéir avancer.;12;174;Vidéo;PUBLIE
a997837a-ecc9-4dd1-9774-4db5af90bd06;4eba20e1-f69c-47f7-85cb-a3512fe08cd5;Ainsi famille debout dans occuper en.;18;11;TP;BROUILLON
a9bc6587-c3b1-4818-b5bf-df474b19c678;c6f94762-05c9-4508-ba3d-54a94c79e5b4;Bon rose visite social respecter.;15;47;Vidéo;BROUILLON
a9bdee04-28c9-4f1b-a3e9-7a614d89f7bd;9327c801-bbe7-4e6a-98dd-7ef798a4063d;Partie arrêter donner travers.;16;77;Projet;ARCHIVE
a9f0bccf-29a9-4201-b793-ca42581c2bb7;da563ae7-3c4f-459a-9e76-4e700bda46e0;Toute absence sembler étudier presser.;20;100;Vidéo;ARCHIVE
aa1a6ff5-9c15-429d-84f9-253270ab7850;9eb2d9e3-c128-4b1f-8665-eef88a73a4d6;Avoir ouvert étouffer.;14;153;Projet;ARCHIVE
aa1d8662-9939-43f8-b893-1d003ed3f541;b4a680fb-456b-40d7-82b0-5b8b710911ea;Fort fort te oncle devant étage.;12;108;Vidéo;PUBLIE
aa39b208-4b62-4bf3-a064-1143274ecf51;8a31fe60-24d2-4584-9e8a-637f802f36be;Accompagner retrouver pierre éclat.;8;100;Projet;PUBLIE
aa447687-a04d-49ec-bdc6-1b9942ef1c60;f1152cf3-1311-467c-9a48-22db34964864;Circonstance mois double escalier fort.;5;129;Projet;PUBLIE
aa5db194-687c-4e91-b795-278a2b830f8b;c4b8c964-0fb6-440e-80f5-f6468b17db67;Bien nom faute en discuter.;1;113;Projet;BROUILLON
aa8af110-21de-47be-b111-f76a2a07bb1d;f637026e-aa14-4d49-8c77-6b2dfededea5;Droit vide grand.;19;174;Projet;ARCHIVE
aaa5b4f7-9205-4977-bb35-b6fd5981e7bf;99547cad-562f-4525-ba0c-22bb93fe85ee;Enfermer obliger instinct chat.;11;16;Projet;ARCHIVE
aaa861c1-cba6-4c7f-8477-814bddfd73e5;49345ead-0986-466b-adff-4e6bfaf00c79;Obtenir envoyer partir.;7;170;TP;ARCHIVE
aab419a9-0b44-43a9-b277-3c03fea00674;132df0f1-a612-4741-85dd-1062f3ca6f26;Place douleur voisin résultat liberté portier.;5;82;Vidéo;ARCHIVE
ab010af1-d9bc-4ae4-9ec4-50c28998d6f6;8e274fb9-abe0-4172-9d52-a127282ea72d;Tombe exemple rue.;4;107;TP;BROUILLON
ab45a7c1-4616-4a8b-a486-7f0ec2a8a4c6;3254a4aa-52c9-402a-aff0-8bb84762c58f;Envoyer guerre retomber retirer.;18;173;PDF;BROUILLON
ab4ef105-7b04-4aae-a588-fd1273b66231;f11b67a0-03e2-4b2f-a4c9-07e0ddbadc38;Être lourd offrir.;2;152;TP;PUBLIE
ab6e207f-6f20-4b15-ae23-30dd74f7ddbc;a7015b80-cf65-4764-b28a-3bb1e53ee7e5;Large respect vêtement.;12;164;Vidéo;ARCHIVE
abb04ff4-fdab-49d3-a17c-74981f59d698;7c0d8256-e452-4ef6-b1c0-4732e967dae1;Simplement énergie pauvre type déchirer sentiment.;20;123;Projet;BROUILLON
abb91f4d-d5d4-4b1d-933b-efda3086fe64;2d72e7b4-e15b-4067-bfb9-5742d9fb369e;Vieillard donc reculer en vendre.;5;134;TP;PUBLIE
abbef542-f809-46ee-b248-fa90e61dcb54;5359944d-cf74-474a-a382-2536e8d6a4b2;Banc examiner assurer il tracer.;19;101;Vidéo;PUBLIE
ac1df6c7-981f-48bd-8f41-a208423c30e5;2d72e7b4-e15b-4067-bfb9-5742d9fb369e;Oncle suite bout.;7;141;TP;ARCHIVE
ac36ca2f-4f47-4d60-b8b1-9f9bbca2d254;a7015b80-cf65-4764-b28a-3bb1e53ee7e5;Départ pièce naissance remettre frère.;18;120;PDF;BROUILLON
ac40b761-79e4-4bc4-af49-8fd2940dbca4;71941234-69cc-4941-8dcf-c9046b7399de;Saint rejeter toi digne chanter silencieux droit.;10;150;PDF;PUBLIE
acb2747c-056c-41ec-9988-731bd43be161;23913f7b-7bc9-481e-b0bb-84eab296bde5;Réveiller répandre cercle.;19;161;Vidéo;PUBLIE
acd3704c-ff94-4705-a942-b93b2907bde5;f7583d3b-f778-4995-a9a8-99057fbaf739;Épais renoncer vague expliquer.;5;162;Projet;ARCHIVE
acf10b69-4d6d-452b-9c38-1d442f1efe2f;efbd0add-9a68-4814-a89d-fcc3cdee8ef1;Haïr dessiner rose.;10;9;TP;PUBLIE
ad47e2ae-841f-4fc0-8dbb-5b3bbbdbf43a;1b77c343-373f-47d7-9da5-e41400ec6c97;Mêler bataille terme nature moitié.;11;40;Vidéo;ARCHIVE
ad5af0ae-5f54-4b90-95a8-bb65c9094e84;917b4254-49c4-4d02-90b6-646a786dd537;Toucher bruit renoncer d'abord immense.;10;179;Vidéo;BROUILLON
ad8fe1e0-298e-4260-8a3e-6c6f4dffba41;6b930f7a-027c-45ba-8d55-0965da61eab9;Train peau garçon durant partir livre.;14;29;Vidéo;ARCHIVE
ade10cf8-ade8-4a31-ba01-22f5d97deb88;c7e6dcca-7f3a-45a5-8083-e426de8982fd;Fond patron vieil amuser éclat crise.;1;34;Vidéo;PUBLIE
ade744a1-299f-4321-b543-2529af273e16;7ae8b642-7cb1-4a88-93ab-70c34fa1faf7;Briller conversation français soulever dernier.;1;152;Vidéo;ARCHIVE
ae00d365-6f6d-48b8-b61e-e547e84760c6;03e43db8-b2e2-46e2-89a1-34e9a6efb1e4;Travail force accent fil trace.;12;8;Vidéo;BROUILLON
ae08846f-0bde-4733-8cc2-6ad441e2a132;ef803700-3c7c-4a83-b495-f41f76b23b8e;Plaindre neuf noire.;2;41;TP;BROUILLON
ae2e7107-0bc0-4f5b-8b88-8e128ddffbcd;68296f03-8ab2-4e2e-a505-a56e77e37885;Fuir détail reposer ministre mur.;1;171;TP;BROUILLON
ae38b90b-3118-45d2-9f84-7d95fbc8498c;a03ce9d2-337f-4c9f-969a-af4cf3b6d43e;Rayon propos pendant.;2;122;TP;ARCHIVE
ae4e9c3d-e0a2-488f-82f0-3be3385a5359;ae37e497-3eaf-44b3-997d-dcc62e08e85c;Jardin courir dont soleil général.;14;33;Vidéo;PUBLIE
ae6213dc-5c93-4843-907f-eaa7e15f3014;05eebb4b-2ff6-469c-bdfc-77e585ac378f;Entrer disparaître détruire composer.;6;156;TP;BROUILLON
ae90f40d-3cff-49b8-83cf-7ce8738eefbc;96efcc08-d821-4de3-ae3d-39e859fc909c;Naissance recueillir mot terrain.;13;45;Projet;ARCHIVE
aeb427fb-ff8b-4737-b7c0-ef1ccfb0c786;f5cc0f2d-5ff0-4ee0-a236-eeb20f0553d3;Cesse dehors conduire masse l'un oser.;20;5;Projet;PUBLIE
aebc3ee7-1db0-4213-9130-9ee6d8882513;10fe3f23-c7e3-4d9a-a8e2-80f51297aa9a;Sable train prêt garder oeuvre.;19;42;PDF;BROUILLON
aee8fc99-eeda-4d32-a32c-0c853813aae1;28785176-2e62-48eb-8ec2-c2560e076d96;Pleurer remonter enlever.;13;8;PDF;BROUILLON
af319fce-60ed-4b2d-abd2-06001a54c57c;a8840248-1014-444c-827d-02d03aa18c2a;Contenter on obtenir frapper envelopper juge.;12;136;TP;BROUILLON
af398f7a-9d7a-442f-bba8-02f93b04ebae;ca5ed06d-b126-4ce9-8a0b-0a12a960ee60;Instant précipiter soumettre.;17;154;TP;PUBLIE
af4ccabc-86c0-4a2c-9d0c-3dfe256ba33f;5777b1bb-e53a-4351-9429-9cc6c26b8744;Tout terminer important miser accepter.;6;46;Vidéo;BROUILLON
af5ba9ab-fb45-4da0-aa75-0886b6aacfe5;dea89f6d-6633-4af9-8347-543b15394c44;Choix façon cher tache feuille.;15;56;TP;BROUILLON
af71f160-69fc-4e91-8e93-b31b469ee9ff;0ce531fd-d135-43e8-b938-0b94bbd7b70f;Santé cour oh accomplir comment parfaitement.;5;43;Projet;BROUILLON
af806544-7b52-4d5d-9bf2-b66f4cd267af;c7c1edb7-dc92-4761-b49e-547ad7d93ec2;De colon enfant chaise compter bon jaune.;9;117;PDF;ARCHIVE
af90616d-4df8-4a5f-ac02-79231592bafa;93b65685-c14f-4fa8-8986-c9b85fd774ad;Tout marquer chasser.;16;179;PDF;PUBLIE
afa7590c-affd-48a1-af62-0001216891a8;714fb6c9-c3a5-42af-b6ae-7634bb712cb4;Ignorer public hier disparaître apercevoir.;10;144;Vidéo;ARCHIVE
afb2b7bb-552c-4d0a-b071-f77f2378e669;75344bf8-6125-41f3-a3b1-325feb25a542;Sueur race devenir émotion rire glisser.;3;180;Vidéo;PUBLIE
afc817ac-51fd-400d-a092-806a0b2edee8;40280df1-52b1-4eab-bf15-d3fe59cf1832;Morceau réveiller que visible peau rien reculer.;9;75;TP;BROUILLON
afef7c06-cbcb-49bb-b21d-1f1b4e211bcf;28884cfd-7849-4285-9f54-65c64c69870a;Résultat adresser mensonge.;5;42;Vidéo;PUBLIE
affc70a6-cbc8-483e-bb16-8ee43e849143;4582c945-e2fe-4c11-8bf9-556be36ab0a9;Refuser colline partout attitude.;16;173;Projet;BROUILLON
b02d0106-0ab0-472d-9596-862219ba06f8;20659fae-6e38-43cf-9ec6-980ab4a03443;Énergie pont jamais entrée.;7;20;TP;ARCHIVE
b058a045-9f31-421b-96a5-5a03a172506b;56d5b9fd-c007-4210-be8b-3f7af57127ca;Phrase préférer expérience décrire demi.;3;12;PDF;BROUILLON
b05c3b80-b051-4a76-8ebe-94861a3cb20b;aaab2b5e-8423-4318-ac9d-cf9f63a13477;Bonheur soulever exécuter rentrer assister chien.;2;90;Vidéo;ARCHIVE
b0891f93-36d7-4140-b54c-3ce43e3ff5de;ceda6435-4f76-4d1f-9d62-19a80a5178ba;En offrir réfléchir inquiéter.;3;30;Projet;PUBLIE
b0a7dbf7-f594-44d1-8a49-169fd8397a90;51cdefe3-c784-4644-a74b-d9285fafb48d;Attaquer jouer but.;1;7;PDF;PUBLIE
b0b9d190-6989-4221-9de3-862db7a7e60e;5a43ca9f-9e4a-47ee-b66d-3fd80cfccf5d;Vraiment rire tempête vouloir libre.;12;82;Vidéo;BROUILLON
b0c660c8-e3c1-4486-aa21-3501010ababf;338d0ea6-dbe9-47cf-94d1-6adbeef93c63;Accrocher déchirer réel ennemi spectacle.;20;12;Projet;PUBLIE
b0f0d30b-8196-4832-a616-338fd41f1f57;bb9172d0-ce0c-4c50-a387-d5d19f9ba0c4;Appuyer race lever.;14;119;Projet;ARCHIVE
b10d82d1-c04a-4b5c-a9fc-6642eb775f0e;f94b48a5-8a7b-432d-b34c-a4f8316d8edc;Beaux mémoire roche.;1;117;Vidéo;BROUILLON
b114f508-b3ad-4fbb-980d-05819ed8f4b1;404c4ad0-2fbb-4d8a-bf47-06399acef40d;Poche dehors espèce cabinet français.;10;90;Vidéo;ARCHIVE
b1422110-9894-45b5-8774-a99f7174477b;806b9e49-6019-4709-ab0e-ba68558e42fd;Histoire devoir cri effort race travail.;16;147;PDF;BROUILLON
b1434337-54d0-44dd-8509-7352883eaa3b;2b8081d6-c3d4-4878-af31-52c7408c43f1;Longtemps plan quarante.;11;109;Vidéo;BROUILLON
b1ac0026-8380-4a0e-ae13-4ac1e7763a34;2cdd11c7-2a61-43f1-91bd-190e8a6490f3;Beaux ne vendre pouvoir en arracher.;1;7;Vidéo;BROUILLON
b1c6ba7f-97a9-474a-9845-5c8656350bb6;458f884e-99a9-4f1c-97c7-35b7bce708b7;Rappeler répondre voiture service.;7;97;TP;PUBLIE
b1d2b689-4bb4-49ee-9bd4-c16414a523df;bfef5735-2921-48a1-9b63-c630da94c826;Réalité employer spectacle repas.;18;146;Projet;PUBLIE
b1e1be5c-0002-4dc9-8505-ca114d608091;7d05d623-27a7-4133-8ea1-0e275e1b43de;Droite puis cesse remercier science.;6;116;Projet;ARCHIVE
b1fb1df0-730f-41d5-8e83-6c5a21dd9b1e;0cd4b40b-c112-4142-b444-dae3669daaae;Point charger combien.;3;171;Projet;BROUILLON
b20361e2-72db-4ba4-900e-725bf8028ae3;f1152cf3-1311-467c-9a48-22db34964864;Gens chien droite mot haïr.;12;128;Projet;BROUILLON
b2057ec0-36b5-4036-9cbe-b6066a1e798d;f637026e-aa14-4d49-8c77-6b2dfededea5;Oublier mari demeurer lien.;11;108;TP;PUBLIE
b20b0720-287b-4e97-85e2-4e3f4fdcb0ee;a057927d-ae65-45a9-8afc-fbeba1a9ef60;Juger oeil dégager celui toile.;7;149;PDF;BROUILLON
b20e53e6-605e-4a05-a8a8-003991f1199f;3a257419-c8bb-4aaf-b6f8-8260281521a2;Vague théâtre tirer attacher.;2;66;Projet;ARCHIVE
b20f69c6-c7aa-42a7-b9ac-97022fd0355b;77514051-1ae4-4a8c-9995-7b761414d889;Abandonner faux pointe absence.;2;67;PDF;PUBLIE
b23a0565-ade3-49d5-936c-cdf237045a73;9d722162-3c3c-4f24-b722-a8b88faebc4a;Violence près mériter or triste.;18;152;Projet;BROUILLON
b280fabe-e47a-431b-8c79-154b26317ac9;bf0b5fe4-d1c1-4652-8444-466634155b51;Nord milieu profondément demande fait.;3;39;TP;PUBLIE
b28b465c-935d-4618-a6d5-84c87e1957ae;a8100fda-0055-4a81-ac3c-4216af4d527c;Paysan et d'autres.;8;172;TP;PUBLIE
b2a0ad57-211f-4695-85de-d9cda7f76146;8e2d0e25-32b6-45f2-96d8-af495d115257;Avancer papa combien événement image.;11;72;Vidéo;ARCHIVE
b2c6186d-9f05-40a7-b0a3-53654a622082;f2489a0a-68c3-4c32-bbba-1869ba8817f3;Afin De père lisser user étrange passé.;12;39;Vidéo;BROUILLON
b2cfc331-8003-43d7-83df-33d9312c9e15;d810fef9-a3cb-4a9b-9817-2d42cd42608e;Permettre angoisse avant entourer bout.;11;130;Projet;PUBLIE
b2d34d9f-7c5a-466d-8bf0-27652f17086f;125b2e5a-aefb-4f3b-b4b3-732b783efbef;Bleu froid te que.;7;72;TP;PUBLIE
b2f732dc-45a7-4fc1-8722-abe54eeb8f67;dc7650c8-54ec-40b7-954d-4b10455d8a58;Léger rencontrer sentiment.;9;80;PDF;ARCHIVE
b2f77e0b-3b5d-431e-9e36-a66b3d1604da;5359944d-cf74-474a-a382-2536e8d6a4b2;Instant assister conduire.;5;137;Vidéo;BROUILLON
b32529cf-04b8-4f7e-816b-1205aed3e779;93b65685-c14f-4fa8-8986-c9b85fd774ad;Anglais entier déjà grand ensemble.;6;154;TP;PUBLIE
b32c973a-5c6f-4e04-a2cf-fc43fcaccff4;986e48cc-8108-45da-829b-77b6efdf53a0;Supporter vite affaire étrange dominer avis.;9;98;PDF;PUBLIE
b33d8778-6373-4349-89ad-8941b51e5a7e;b10a5096-fa6b-4f33-94a1-e52901cf26cc;Imaginer troubler sembler poser refuser acheter.;10;68;PDF;BROUILLON
b377ef73-a0dc-4fd6-be79-c140f8e68dee;65927d40-90c5-462c-80fe-0abce408cfc6;Pourtant content propre asseoir.;2;7;PDF;ARCHIVE
b3860b42-fcea-483c-9790-973c4e44f295;006fd8d7-2e55-46d6-971a-952319ca66e0;Résistance gros bras rire.;1;116;TP;BROUILLON
b3914a5e-6e14-4f84-bf53-89cb9e348800;90d8e9fa-24c4-4897-a066-59fe880f90ea;Glisser tombe poids.;17;61;Projet;PUBLIE
b3ab2231-33af-4426-80b8-ca0111783ce7;d89dd1dd-448d-4190-ac64-852cd92e98e2;Agent retourner avoir.;8;18;TP;ARCHIVE
b4077811-d4c5-4d24-aeb0-4026d9a4048e;7ae8b642-7cb1-4a88-93ab-70c34fa1faf7;Mois mauvais goutte étude différent.;6;6;PDF;ARCHIVE
b40812e0-2ae4-444b-96ac-3b0624ae93a6;c63ccba7-bdab-4dc0-81a1-4c4bb2cd5971;Marier long arbre simple.;2;169;PDF;BROUILLON
b4767fe7-155c-4d6a-9b1f-a0529d06fea9;af44ed5d-9c47-46fe-803e-2c620d25641a;Douceur apparence endroit parent.;19;92;Vidéo;ARCHIVE
b4b0cbbe-74e0-40fc-aee0-1d070ed637f4;50479fba-2b69-4bac-8187-de97a2d41322;Casser passer banc condamner briser arrivée.;2;178;Projet;BROUILLON
b51af589-95fa-4870-903b-05a9005ece91;892a8957-701c-4d0c-9c6d-ae931594cce3;Journal métier remercier autrefois jeune.;3;96;Vidéo;PUBLIE
b543ec04-5e8e-45e2-b6af-dee99893f9b3;10a43e80-a31c-4ae5-8827-ab51da214918;Veille confondre bientôt bataille juste.;17;84;PDF;PUBLIE
b58f7f37-8285-4997-9e7b-d58b11df205f;c4b8c964-0fb6-440e-80f5-f6468b17db67;Puissant village éteindre réclamer gloire.;10;139;TP;BROUILLON
b5952523-3cfc-4c7e-aa66-4b50b45e3c70;75344bf8-6125-41f3-a3b1-325feb25a542;Intention oublier haïr suite passer déclarer.;9;110;Vidéo;ARCHIVE
b5a47439-4c80-4a81-8e77-098005f4ad53;70ec2a6f-b907-4ddc-aab5-2a42492079eb;Terme indiquer seuil course mer travail.;15;80;TP;BROUILLON
b5ec9f4c-788e-4705-8ff4-64e0a66b3754;573de0c8-3510-4dd9-b9d4-62db9a95812d;Retrouver complet croix livre assister.;17;52;PDF;ARCHIVE
b5f30285-c30d-4ea7-b593-0bc23f01f960;6fd51346-774f-4d38-a7fc-299ce9d487fa;L'Un preuve tenter militaire.;16;21;TP;ARCHIVE
b5fa7ad9-072a-4675-be56-6b4dc78b99bd;6f4edd70-fc00-481b-be09-ef0a90e0b968;Moindre chat tu loup.;6;153;TP;BROUILLON
b60840a6-66a3-4d9f-a9ad-9366e42bcafd;e9079439-0af5-4a74-b453-12c01b841430;Froid crise époque joie.;16;29;PDF;BROUILLON
b62696a7-10bb-4b48-a10b-faafdf7b3456;125b2e5a-aefb-4f3b-b4b3-732b783efbef;Marche étonner penser banc présent.;3;29;Projet;PUBLIE
b636a893-95bd-4b2c-aa1b-6e42fd79cc9d;62ad6e0f-17cd-4a69-8e56-dfd22da8f4b2;Train essuyer verser fer soleil.;15;45;TP;BROUILLON
b63d578f-13f2-406b-a334-d4785b743b9e;f56d9092-5b9c-4305-a37b-0a6f8c8a91f0;Minute apparaître admettre rouler peser politique.;8;57;Projet;BROUILLON
b647b85f-de10-450a-9679-42cc781086dd;60ffbe9f-5e82-42d0-bdff-531780eb9302;Léger contenter moment entretenir entrée.;1;105;Vidéo;PUBLIE
b64d7342-081e-4ef3-b7fe-318fcca0ff66;d4055d63-fc69-45d2-975b-c845584d5149;Tirer prison article céder bas durant.;6;25;TP;PUBLIE
b668870a-7981-4d05-b360-8563d5ab05e4;75344bf8-6125-41f3-a3b1-325feb25a542;Politique confier dehors apparence sourire souhait;13;111;PDF;PUBLIE
b68441e5-0266-42ae-8e7c-42a8321f96ad;a64f21b0-5396-4a95-9a6e-dfc0687699e9;Écouter accorder savoir doucement inconnu retirer.;7;76;TP;ARCHIVE
b68f7d73-02c1-4628-9429-a13630232dcd;f11b67a0-03e2-4b2f-a4c9-07e0ddbadc38;Aile français expression ministre.;19;154;PDF;BROUILLON
b6e10b74-ad22-4cfb-a488-5ce718e54b7b;f483efc1-e664-42c7-b882-63a336cf27b1;Lutte préférer spectacle loi contenter coûter.;14;51;TP;ARCHIVE
b6ed6b19-9726-48b9-ac3f-374eafe1a1c9;8663ebe4-575f-4c2f-9e33-42bc20efe8c8;Fier subir par.;19;174;Vidéo;BROUILLON
b74b7627-8761-44ee-8efc-97b849bde213;a64f21b0-5396-4a95-9a6e-dfc0687699e9;Eau établir quelqu'un puissance protéger attirer.;7;51;Vidéo;PUBLIE
b767d9b2-8e5e-4c17-9616-fa7f1ed1395d;08b2fc02-7da9-4ff0-a9dd-470a33a9403a;Consentir classe proposer.;18;104;Vidéo;BROUILLON
b7776fe5-a7fd-49cc-aa11-e6a133f41505;93b65685-c14f-4fa8-8986-c9b85fd774ad;Oser éclat manquer.;12;116;TP;PUBLIE
b781ff54-7d16-4980-94df-5ba56313ff6b;266b6a9a-a5bd-44a0-b2ea-046b9cfdcbf8;Fait haine vide mener avec.;13;157;Vidéo;PUBLIE
b7b43dca-254d-4ad2-919d-d826036f0bd7;81290d4e-da5f-498d-97e6-78af75510525;Haut voisin perdu crier certes.;6;15;Projet;BROUILLON
b7b809c3-b4b2-47c7-b178-b9a81b5f000e;65b18d3c-21cd-437a-b6b1-408618714973;Ton pourtant malgré.;3;90;PDF;ARCHIVE
b7c72358-d47a-4796-ba3a-37f5bedff170;afb05851-2089-491f-9b78-daa08126e193;Espérer cruel courant grâce abattre mort.;1;101;TP;PUBLIE
b7fb7b27-e8a1-4f6b-8704-b353d8ca6dd9;d4055d63-fc69-45d2-975b-c845584d5149;Intérieur elle rassurer salle.;15;133;Projet;ARCHIVE
b800445b-dd68-4475-b972-55af6b94d73a;080bee8b-413a-4187-8a56-d5da07645068;Personne course absolu content.;13;168;TP;BROUILLON
b802f100-0940-43a9-b0bf-ae83893de39f;dcd06014-3773-418b-bfee-d209ded1081c;École docteur ancien désert permettre inconnu.;1;78;PDF;PUBLIE
b821a61c-6cfa-4e00-ac17-89d93df51cd4;59cd40dd-5875-452b-88fc-56c00ae2b81d;Tranquille choisir connaître escalier permettre br;3;166;Vidéo;BROUILLON
b82c8cfc-4912-4bda-9950-7aaa2ad0c082;2ca40a2d-0d3b-4c50-8760-e89b5066a8ca;Tâche rapide article trésor propre vouloir.;14;70;TP;BROUILLON
b82e58b0-23c7-4c6e-a94c-2b48d76f3b2e;f6a3fb31-497e-4546-a534-da28c6e2b06f;Convenir tout employer finir.;17;141;Vidéo;PUBLIE
b8323ba7-9c37-4499-97d3-88822690c231;357d39ca-2c5f-43d7-9e45-55486b7e125a;Marché marche discuter.;16;179;PDF;ARCHIVE
b8404719-7b0f-405e-8a90-4d653ec830d0;4ffbaa6f-27e4-47e4-99d9-1bca668b04c3;Divers éprouver vous.;18;98;TP;ARCHIVE
b8484968-311c-48c5-9742-660ed683983f;6fb9351e-4243-4e4d-a810-90bd4c053bfd;Leur décider mesure raconter tout vague.;12;127;PDF;PUBLIE
b881612e-93da-4fd3-9e91-f34392c2c741;d8798fc2-c35e-4455-ac6d-a9da56c4cd41;Arriver chez souvent qualité frère en.;2;99;TP;ARCHIVE
b8933d50-af1f-44fb-803e-ad0e38ebd258;dd9022e3-1770-4dc3-886a-4d588d0c1c27;Gris écouter ainsi.;4;52;Vidéo;BROUILLON
b8ae9a8b-cc90-44e1-8f92-5f9e2b3bd873;c16a1468-f0c5-4734-9f39-3e21148c3433;Fonder circonstance membre.;12;8;Vidéo;BROUILLON
b8cf97b2-b344-4472-87ac-871591496e76;239dd0f4-ac09-4eda-b170-4d8bf216eea3;Présenter intéresser ignorer recommencer donc.;2;63;Vidéo;ARCHIVE
b8dae5ce-3fd4-4dae-b5bc-4dc05356210b;9eb2d9e3-c128-4b1f-8665-eef88a73a4d6;Mien manger ton atteindre voiture jour.;7;64;TP;ARCHIVE
b8de46f5-f092-4d53-90c4-938459cf78c2;22e2425d-0fe9-496b-be24-5dbce616e137;Médecin vers signe.;18;130;PDF;ARCHIVE
b8ee679d-4189-4c89-a5a6-2d92910f2e8e;442dda73-ba23-4d5a-9cb6-7766c6772736;Affirmer demande général prêter car tracer.;16;37;Projet;PUBLIE
b8f2af43-d4e7-44c2-ad13-baaf33c91535;1006887b-1bbb-4dc3-a09e-b8f5b882b9d1;Plein essuyer étude ici afin de.;7;158;Vidéo;PUBLIE
b8f6ea3c-b409-46ef-81b0-9f002dba62fe;a7015b80-cf65-4764-b28a-3bb1e53ee7e5;Morceau allumer enfin tantôt.;8;161;PDF;ARCHIVE
b9034910-0f79-4dc0-a2a8-20e267a3601a;81290d4e-da5f-498d-97e6-78af75510525;Dehors allumer ville jardin seulement.;9;40;TP;BROUILLON
b9073ffc-850b-47e3-a32d-d20832a06b6e;2a11d88e-a772-4f32-a34d-4ed3133c2da0;Société dont satisfaire.;2;170;Projet;BROUILLON
b9342244-a3a1-4125-ae8f-a83838e7ac9a;2d15cb34-e7c9-48df-905d-1f76c12b1a02;Grâce menacer beauté lui début.;17;161;Projet;ARCHIVE
b937975f-a8ab-4c3b-b93f-30ae023c9ae0;c2ffef10-5b5d-4871-a272-8ad260a6ccf2;Autrement calme poussière faire parcourir temps.;9;36;Projet;ARCHIVE
b9410e57-f425-4dcd-933d-95d9e28da3db;732a11ed-82c7-4642-8934-4ade833bdc69;Respirer visite dresser cacher éclairer.;4;106;Projet;BROUILLON
b94bedac-a795-4a7b-af6b-20b67e9ea3fe;7951b14f-685f-4fd4-b26b-7c759bc40cf0;Me réduire feuille plein.;2;11;TP;PUBLIE
b96bc7f5-7aeb-4df8-a581-65f96215cc33;43e848f8-2284-4076-a227-16ff6fe9ea5c;Oser discuter or avancer combien.;14;156;PDF;PUBLIE
b99280f7-b28f-4b22-b84d-e3cc6918cd49;cc779293-b06b-4a30-974b-6e209795a778;Année franc vite époque.;18;19;TP;BROUILLON
b9976f74-1767-4132-ac7f-d9662086170f;1af00fc0-ec97-45be-b07c-4104d2d3b894;Bien doux soldat autour.;1;179;Projet;ARCHIVE
b9e0901b-e1cf-4016-9fca-ebc7d22a8a53;f267d818-d238-461a-9141-79f7a75ce1da;Placer prévenir armée doute aussi.;19;31;Projet;BROUILLON
b9ea755b-23a4-46ee-af84-795fef326fef;5175cc42-6117-4dea-b03b-8c95656656d7;Entrée grave inutile premier.;18;168;PDF;ARCHIVE
b9ec29d0-9f6b-48fc-8adf-4d367b6b7139;239dd0f4-ac09-4eda-b170-4d8bf216eea3;Nu personne offrir.;7;82;Projet;ARCHIVE
b9f9ef42-28f2-4861-914b-008caeade2df;90ecd47e-5c22-452e-96fa-4f1a3e53a0da;Nommer éloigner fauteuil ne.;10;96;TP;BROUILLON
ba01385f-dacd-4be3-a06c-b709b8ad41b8;b10a5096-fa6b-4f33-94a1-e52901cf26cc;Cours musique voilà appuyer enfant.;20;126;TP;BROUILLON
ba3247e8-e435-46bf-adc9-2ec4f2cc9db5;c63ccba7-bdab-4dc0-81a1-4c4bb2cd5971;Bien retenir bois.;9;79;Vidéo;ARCHIVE
bae26ac4-ac44-4fba-9ce2-3e75b863098f;77514051-1ae4-4a8c-9995-7b761414d889;Toile vous expérience soir.;2;21;TP;ARCHIVE
baf6df3c-32e6-4c56-a11a-040ad9306b72;bb5a710a-3432-438b-b8b1-9c1cf24b5bdc;Contraire donner recueillir donc roi.;11;22;Vidéo;BROUILLON
bb05f2c2-b51c-4896-ada5-68060daf9c12;ce11a6f6-7a90-479d-b2a0-7a997b9c17ac;Respect ouvrir pas on souvenir scène.;8;37;Vidéo;PUBLIE
bb379569-90c8-4ff1-94e7-6d1a2621f047;dd9022e3-1770-4dc3-886a-4d588d0c1c27;Chaîne complètement éprouver seulement terminer mo;10;122;Projet;PUBLIE
bb3a7420-811f-42be-b934-af72f528b2f9;c0869a9b-dbfb-4680-8924-d645b477ff05;Chien ramasser fin.;15;111;TP;PUBLIE
bb3c9e69-70a6-4a2b-9f03-f6919083f89b;7ad12a3d-12cd-4e14-91ee-65ec8a62c190;Étudier facile honte exposer certainement passer.;12;77;PDF;BROUILLON
bb5a843d-5401-4fbc-8d88-7f7ec36ff56d;c6f94762-05c9-4508-ba3d-54a94c79e5b4;Ainsi chaque nom fine même.;20;67;TP;ARCHIVE
bb8948b8-8aa7-42e4-907b-cb4024ed2183;762b07a2-d369-468b-9779-707318b11b28;Nourrir cheveu entendre doute.;18;38;Projet;PUBLIE
bbb3ac3c-0032-4005-868a-50496b7a6cea;4eba20e1-f69c-47f7-85cb-a3512fe08cd5;Chef étendue dès.;3;49;Vidéo;ARCHIVE
bbe6b8f5-ec41-49f0-bbd5-b6d4ad8e4717;ce11a6f6-7a90-479d-b2a0-7a997b9c17ac;Bras morceau tombe me.;15;12;PDF;PUBLIE
bbf29d0c-2135-409c-83bb-6f7c5333b7e7;067c73eb-23cb-4cc8-961b-34a18b05102c;Entraîner cours gagner admettre poser pouvoir.;14;101;Vidéo;BROUILLON
bc47d640-bf67-4ef9-98ff-01c0353538da;1a98e2e0-103f-40c8-a7e7-c1cf3fe4ec35;Passer éclater expérience observer.;16;24;TP;ARCHIVE
bc69417f-1d80-42b0-a838-8722194ff246;87eed4d8-979c-4cfb-a795-d1cd65cd0fd9;Rose cependant content façon.;11;69;Vidéo;ARCHIVE
bc873314-2b77-4a1a-b12e-328622934a81;49345ead-0986-466b-adff-4e6bfaf00c79;Chercher sec retirer désert membre surtout.;8;173;Vidéo;PUBLIE
bcc02c02-9fda-430b-b554-1692a990bafd;e7e16162-157d-4843-bf66-5fda8e09bf53;Importance ne autre parler règle oiseau.;18;52;Projet;ARCHIVE
bccff54f-efcd-4b85-bc76-696e39de4b22;8722c678-bb28-463c-bf68-d0e2f0473c95;Accrocher fait risquer.;16;14;PDF;ARCHIVE
bcde9dbe-ad13-4151-baec-1a47f0cb9259;6e5f0d64-a7fb-413d-932a-8c8d7cffe765;Fermer pierre demande certes avouer couche.;9;6;TP;BROUILLON
bcf96738-d98b-45a3-b392-7eeb01cb7aaa;41948544-1455-457a-b9b0-903c08603120;Ami front pauvre différent revenir enfin.;3;46;Vidéo;BROUILLON
bd1450b6-5de6-4e50-af28-147107b320da;dea89f6d-6633-4af9-8347-543b15394c44;Fil étendre indiquer.;17;69;TP;ARCHIVE
bd69b120-d3f9-4f33-b28a-1ea5325184d3;bfef5735-2921-48a1-9b63-c630da94c826;Blanc terrible dormir.;3;73;PDF;BROUILLON
bd7e7151-7e1a-48f8-9d92-7fe58998e9b3;7c120b10-0fca-4d6c-a676-ecc0d83ba9c8;Veiller vin lentement.;15;27;PDF;ARCHIVE
bd948561-e6e7-47fd-b275-27338f0dbc62;714fb6c9-c3a5-42af-b6ae-7634bb712cb4;Parent classe pénétrer douceur prochain.;18;149;Vidéo;PUBLIE
bda58983-7c00-48b6-9813-a70bebc09b47;067c73eb-23cb-4cc8-961b-34a18b05102c;Témoin hors instinct détruire passé dos.;10;139;PDF;ARCHIVE
bde9f613-da61-4fea-ab5c-2dc585ff578d;0f68530a-d2af-4db7-855d-0737896ff0c4;Demande gauche d'autres forcer.;2;170;PDF;PUBLIE
bdef6929-bf12-4d7a-aacf-123035d86754;d266b0ac-085d-4fa0-8073-cd06119b957f;Étendre forcer crainte aspect autrefois de.;14;141;TP;PUBLIE
bdfa25b7-b7cc-4e80-9d62-2dba987eb979;defce9a4-b618-410a-a8e7-49b1a51e3b11;Convenir calme si.;1;96;PDF;PUBLIE
bdfb02b2-df74-41fd-bad1-9e6cb151ad34;c63ccba7-bdab-4dc0-81a1-4c4bb2cd5971;Lutte bras souffrir.;20;166;Vidéo;ARCHIVE
be0fa0ae-0300-4596-b16f-fe7e694fd8a0;d4e125f1-9c47-4002-a7e8-bdce1304ac8b;Souffrir distance lèvre regard.;1;88;TP;BROUILLON
be192faa-69e6-433a-897e-3fe4bdcde0b8;70ec2a6f-b907-4ddc-aab5-2a42492079eb;Celui silence consulter figure pas.;14;77;Vidéo;PUBLIE
be8b672b-7ba6-40cd-8dd6-5cceb9636e79;2cdd11c7-2a61-43f1-91bd-190e8a6490f3;Circonstance remplir fois écouter prison.;11;65;Projet;PUBLIE
becf7298-6513-4467-b2b0-78b475e3ccd9;5b057f7a-58cb-4a9a-af7e-b826cbc1fdcc;Quand rire étrange beaux seuil.;18;12;Projet;ARCHIVE
bed775c2-d0cc-4226-ad91-3d056e2bda5a;bc221d10-727e-48b7-8a11-3d2523e692b0;Tromper franchir robe.;16;18;Projet;ARCHIVE
beead7f9-e172-407a-b964-f07c3605ae9d;da93d200-cb70-4cf7-9bb2-5775d81aa48b;Main entrer calme flamme.;14;148;Vidéo;BROUILLON
bf1ad179-0652-40d1-9d88-19f5a844cd18;bf95968a-b3e3-4168-bda6-3c9192575693;Marier sonner asseoir.;1;148;Vidéo;PUBLIE
bf2e15f4-9680-4912-a506-baf54809ec9c;6c19a257-e368-4e5a-a09d-8b26d3ea667b;Comme passer grand part différent intention.;20;172;TP;ARCHIVE
bf624fd1-f682-4c59-bc33-2aa5c5e36b9c;b3ec6006-9422-4f6c-86f0-fce14d4b267d;Autre prince regretter chef peu.;10;99;TP;ARCHIVE
bf72c165-6c98-4ab8-b24a-050889d7f2d2;3254a4aa-52c9-402a-aff0-8bb84762c58f;Vingt dormir grâce âge milieu causer.;9;125;PDF;BROUILLON
bf87ed46-9c55-416d-a344-6f73cd0e228b;cc8e5010-61d8-4c77-aff3-6e84137b3d82;Cacher journal perdu extraordinaire.;9;109;Projet;BROUILLON
bf9a49cc-449f-4086-8759-a9f13656825a;89b926b3-02d8-4429-94c6-177a5f87cb0c;Déchirer portier remplacer énergie passion résulta;3;122;TP;ARCHIVE
bfae2d78-149c-4b82-8620-c91064e032ca;fbb71b71-7c25-48c4-96d1-2edf72e4ae57;Goutte retenir exister.;1;107;Vidéo;PUBLIE
bfbe114a-fe6f-4c80-a171-3a2d8c687b94;55b29d6d-708e-4c26-b066-15a92de92d07;Bon employer habitude aucun circonstance.;9;179;TP;PUBLIE
bfd41e92-ffdf-44c2-982d-b94900b929c7;cc779293-b06b-4a30-974b-6e209795a778;Aile divers dehors point maison.;11;26;PDF;ARCHIVE
c0281963-8963-4ff6-a5f4-680a475753e6;ab72a548-4059-46a4-a513-bb744b085937;Bleu fonder sentir.;2;160;Projet;ARCHIVE
c07fd777-7891-4d5c-ba4d-343fd9efb70f;714c7e2e-7e45-4dd1-9345-9ebeffde414e;Peur clair boire crise.;6;175;TP;BROUILLON
c0978b68-b578-4f1a-8cff-ebb98ea14e66;f4209fb9-c351-4849-9372-adc75ec09906;Printemps accompagner désigner.;12;155;TP;ARCHIVE
c09b47a9-349b-416f-a3f9-9cbef979bb4f;28785176-2e62-48eb-8ec2-c2560e076d96;Semaine journée dent prix malade feu.;19;88;TP;BROUILLON
c0a82d80-2e00-4e73-94b7-c19b7fea7245;cea01d94-348e-40da-930a-3a823517d505;Occuper découvrir désormais.;11;53;PDF;PUBLIE
c0ac4652-4240-40ff-8c29-ee165effface;150baf1a-ae7d-42da-9d94-465b0a08c9d8;Éteindre ton distinguer clair trop.;1;108;PDF;PUBLIE
c0f06e2c-9776-45f5-aed1-5c38476a7cd8;663242ba-a775-4068-a26e-7047faecfe69;Remarquer salut apprendre coin accorder.;15;63;PDF;PUBLIE
c0f8d041-b100-4af3-b08d-d2981b82b6c2;797aceb4-4e41-4b99-bcdb-104b5f8e6751;Sec général cabinet douter nous éternel.;2;155;Vidéo;BROUILLON
c11d38ed-761c-40ef-bb84-074588426a3d;cc779293-b06b-4a30-974b-6e209795a778;Réflexion pied accord appartement oiseau.;1;149;TP;PUBLIE
c1a2f203-2835-42bb-84b3-76a138dde320;2dde8fe5-8c76-49f7-ab4f-3d26da8acb95;Mêler dangereux seconde debout.;16;108;Projet;ARCHIVE
c1a57fad-9a2c-47ed-903b-8b72a78642a6;b702e8c9-7e4c-4996-ad0d-a818e581a765;Trente déposer matin.;10;105;Vidéo;BROUILLON
c1ae1b03-beb8-4f21-8241-0c5161818bde;ae37e497-3eaf-44b3-997d-dcc62e08e85c;Sept poche impossible.;13;109;TP;ARCHIVE
c1c34041-d4d1-439d-b147-6b6a3717e684;bc1dcd1b-2892-4353-80ee-f310f6fd137c;Différent occasion presser.;2;87;Projet;ARCHIVE
c1c84f05-df5c-410c-ac7e-3a65c75777bc;006fd8d7-2e55-46d6-971a-952319ca66e0;Te espace papier rôle.;12;78;PDF;BROUILLON
c20a1481-e9b2-4951-b08e-2a76abb145d0;d4e125f1-9c47-4002-a7e8-bdce1304ac8b;Sien journée éclairer poésie contre groupe.;15;66;Vidéo;PUBLIE
c20dec3b-27ec-48b2-a714-2510e68e6e0e;c7e6dcca-7f3a-45a5-8083-e426de8982fd;Différent emmener éclat.;19;155;Vidéo;PUBLIE
c22b8f93-dd6b-43c4-97fd-95d16ced35d8;c8f3472f-ed48-4f93-90e6-7a02e42dcc6d;Miser seuil midi.;1;164;TP;BROUILLON
c23b316c-959b-4520-b4c1-868a0b7be6c0;433dc043-86dd-42f3-99a7-d941a6ea6d2f;Poésie véritable engager.;18;77;TP;BROUILLON
c275c699-c95e-4559-bf71-9e6e1e4dfbf8;0c34a864-8ad1-48fb-9df7-3df2fceb8411;Commander inconnu vaste désespoir remplir mesure.;8;147;Projet;ARCHIVE
c27bcc42-bfd8-455b-a025-a194e9908f5a;2a11d88e-a772-4f32-a34d-4ed3133c2da0;Abri famille est pendant pendant large.;10;147;Vidéo;ARCHIVE
c27d65f1-0aba-4848-9c0e-b9118c4fc540;714fb6c9-c3a5-42af-b6ae-7634bb712cb4;Mieux encore solitude chef parent.;10;158;Vidéo;ARCHIVE
c28e4f38-bb44-406a-b438-406aa618fae6;e3aed655-3306-4553-82f5-d3b416316f44;Feu toute pencher tête siècle respect.;8;80;Vidéo;PUBLIE
c29b8fd0-daa3-4891-960a-572051aaa3cc;9bbcee1f-69cf-4660-b2f2-ac1a99da5d12;Planche coûter problème.;13;143;TP;ARCHIVE
c29d2b00-f46c-431b-9199-1523baaaef84;b67a3f65-5651-4b7b-8dce-9bd6a6da8b7d;Jusque résoudre vide nu rang.;8;77;Vidéo;BROUILLON
c2b72bc4-30b5-462c-8c03-f211437597d2;0513cf24-b611-4a15-ac4b-dc5266e0bbda;Troisième entraîner force pas car.;20;134;TP;PUBLIE
c2bc88f2-ba25-4deb-9dcc-4662f6630485;c4b8c964-0fb6-440e-80f5-f6468b17db67;Inquiéter et un commencer nécessaire.;14;33;Projet;PUBLIE
c35d75e5-2b61-45c9-ae89-57d86bc12787;42d1389a-6410-42e5-bec4-390e2b789784;Jusque mesure professeur sens.;20;114;Vidéo;PUBLIE
c3631782-204f-4b43-8028-bf0d7184de69;7c0d8256-e452-4ef6-b1c0-4732e967dae1;Expliquer retirer rue étroit classe.;16;81;TP;PUBLIE
c37d4a75-837a-425d-85f1-eba3206e6105;bb9172d0-ce0c-4c50-a387-d5d19f9ba0c4;Vingt payer porter couvrir réponse.;12;40;PDF;ARCHIVE
c3843bcf-1f58-4e18-b103-269f80578cf7;75344bf8-6125-41f3-a3b1-325feb25a542;Respirer mémoire intérêt sol.;10;115;Projet;ARCHIVE
c3a7f298-1575-4b83-bc3a-dc0ff62d9300;b41440a8-f069-49d4-a502-b4304358f9f7;Fauteuil fil veille chaleur vin.;14;149;TP;BROUILLON
c3b088c5-0465-4cda-9639-94a0a8bf328c;65b18d3c-21cd-437a-b6b1-408618714973;Situation trois rond parcourir marcher consentir.;1;179;TP;BROUILLON
c3cb0f06-0153-4cf0-b8a9-c3645466ef0d;51cdefe3-c784-4644-a74b-d9285fafb48d;Humain apporter cou.;2;8;PDF;PUBLIE
c3e47941-4be7-468d-9b76-68465f30611a;e7e16162-157d-4843-bf66-5fda8e09bf53;Ombre bien vieux.;10;54;TP;PUBLIE
c3f7f8e7-6e21-4474-8402-c3906bbd0aac;59cd40dd-5875-452b-88fc-56c00ae2b81d;Fait y terreur.;14;24;TP;PUBLIE
c45e5a7d-8831-4981-b331-bf7a72430385;87c97115-139c-4d1b-bfd0-60fd4877b741;Calme vieil image installer esprit.;3;72;Projet;BROUILLON
c4602a1c-da30-4ab4-b09c-2d2a42bce6eb;012980a6-0c8d-4aa9-a992-3044442cfb0c;Joie accepter personnage lisser certainement perso;5;157;Vidéo;ARCHIVE
c46bbabe-72b4-4a42-a42d-b99c675ddb65;5b057f7a-58cb-4a9a-af7e-b826cbc1fdcc;Début court âge courage avoir maison.;7;102;PDF;ARCHIVE
c4715255-ab9f-4778-876f-f7ac26cf7cf5;a057927d-ae65-45a9-8afc-fbeba1a9ef60;Entourer plaine enfin conversation ici.;6;148;TP;PUBLIE
c47bbc0d-16e9-4cb0-a85f-8ac1eebe0678;9209fd2e-a48f-4707-85c7-6afb79242c95;Chose battre manquer moins année.;7;81;PDF;BROUILLON
c4ae2e5a-403c-4cfd-b80d-27782bcbcb82;ab72a548-4059-46a4-a513-bb744b085937;Corps fort puis.;15;38;PDF;BROUILLON
c4bc3f6b-4ef8-4d7f-b5bf-9182cb9590e4;38dff5fd-5540-4a9e-bec9-57454305c76b;Révolution mot ouvert.;19;80;TP;ARCHIVE
c4be19ad-3b26-4e0d-8b15-ace970e31e33;accc4ee2-96dc-439c-a519-42a224f3235c;Etc après deux chemin présence.;13;125;Vidéo;PUBLIE
c4f5135b-e2be-44c9-a276-175dc169ca17;da563ae7-3c4f-459a-9e76-4e700bda46e0;L'Une chasser meilleur encore taire garçon.;4;177;PDF;PUBLIE
c52826e3-44cc-4e27-aff3-a10238ffcb96;8e2d0e25-32b6-45f2-96d8-af495d115257;Musique rire promener exemple.;13;137;PDF;BROUILLON
c52c8311-0ab1-4db0-9aa7-3c3a25ad2cf1;55a99827-2f63-4ea9-bb70-8d103c27f999;Naturellement système défendre silence âgé usage.;12;140;Vidéo;PUBLIE
c5a3104f-4913-430f-87f6-30720a088eb1;2b8081d6-c3d4-4878-af31-52c7408c43f1;Exprimer examiner portier.;9;127;Vidéo;PUBLIE
c5a6bd10-759e-442f-98a7-2fb2c77a724a;389bcfe3-c88b-4ed3-89d6-ab7827855c1e;Remettre contenter autre salut oncle vrai.;7;91;Projet;PUBLIE
c5add020-5438-4776-8b37-5fe5c3e3ba29;28884cfd-7849-4285-9f54-65c64c69870a;Asseoir écarter attention trouver.;1;114;Projet;BROUILLON
c5bbe4fe-7846-44a9-a2b4-c38cb9f1b998;58f56f81-5f9c-4950-8672-d5f893871d09;Tête tirer troubler vieux oeuvre.;18;14;Projet;PUBLIE
c5d81080-fe9c-4004-9451-4ff93fe1f426;864f1259-b36b-4656-8e38-0e4ee711b9b9;Signe ton et lutter parler.;3;28;PDF;PUBLIE
c5f70da5-0628-4c6f-abdc-e4fce513ee99;9e826b0f-fb17-4aa1-b105-cf6eb7fe2b03;Joie rayon vide l'une mieux figure.;12;74;Projet;ARCHIVE
c5f71d04-cbdc-4640-a99b-432463261917;0f68530a-d2af-4db7-855d-0737896ff0c4;Emmener million avancer mariage.;17;170;TP;PUBLIE
c630d2aa-0791-4525-ac8a-cca7b4e42555;9e826b0f-fb17-4aa1-b105-cf6eb7fe2b03;Expérience cercle ouvrage.;7;77;Projet;PUBLIE
c6496d7f-f982-4949-8cd7-81ead37ad1d8;87c97115-139c-4d1b-bfd0-60fd4877b741;Travail émotion encore.;6;81;Projet;ARCHIVE
c678f7f0-33c4-4f59-9d56-caf973dcd549;209dfef8-a7cf-4686-b269-c06cc0db134f;Rien que million.;16;13;TP;ARCHIVE
c67d4920-289e-4342-87d7-53df6744c035;b3ec6006-9422-4f6c-86f0-fce14d4b267d;Déjà ruine casser poursuivre conversation.;3;105;TP;ARCHIVE
c684bac5-3a82-468b-a2a4-8ef063f7a3e2;5175cc42-6117-4dea-b03b-8c95656656d7;Cher rond dix position garder chiffre.;20;108;TP;ARCHIVE
c69989ff-9b85-4887-a337-4c585ecc9b99;10fe3f23-c7e3-4d9a-a8e2-80f51297aa9a;Dessiner quelque matière vert étage.;3;55;Vidéo;ARCHIVE
c6a9fb91-c7d1-4e5e-af94-ce9991a32dd9;ffb99c6e-03be-4dcf-a408-17449a8dbca1;Offrir chef témoin.;13;120;Projet;BROUILLON
c6ad2956-23c1-41ed-86e0-b82a0bb5f8a6;f637026e-aa14-4d49-8c77-6b2dfededea5;Cela rêver soi changement.;14;43;PDF;ARCHIVE
c6b39d51-5f42-4109-9a7b-e0a337a1fb14;ae3db0b0-cfba-40b8-8923-49c8cd2d7572;Métier doucement vieillard payer.;18;62;Projet;ARCHIVE
c6b6b11c-c3ab-4781-974f-0465f617dfa9;02311c97-b56e-49ea-84dd-82a74fc97c4a;François donc cheveu lieu envoyer.;6;146;Vidéo;PUBLIE
c6bc4eaa-b5c6-46e8-8c79-c74b8fa13df6;0b643ce0-fe74-43cb-9f89-fe82097a037e;Révolution police offrir ruine événement arbre.;3;101;Vidéo;BROUILLON
c6e398db-f3b2-4ade-82a4-153aae933214;f267d818-d238-461a-9141-79f7a75ce1da;Tellement contre tombe doute rouler haute.;2;10;TP;PUBLIE
c6e9f212-a8e4-483a-83cd-85ddc7aaee94;4d5f4386-af0a-4b8b-9da3-df71dac50cdd;Aimer vide centre prononcer retomber colère.;1;156;Projet;ARCHIVE
c7016346-4dde-493a-95a1-fae636ce142d;3788aabb-2936-4e26-bd54-b87c0b656dc0;Visite calmer haut terminer.;20;12;TP;PUBLIE
c7916211-2952-4391-b5f3-c315d5552d34;7f75d723-d18d-4599-b3bb-d6bdc41b9914;Important revenir prince.;13;53;TP;PUBLIE
c793a9c4-6bcb-4546-bb99-143ecb72fe43;e4558d99-e2f6-4a61-8085-f14344fc69e8;Éprouver huit herbe.;7;121;Vidéo;ARCHIVE
c7a21da8-e390-4a6e-9631-de0e8566eca1;c63ccba7-bdab-4dc0-81a1-4c4bb2cd5971;Quand arrivée honte oeuvre.;2;72;TP;BROUILLON
c7a468b8-0921-416a-b79e-b700253f6516;39cebbc3-2c29-45a7-8505-ee790494bf7b;Trente grâce toile réserver construire.;17;18;PDF;ARCHIVE
c7cad4ac-14bd-4d7b-add9-5a06bb47f80d;c1f6a168-ca16-404d-bed7-dd3bd729ee05;Environ deviner faux succès remettre.;4;19;PDF;PUBLIE
c7d9c8ce-dd25-428a-b7f1-a3cc08beaee1;7ad12a3d-12cd-4e14-91ee-65ec8a62c190;Âgé secours bord lever ennemi.;17;69;Projet;ARCHIVE
c7e941b0-a153-4db7-bcf8-24437e8d8474;2cdd11c7-2a61-43f1-91bd-190e8a6490f3;Sonner papa horizon mentir champ.;8;159;TP;BROUILLON
c81017e3-ece1-4728-9146-0b9aa65e44e4;60ffbe9f-5e82-42d0-bdff-531780eb9302;Satisfaire remercier place pourquoi.;12;75;PDF;BROUILLON
c8114840-b591-446e-b5a0-95dbb79d33b0;fce51cee-48bc-4c22-883c-d49fb0e4574e;Imposer trois toute.;7;136;PDF;BROUILLON
c84bf92c-f97f-478e-8c5d-33003f9712af;3afaa2d4-9b8b-438c-8ed1-28c1da8d0097;Couleur est source semblable rejeter.;20;8;TP;PUBLIE
c84f67a1-f82e-4c11-bd5f-b31e07e0ab0b;e10c1e20-34c7-4f91-a23c-8d809ea0dbca;Article atteindre peu auteur.;18;77;Vidéo;ARCHIVE
c865b50f-7feb-4689-9900-c5c34cb2d4cf;7ce433dc-0e32-4d05-8ba7-3ebd98a1c97a;Général direction montrer nouveau.;7;40;PDF;PUBLIE
c8a1b1e8-f200-442b-ac16-30ee2e17580a;55e168ca-c599-4592-bb54-06d2cd537e51;Route amour sein.;5;70;PDF;ARCHIVE
c8b56b80-5eee-464f-a50a-55a78cb9e381;42690b89-dc14-4347-9a8d-a8b6fcbfd6de;Lors courage refuser.;7;78;Projet;ARCHIVE
c8dc6cc6-8771-4fc7-b4ea-2d956eb4557e;a176d678-bab7-405c-ae8b-109b0fb415ee;Tant tache sommeil changer horizon entrer.;15;175;Projet;PUBLIE
c8e9e43a-681c-4ca0-9742-d85e11e715dd;902f2858-125c-452c-ac05-3dc8a198a43c;Quinze ou chute essayer début.;15;47;Vidéo;PUBLIE
c8f7beee-c89e-4c11-b643-67ec2fae0648;ce11a6f6-7a90-479d-b2a0-7a997b9c17ac;Voyage ce peau vêtement plus.;13;104;TP;PUBLIE
c8fa13b5-abf8-483c-9eab-46e716785fc9;15294b2b-6229-42d1-8f33-eb96e3e81c86;Vie bas précéder sembler blanc solitude.;16;145;PDF;BROUILLON
c9490158-787a-4380-acb2-b4888c6bc490;a8100fda-0055-4a81-ac3c-4216af4d527c;Partie former réel bas.;1;161;PDF;PUBLIE
c95e8cc3-2851-4fde-b4eb-4258115c02c2;433e2047-97bc-4b9a-8afc-77577ea60d92;Encore lieu juste.;4;132;PDF;PUBLIE
c989d738-2d3e-4771-8543-c1341d932435;fc664988-9989-4e09-9dc4-b351bdd2cf71;Campagne trait on lune jardin.;8;39;Vidéo;BROUILLON
c9d2f729-b8ab-4df7-bc55-fc8d4a8f9396;99547cad-562f-4525-ba0c-22bb93fe85ee;Arracher hésiter quant à.;20;87;PDF;BROUILLON
c9f9a95f-96f9-428d-9c74-d09a070b9de7;180f4bcd-0000-4d45-9e6a-dda43503fade;Vert triste comment animer.;13;39;PDF;PUBLIE
ca1a545c-af6c-4d87-be7a-187eae8ef12b;4582c945-e2fe-4c11-8bf9-556be36ab0a9;Haut glace rideau elle bras vendre.;14;8;Vidéo;PUBLIE
ca2f16ef-fd7e-4604-9542-d6208155bd32;62ecd360-2b97-4b4c-9b6a-1315d52f2f05;Port colon preuve juge.;20;163;Projet;BROUILLON
ca3c605d-7702-46f4-9358-4a47f07683fc;62ecd360-2b97-4b4c-9b6a-1315d52f2f05;Partir permettre poursuivre devoir expliquer.;10;39;PDF;ARCHIVE
ca460e67-c3e2-4c67-a637-a25517614134;b1d860e2-c51b-44f8-ab77-4772c1e4d536;Permettre brûler consentir salut suivre.;11;25;TP;BROUILLON
ca615aeb-4dbf-42e8-8a70-ca24548d8555;dcd06014-3773-418b-bfee-d209ded1081c;Chaîne haut environ métier permettre.;20;23;Vidéo;BROUILLON
ca81fca1-1169-4847-9bfe-6f983e7c566e;a329fb2e-21ae-4f78-9a05-674b04ba8cbd;Particulier annoncer quartier pensée.;1;123;Vidéo;BROUILLON
ca92986c-a0eb-458b-8959-fe7dcbf609e6;4582c945-e2fe-4c11-8bf9-556be36ab0a9;Affirmer retrouver tout bas trésor.;5;105;TP;ARCHIVE
caaa79a7-0d79-4a8f-8f4e-05d39d4ae085;db584745-6c3d-41cb-9583-bcc6de8cdefe;Espoir manquer secours.;9;16;Projet;PUBLIE
cabd5136-0687-49a6-9361-ca41520d2ab0;e227c1c1-b7ec-44e7-b6b8-9096daf7ac92;Déjà chaise transformer détacher mensonge.;14;100;Vidéo;PUBLIE
cad285e5-fd8a-430a-b160-70a7b74499a6;2b8081d6-c3d4-4878-af31-52c7408c43f1;Arracher ramasser point.;4;176;TP;BROUILLON
cae12c96-c0cb-456b-b410-d65648b192bf;97ff781d-c34e-4060-b49e-0612e27b8736;Unique drôle sou peuple.;11;68;Projet;PUBLIE
cae4ca90-1c7c-49da-8c29-69d679c1914b;92911344-a9cd-4c45-981b-19c42e582338;Suivant visible lire point passer sembler.;12;116;TP;BROUILLON
caf87dd9-2594-4218-9439-b3df912722d5;23248296-3e16-48dc-bbef-7c648d9282f5;Secrétaire joindre principe contraire enfance vous;18;16;Vidéo;ARCHIVE
cb2b680a-0242-4581-90e8-10507aa35c11;9f0d4a7e-7fdf-4262-a210-fe5964b1c194;As élément en.;6;18;Vidéo;BROUILLON
cb74f04e-9ed7-4082-8404-fafaa89df159;32805f51-a44d-4ff1-88a7-c94ea5801579;Maladie pied puisque nouveau demander eau.;8;88;Vidéo;PUBLIE
cb7a1dcd-8900-4c6b-820f-27cc67eb094d;8a31fe60-24d2-4584-9e8a-637f802f36be;Nul indiquer devant président phrase joli.;20;63;Projet;PUBLIE
cb8ec203-d8ab-4410-87da-150e4673913c;25c792f0-e404-4379-8fdf-9a6ebea71c33;Deux entier avancer devant classe ramasser.;14;27;Projet;BROUILLON
cbf2da5b-cb40-497b-b07e-165d1a9efaf7;4092b7ab-bee6-47b9-bbca-01ff0678718d;Hasard réel jeune souffrir.;16;51;Projet;ARCHIVE
cbf99d73-1a64-4c22-817f-43e8e60254e0;8e2d0e25-32b6-45f2-96d8-af495d115257;Demande classe dent.;3;9;PDF;PUBLIE
cc171478-780c-4e8a-ac14-93688a0bea81;31a6fadd-ab99-4f8a-9518-d51a7a67bb15;Près aucun oh delà.;16;179;Projet;ARCHIVE
cc226100-d865-47e8-8314-8fba80bc5607;442248a9-422b-4f2c-84f6-a4ec52a64d23;Chaque repousser apercevoir conclure.;7;25;PDF;ARCHIVE
cc2d8ba4-5505-44c9-ad1f-78d8966b89a7;cc8e5010-61d8-4c77-aff3-6e84137b3d82;Fermer assez charge chacun école mauvais.;6;141;Projet;ARCHIVE
cc73db24-0a87-4ef3-b00a-09f5f8402696;20ec688b-3731-4597-b83c-466b35928dcb;Marier trente affirmer.;11;61;TP;BROUILLON
cc8456f6-47bf-498f-a788-0fdc5f639f36;201b93b0-dedc-4834-a093-0bd52e41283e;Défaut pourquoi prochain taire.;8;96;TP;BROUILLON
cc8f847e-7be9-4909-ae23-13439b469909;22e2425d-0fe9-496b-be24-5dbce616e137;Tel croire former.;19;161;Vidéo;ARCHIVE
ccc806a6-c719-4e09-bea5-5a593df16670;4e7ae899-bfb2-49de-a024-4c652d54bd46;Exposer si veille.;3;175;Projet;PUBLIE
ccfb580d-ae40-46b2-94d5-be81a499fdfb;e75bb566-4dc3-4dfb-ba22-724d06948661;Air vent vendre.;5;140;Vidéo;BROUILLON
cd021892-3fa9-4919-9098-64184ebb3fdd;d56834de-1b91-4253-b9a5-5cbb74e142bd;Odeur poète certain.;8;10;PDF;ARCHIVE
cd0ae445-0054-479b-92ab-cf49aa316c67;d65f11f8-07be-409a-9880-da2725deb94a;Anglais qualité joindre race double foule.;6;107;PDF;BROUILLON
cd3493fb-4ea0-4644-887a-50d421d8b09a;accc4ee2-96dc-439c-a519-42a224f3235c;Remettre saint oeil aider.;4;114;Projet;ARCHIVE
cd37ce4d-8524-4e80-b988-2dffe8a7018b;f483efc1-e664-42c7-b882-63a336cf27b1;Prouver seconde joli liberté rompre.;18;137;Projet;PUBLIE
cd3cda89-344d-4cb0-9920-d66c2fad5761;2faf98fa-2473-45d1-9b6a-c8ddb0bcc879;Pareil rose regarder coin.;16;124;Projet;BROUILLON
cd46af3a-64bc-433b-9678-d69d7c2374f9;37d1e398-1120-4204-ac9e-584adcdc6954;Semblable rocher ne tapis elle colère.;20;61;Projet;ARCHIVE
cd48b3ca-e9e4-46cc-8dce-24a6589b4cde;b8a048df-b056-476a-87f3-d4bdbf47ed93;Rassurer espace appartement former manier.;1;143;TP;BROUILLON
cd48b6af-526f-4d6a-a68b-37446bd830f6;101af8bd-720b-4f53-9645-f9a0f93cbc15;Art français sans froid.;16;117;TP;ARCHIVE
cd496cbc-0b31-443a-be81-bf9a4d04831f;72c5c0e6-ac1e-45e6-8817-ebcb01ed6e72;Morceau habiter prononcer voyage faveur.;6;99;Vidéo;PUBLIE
cd542103-39a1-4000-9add-3dd989305c96;9bbcee1f-69cf-4660-b2f2-ac1a99da5d12;Paupière révéler agir demi point.;7;13;Vidéo;BROUILLON
cda5a1d3-6e8e-4e4c-be4c-4d5aa1ef79ba;a64f21b0-5396-4a95-9a6e-dfc0687699e9;Palais dire prétendre.;1;93;TP;PUBLIE
cdc0259f-ab02-44de-b052-d668bda94648;9f2230af-7599-49cd-b795-d43227ba91a6;Traiter promener exécuter rideau arriver entrée.;12;68;Projet;BROUILLON
cdc518f4-d859-43e3-bb76-35f39fa761a1;0cd4b40b-c112-4142-b444-dae3669daaae;Servir certes voyager interrompre certain.;2;57;Projet;BROUILLON
cdcd0260-7cdc-4a95-9a85-9ac835521d5e;928a85bf-0055-4725-8af5-f4591e281a68;Genou dresser cuisine salle dame.;12;111;Projet;BROUILLON
cdf9a4d2-f307-425f-b65a-03b021b4fc76;23913f7b-7bc9-481e-b0bb-84eab296bde5;Doigt terre cesser gens chanter.;15;46;Projet;PUBLIE
ce0d6762-292e-4723-8f88-2d75b9a5d53a;86356034-9310-476e-8b06-0a38dae56565;Exécuter compte vendre.;13;162;PDF;ARCHIVE
ce13353d-e619-44e5-80dd-60c1652f525a;b87e74a0-4dce-4ba8-80f0-260ed2d6311b;Écarter frère également chanter cinq respect.;10;72;Projet;PUBLIE
ce135927-1158-49b9-bb9d-cc47d3c06ae0;be591135-22bc-420c-8ec0-1c630d5a16fe;Escalier autant emmener après.;12;19;Projet;ARCHIVE
ce17389f-51e9-4197-bfa2-a9391787074c;350029a5-41d9-46af-a597-76e6362737a5;Renoncer foi guerre fixe supérieur refuser.;14;20;TP;ARCHIVE
ce5e1faa-6637-43ef-b4e3-29fe2519aabc;86356034-9310-476e-8b06-0a38dae56565;Expérience source eh gris trace pendre.;19;89;Projet;ARCHIVE
ce67a828-a1bc-49bb-9879-1e8b4029ac26;8fec452e-eb40-43d9-a150-0283d3e7932e;Causer ah naturellement.;13;145;Vidéo;PUBLIE
ce9d03e5-23c4-4e8a-8aa5-3a8a32d360cb;2ca40a2d-0d3b-4c50-8760-e89b5066a8ca;Vérité douceur nature remonter pour nu.;8;74;Vidéo;PUBLIE
ceb8a1c0-8439-46b6-86a5-539914217538;a3998221-22bc-447e-be49-3cf7a1beb554;Découvrir arrivée auquel année confondre dessiner.;18;170;TP;ARCHIVE
cef2b973-c9b5-4c09-a559-c5f4b12331b7;87c97115-139c-4d1b-bfd0-60fd4877b741;Moment religion pièce.;3;103;TP;ARCHIVE
cf502008-3ecc-4ba1-8904-2827cb2b9915;065a2ed1-5d83-4fd3-8f76-ee38037dadd7;Semblable emporter corde lutter silence demain.;15;148;TP;PUBLIE
cf6a02d5-3ba1-47e6-b556-f9a8fd34b966;290453c4-d8b2-4f5e-9d7b-b33cc547efe5;Visible simplement je nécessaire troubler.;1;5;PDF;BROUILLON
cf6eaf8c-1abc-4e59-8bce-581555c4043a;94274209-918e-4525-a838-fc24077e1314;Lieu trente taire masse.;3;10;Projet;BROUILLON
cf7ca584-d3b5-42fa-9643-2522469c790f;bdb8b0af-12f4-4f23-bed4-c8f08861fb56;Asseoir celui présenter écouter combat paysage.;5;129;PDF;BROUILLON
cf7cde50-b338-4ada-a46a-1611e0205fba;1efb00e9-3d9f-49b9-9102-67eab3377383;Hôtel partir emporter dès.;19;157;TP;PUBLIE
cf7f70c6-be0f-4a34-a417-ce2bfadc4055;1a98e2e0-103f-40c8-a7e7-c1cf3fe4ec35;Parent satisfaire volonté.;11;177;PDF;PUBLIE
cf84e712-e27d-4d76-9c52-fce70ab0a2f6;13e0ae56-34a0-4602-a3f9-f2be159e246f;Circonstance sueur larme ancien retirer.;7;159;PDF;PUBLIE
cfa1683c-7580-44ea-b4ee-da1cab2d7c66;fdbe7869-928d-4b69-860a-5910595696e4;Rouge pluie quant à cruel eh inviter.;2;8;PDF;BROUILLON
cfa1ee6f-b871-4f43-9b4f-ee6cde0e431e;ea575e43-f071-4075-b32e-0850ac47cefa;Entre vraiment gens lisser.;8;148;Projet;ARCHIVE
cfb1025f-c156-4a66-8b86-90ba89192d01;3788aabb-2936-4e26-bd54-b87c0b656dc0;Public mesure principe.;5;85;Projet;PUBLIE
cfc7916a-1375-4f32-aed4-8a2804f231ac;28884cfd-7849-4285-9f54-65c64c69870a;Ici lumière accord coin quant à.;8;99;PDF;BROUILLON
cfc9846c-1cb6-41fb-9765-0139ea34ea2e;0ce531fd-d135-43e8-b938-0b94bbd7b70f;Mot arriver flot président rejeter.;16;105;Vidéo;BROUILLON
cff221a6-27ae-45d5-968b-d526da1d7808;cc8e5010-61d8-4c77-aff3-6e84137b3d82;Joindre intelligence reconnaître bois fuir que.;8;176;TP;PUBLIE
cffa4473-969c-4191-b48d-19286e2e02ea;deabccfb-e4f2-4299-b12e-f8b0641dc466;Papa magnifique tomber journal plaire.;20;87;PDF;PUBLIE
d007cec4-9a3f-4675-917f-0ee1a875c266;b254f8a4-5e60-44cb-b052-85c774bf4c90;Neuf cerveau jambe en.;7;119;PDF;BROUILLON
d045cb2a-9bf4-4ef4-b3f5-9544d5faec60;28884cfd-7849-4285-9f54-65c64c69870a;Y surtout delà.;12;144;PDF;BROUILLON
d05c98ae-3d59-4142-9896-c4336d92ed3c;d7947987-3e68-4466-be24-6c8b26ac81e5;Continuer dangereux malheur espace.;9;10;Projet;ARCHIVE
d066645a-18aa-4bed-9d65-da927082f9d3;98eeaa67-f0de-449a-821c-21208b907259;Honneur derrière sol marché soldat.;17;35;Vidéo;PUBLIE
d1186d25-507b-4b49-870f-6a02d93c5ed2;9eb2d9e3-c128-4b1f-8665-eef88a73a4d6;Exiger monter commun.;20;101;Vidéo;BROUILLON
d1399fcc-c1e5-4b6c-98b8-c8ab359d46f0;a381c8d7-2440-433f-b4a0-8144e5df10ed;Abandonner tache dent madame été.;4;20;PDF;ARCHIVE
d159d2b8-58f2-4914-a4db-9e3ca3690645;a8100fda-0055-4a81-ac3c-4216af4d527c;Placer année gauche paquet repas choix.;3;28;PDF;BROUILLON
d24c84ae-340e-4f44-991e-76afd1874cad;d27bebf9-a89f-4a82-9b83-56a0a05809cf;Offrir consulter profiter commun plaindre.;9;111;TP;BROUILLON
d2b0703a-5609-406d-95c4-688e93df0c75;7c871e6e-a391-44be-a9ab-1f6800d93337;Grandir inconnu impossible importer paupière comme;9;11;PDF;PUBLIE
d2d6938f-e147-40f5-bdb9-41608612f54a;20f64853-3634-40a1-976a-47a455ccf9a7;Problème fonder simple étranger gros vert.;11;167;Projet;BROUILLON
d2ea13b4-1119-4170-a5f9-c59f0fcfd643;ecef2de6-8b6e-48ec-82a2-4533c1d8fa6d;Mais tête fois rire.;15;69;Vidéo;BROUILLON
d2f00fca-8624-4c44-a5e1-d442a30f6018;4c307f61-5b36-4897-8627-6316ee6f82f8;Pourquoi tout vert trésor.;3;16;Projet;ARCHIVE
d2fa0675-96ba-41ba-8530-9af062c5fced;f4fc4a47-9664-49e8-a2a8-b775e22f7ecd;Alors moins vague impression.;10;59;Projet;PUBLIE
d31b46ee-84a7-4100-965e-2620bada94d7;55e168ca-c599-4592-bb54-06d2cd537e51;Veille poste violent nature fou second.;19;72;TP;ARCHIVE
d37f0de5-1793-4bf2-bd38-58f85b2785b0;ed445236-0fde-4690-b7bd-cdd5ae641722;Type demande dernier.;16;86;Projet;PUBLIE
d382dd35-f193-4be0-8ace-9c7dfd6ae1e3;25676fcb-9e5b-4127-af6d-98acc901e582;Forêt travailler inviter joie chaîne froid.;18;53;Vidéo;ARCHIVE
d39171bf-28c1-4879-8de3-3ed7d8278583;ecef2de6-8b6e-48ec-82a2-4533c1d8fa6d;Réserver quartier secrétaire doux désert monter.;5;54;PDF;PUBLIE
d3b07746-a193-4dbb-8502-0c7a9c999c06;65b18d3c-21cd-437a-b6b1-408618714973;Espèce rouler ennemi.;4;177;Projet;ARCHIVE
d3fdee4c-023b-4c28-94d3-aeba0baf3107;5e8614c8-4774-48cf-8b7c-61de015704dc;Nouveau recevoir chacun naissance saisir.;19;24;Vidéo;ARCHIVE
d43e5715-07fa-4230-80fe-c5e46811bc17;61e52d72-a706-4621-9644-61dec9715d0a;Posséder près saisir suivre.;11;120;Vidéo;PUBLIE
d4609e7d-226a-4fe1-9f69-4bb866917d53;39cebbc3-2c29-45a7-8505-ee790494bf7b;Droite grain voler.;18;99;Vidéo;BROUILLON
d473f415-0e96-4f46-b911-9b323354e5e6;5083e3f6-0de6-4ff6-a2b7-650b0abc1f39;Si groupe rire simple divers.;18;28;Vidéo;PUBLIE
d474ff62-0268-4f4a-a493-e22f9e0c6fa4;f4209fb9-c351-4849-9372-adc75ec09906;Acte contre poser.;5;96;Projet;PUBLIE
d4980dc4-458a-4265-a44f-bdfab98e2b39;2d15cb34-e7c9-48df-905d-1f76c12b1a02;Vers justice parce que protéger.;15;75;Vidéo;BROUILLON
d4cb13d9-ef07-4b2b-b040-ed967aebe6c2;9bbcee1f-69cf-4660-b2f2-ac1a99da5d12;Gros appartenir loi.;5;116;PDF;PUBLIE
d4dafcb2-ace2-461b-a3c7-6e9da394adec;d32cc6c8-80a5-4dc3-83ac-75d4543f1095;Remonter sien autour pont.;6;49;Vidéo;ARCHIVE
d4f434e2-e226-4f66-9199-1654b4d680d2;39d46ce9-d1dc-4b7a-9d01-7dfae1888c77;Cependant que plaine mieux cabinet succès.;10;72;Vidéo;BROUILLON
d5382abf-1e7a-4d5a-a029-985f7d8e322e;dc3c5e6e-307e-453f-a3ba-30ab585ac217;Appeler durant content détacher juge demi.;10;172;Projet;PUBLIE
d5473a17-cc21-4832-bb88-ad4f993d386e;55fb6fd4-d323-40f4-8fbc-5cbef2740f47;Bas paupière demain auteur haut.;15;85;Projet;PUBLIE
d5a0db9e-a939-49b9-8d22-6cee0202e74b;7f75d723-d18d-4599-b3bb-d6bdc41b9914;Bord nord appeler gouvernement.;1;86;PDF;BROUILLON
d5c666fc-361a-476e-a809-4436ddc2af51;ed445236-0fde-4690-b7bd-cdd5ae641722;Milieu corps vide secrétaire.;15;45;TP;ARCHIVE
d5f41c9d-4fc5-48f8-a495-686420dfacdf;42d1389a-6410-42e5-bec4-390e2b789784;Savoir naturel public.;9;117;PDF;PUBLIE
d60931e6-9a39-4485-85e2-164147a1ac0f;a381c8d7-2440-433f-b4a0-8144e5df10ed;Douter entretenir principe gouvernement dire.;18;112;Projet;BROUILLON
d629b42c-efe2-4369-bee9-f7805ac7c747;d32cc6c8-80a5-4dc3-83ac-75d4543f1095;Étrange champ magnifique atteindre suivre respecte;15;66;Projet;BROUILLON
d6791ba1-210d-4cb1-a79d-c3b54e939fda;47f49012-ed62-4358-a1df-389ab539f0a0;Lui retourner indiquer étroit.;2;46;Projet;ARCHIVE
d686fe3e-5670-4424-b3d6-c37e006d6f4e;a77a76f4-8837-4277-8d9f-e13078f5ec51;Visite puis gauche dent vêtement.;15;22;Vidéo;BROUILLON
d6a2b98e-75b3-4512-ad1c-3e755bd1ac4c;d1a71860-a62a-48dd-9e6f-47e69b0b861d;Gris armer respirer.;7;45;Projet;BROUILLON
d6af9187-a55f-4625-b630-ad75bf568088;f56d9092-5b9c-4305-a37b-0a6f8c8a91f0;Nommer oiseau auquel.;6;153;TP;PUBLIE
d6b22c2a-fe96-4938-959a-969ee727dee4;6e5f0d64-a7fb-413d-932a-8c8d7cffe765;Quinze faire souffrance savoir rien.;1;137;TP;PUBLIE
d6c89217-45c5-4ddd-bd21-94836e083678;0311fc51-8dfb-48a2-ac8b-20be7636416d;Oeuvre guère acte soleil défaut jeu.;19;138;PDF;BROUILLON
d6d21fc7-99f4-490c-b4a9-97a87083cd96;b10a5096-fa6b-4f33-94a1-e52901cf26cc;Réussir produire barbe.;16;155;Projet;ARCHIVE
d6f7cb2e-833d-4add-9fe6-ccebd22a5dcd;b1b530b2-c0de-4da2-b6fc-e8b02e0d33cb;Qui lutte quoi.;19;47;PDF;PUBLIE
d7148a77-166b-45ca-bdac-9a5b195f5e83;7951b14f-685f-4fd4-b26b-7c759bc40cf0;Nul marcher soumettre voisin autant angoisse.;10;129;Projet;ARCHIVE
d774ded2-5b92-4250-8af8-57b2d1585b8b;e10c1e20-34c7-4f91-a23c-8d809ea0dbca;Pauvre attendre ignorer neuf tout.;18;67;Projet;BROUILLON
d7784ff2-3aec-426a-aae7-ea1311fef85c;806b9e49-6019-4709-ab0e-ba68558e42fd;Possible inconnu ombre veiller coeur.;8;132;TP;ARCHIVE
d7895795-73b0-448c-807f-c88dcf9cf06e;7f75d723-d18d-4599-b3bb-d6bdc41b9914;Aujourd'Hui peau retourner habitude courir oiseau.;15;155;TP;BROUILLON
d789e5d3-d215-491a-a12d-4e15bfe820f1;50b8a81b-3e3f-4ce4-863e-0c2c92888348;Durer secours médecin plaindre sonner.;1;142;Projet;BROUILLON
d7eee93b-ea1e-4e11-8b1c-77c1850390cf;655a4b49-dc32-4b1d-a2fb-9d1664c89833;Pencher obtenir rapport.;5;160;Vidéo;ARCHIVE
d8131827-e72c-4234-80a6-889a0484a0e9;5e8614c8-4774-48cf-8b7c-61de015704dc;Dieu rouge en.;1;21;Vidéo;BROUILLON
d81d2c84-87d3-4d9b-8ad1-6400a8ddc13d;97ccd5bf-1ad8-4bca-b731-21685e342940;Penser route homme.;1;122;Projet;PUBLIE
d81ff9f2-1018-4f70-8ef2-9e75a84fcd0c;f637026e-aa14-4d49-8c77-6b2dfededea5;Nuit révolution fermer chemin tantôt rang.;7;90;PDF;PUBLIE
d8373543-3a65-4204-95e4-c23952094ec7;ce840e50-09e1-4a95-b5d5-445fd93789db;Répondre surveiller saint considérer du.;3;135;TP;ARCHIVE
d83e35ae-eab3-4fac-8b44-097c71717a36;42d1389a-6410-42e5-bec4-390e2b789784;Craindre dix bas tromper ouvert.;11;142;Vidéo;ARCHIVE
d85b33fc-e04a-46dd-90d9-5c0709e00ca0;080bee8b-413a-4187-8a56-d5da07645068;Secours ton ton.;15;180;TP;PUBLIE
d869b7f2-1e82-49d4-9c2a-c975d8139c28;5e6a5221-5651-4095-af27-f1227791307b;Colon franc déclarer supposer.;6;80;PDF;BROUILLON
d88b6bba-d978-4424-afca-848686089c37;8a31f692-0de0-4a62-aa4b-923480847e76;Besoin son pensée.;19;32;TP;BROUILLON
d8c84680-b0c4-4630-949e-5810b47f7489;dcd0903f-606c-423b-bcb1-ffdaca5e38a4;Traiter réussir passé.;16;146;Projet;ARCHIVE
d921fff3-43ee-4394-a76b-64914470197c;01d41e51-6ab0-4e31-a850-9b07b9cf8c2a;Français crainte imaginer ton temps moyen.;10;56;TP;BROUILLON
d92d53a4-841a-4654-afec-ef728c3cb2e3;4582c945-e2fe-4c11-8bf9-556be36ab0a9;Colline chemise vague secours interroger minute.;14;131;TP;ARCHIVE
d952f515-780f-4110-8f53-3c55bd6029d4;5083e3f6-0de6-4ff6-a2b7-650b0abc1f39;Votre remplacer portier fumer.;8;105;PDF;PUBLIE
d957630a-2d05-40e5-9ad2-8bd3e04c5037;e6005a69-fcd0-44af-a057-64ca8310753c;Enfant table port.;11;176;PDF;PUBLIE
d9910e24-a75b-4fc4-8049-8e75f2757361;065a2ed1-5d83-4fd3-8f76-ee38037dadd7;Cour acte rose mort cri note.;20;172;TP;PUBLIE
d9c7e094-3544-41c5-b67e-210a44387a97;fff3cfa1-5d72-4ef9-870b-97214f64f89b;Plusieurs regarder machine garde.;9;42;TP;BROUILLON
d9e71a57-c72c-4653-804f-051a5646e7aa;b254f8a4-5e60-44cb-b052-85c774bf4c90;Personne drôle glace vague chambre.;10;83;PDF;PUBLIE
d9f0a296-d124-42b9-8490-661896c1c2e1;1df2375c-33f1-417e-bd0e-be54c4e86392;Subir table an lieu.;9;20;Projet;ARCHIVE
da80df70-349e-4ad1-bf9c-29560b88d1cb;38dff5fd-5540-4a9e-bec9-57454305c76b;Remplir pousser rang éviter air.;8;133;Projet;ARCHIVE
da926c11-4cbe-49f7-b19b-2f3105ff256a;3be53ffa-cfca-4e21-adc6-17f020a8e5a7;Chat ensuite rayon enfant.;2;123;PDF;PUBLIE
daa0188e-c095-4bff-b2c4-6ce4f973964d;10fe3f23-c7e3-4d9a-a8e2-80f51297aa9a;Encore réfléchir lune.;11;87;TP;BROUILLON
daf272bf-5eca-4a8d-8310-a63358c2e782;bf0b5fe4-d1c1-4652-8444-466634155b51;Bon payer parcourir source.;5;154;PDF;ARCHIVE
db242367-da66-45db-bc63-e6088c8f5eea;72724037-3a80-4b5a-bf52-1cc2561678e9;Élément circonstance sang même accorder engager.;18;113;Projet;ARCHIVE
db423e01-2473-40ae-88d2-555276c22c79;d266b0ac-085d-4fa0-8073-cd06119b957f;Temps endormir temps rôle tout parole.;10;38;Projet;PUBLIE
db51528a-e8a1-4e02-817f-ee9ea83524cb;0c34a864-8ad1-48fb-9df7-3df2fceb8411;Comprendre oeuvre raison.;11;108;Projet;PUBLIE
db63f4ca-2c55-43cb-a20c-be462fe7fe41;7951b14f-685f-4fd4-b26b-7c759bc40cf0;Maison perdre révolution saint.;6;131;Projet;BROUILLON
db968aed-bc1d-4b33-a0d4-126b2446bcc2;8fe725e4-a845-4a05-96ca-50a9c55b6629;Cheveu beaucoup rentrer voici fonder famille.;3;126;TP;BROUILLON
dbb8766a-5944-40c0-981b-d6925e7a3ae0;209dfef8-a7cf-4686-b269-c06cc0db134f;Moins déchirer tour.;9;40;TP;BROUILLON
dbda68cd-5eb3-46a8-9292-a9740307fe95;deabccfb-e4f2-4299-b12e-f8b0641dc466;Transformer froid remonter branche.;8;63;Vidéo;BROUILLON
dbdd34b4-14ab-4c9a-b965-314bd74da764;b254f8a4-5e60-44cb-b052-85c774bf4c90;Public nous couvrir chercher couche.;10;110;PDF;ARCHIVE
dbe711bc-ed72-4b9c-be6b-9bdee4e6dfbf;8663ebe4-575f-4c2f-9e33-42bc20efe8c8;Quitter rang idée.;19;137;Projet;PUBLIE
dbe9e551-cd94-4a5d-b271-1c9e3f0f2941;accc4ee2-96dc-439c-a519-42a224f3235c;Absolu porte même cause visage voiture.;20;169;Vidéo;PUBLIE
dc5ad8d6-8b51-4ad0-8402-22c14a789f94;b215c026-953a-46dd-aa40-efa1e1099b93;Vide côte sauver sauver madame je.;11;74;Projet;PUBLIE
dd7b7a4d-ccad-4cee-bcf8-d9f0c1d49e4d;c09e8d7b-ae55-4020-99d7-bc370ddff155;État disparaître enfermer.;6;59;Projet;BROUILLON
ddb80b08-2a6e-452e-a9dd-1401648c01c8;a561759e-3513-4450-917a-26d20b30ba32;Marché faim dehors.;1;92;Projet;BROUILLON
ddb9ee95-35cf-4795-bfc0-a257dd6e98b6;98eeaa67-f0de-449a-821c-21208b907259;Bas guerre venir.;7;77;TP;PUBLIE
ddde5c2a-0e2c-4616-9603-0cb26ea17503;23248296-3e16-48dc-bbef-7c648d9282f5;Escalier considérer son glace.;10;149;Vidéo;ARCHIVE
de279714-3ab3-4137-b36e-0e1e165b20b1;57574a99-2973-4176-ad12-289f71f157f2;Soi branche froid prochain.;10;46;PDF;ARCHIVE
de313ce6-cf5e-481e-8f40-ca1f09641dce;fe17d3f2-c305-4137-9061-16c2258175ef;Chiffre chasser usage droit.;6;9;TP;ARCHIVE
de31742f-93dc-4c15-bf7f-39d2683931b7;9bbcee1f-69cf-4660-b2f2-ac1a99da5d12;Éclat naturellement en préparer amuser.;15;5;TP;BROUILLON
de5587af-cfeb-4e64-b47d-d1270e01aa3f;8626cf8c-ecab-4de3-bd38-3a146a09df89;Justice forme large bruit le.;17;15;Projet;BROUILLON
de6a600f-9c69-4881-8bea-072630e21933;266b6a9a-a5bd-44a0-b2ea-046b9cfdcbf8;Répondre même moitié vision mer direction.;20;160;TP;PUBLIE
dea2f982-f3e5-4f4a-aae1-1557d8381973;663242ba-a775-4068-a26e-7047faecfe69;Cerveau tracer saint.;2;25;Vidéo;BROUILLON
ded4fe0e-df14-45b2-a4bc-01daa1eb74c9;40280df1-52b1-4eab-bf15-d3fe59cf1832;Large papa avis simplement.;2;129;Vidéo;ARCHIVE
dee83eef-2ec0-4f51-98ca-f59ae7588fd2;d835e1ef-42df-416d-9120-9b7509de6b4c;Air plaire couche.;1;28;Projet;PUBLIE
deeb3e27-a3d0-42b9-b688-9fec593ddf8b;a329fb2e-21ae-4f78-9a05-674b04ba8cbd;Approcher miser ce comme.;16;172;Vidéo;ARCHIVE
df13b7f1-19b6-475e-9e77-29c146f18c2f;31a6fadd-ab99-4f8a-9518-d51a7a67bb15;Nouveau idée cela rouler nez poitrine.;16;81;PDF;ARCHIVE
df1603c9-0c6d-463d-bbdd-822354d899cb;0311fc51-8dfb-48a2-ac8b-20be7636416d;Avec croiser serrer.;14;47;Vidéo;ARCHIVE
df6b0605-552c-4391-89e3-0cc202d9bd9a;320f54c5-3e64-436e-8593-a20051cbae7b;Printemps durer départ étroit veiller créer.;10;138;Vidéo;ARCHIVE
dfbb7843-8f8b-42a7-a498-1fb99cf68bfc;101af8bd-720b-4f53-9645-f9a0f93cbc15;Chaleur écarter en choix créer son.;13;159;TP;BROUILLON
dfc01dc3-6c04-4114-bc8f-b9c065de1c86;a8d27fdf-3967-4ba6-aa1b-d4d18b9225e9;Joie bras longtemps révolution ceci.;8;114;PDF;ARCHIVE
dfdfe33e-810a-401e-8a5c-e17d95fb89a3;ceda6435-4f76-4d1f-9d62-19a80a5178ba;Devoir aller sien droit envelopper rejoindre.;8;75;TP;PUBLIE
dfedfb9d-b033-48c5-9b78-d905d333eda8;20f64853-3634-40a1-976a-47a455ccf9a7;Silencieux empêcher créer.;12;50;TP;ARCHIVE
e01405d1-d728-4bb4-8d2e-3f05039a0b00;6c19a257-e368-4e5a-a09d-8b26d3ea667b;Pas falloir chambre joie.;11;85;PDF;ARCHIVE
e02b261a-2e17-49f0-aff3-c33d377e7a60;a7015b80-cf65-4764-b28a-3bb1e53ee7e5;Surveiller paix voisin présent pas encore.;15;37;Vidéo;PUBLIE
e048d7da-2eb7-4732-af40-29bf0d9eb029;d1b3644d-d3a4-438a-bbd8-96ba8ccbebee;Commun lieu haine afin de.;10;37;Projet;BROUILLON
e0a58506-4590-4dd8-b7fc-0be327422e23;0f68530a-d2af-4db7-855d-0737896ff0c4;Permettre cheveu devant terme.;11;68;PDF;BROUILLON
e103862a-8a03-4622-90a1-5ef6351cc3df;7abd13f3-f3d8-4310-9ff7-2f50908be029;Désert français contenir.;6;85;Vidéo;PUBLIE
e16e84e0-90a5-4114-913d-bc2cddc8e112;2ca40a2d-0d3b-4c50-8760-e89b5066a8ca;Du côte auteur certes bois table.;9;113;Projet;PUBLIE
e1871dcc-512e-463d-813d-cc0b2dee40b9;fd19739e-337d-4ad8-aaa1-612dc3b0ab3c;Saint rejoindre moins justice.;2;168;TP;BROUILLON
e1b5563f-760b-42b4-aff8-9711e2de75be;2d72e7b4-e15b-4067-bfb9-5742d9fb369e;Quoi condamner exister.;3;66;TP;ARCHIVE
e1bd078d-6c0e-4446-bd43-91038ed51a57;458f884e-99a9-4f1c-97c7-35b7bce708b7;Après conversation en vêtement accent.;18;78;PDF;ARCHIVE
e1e42453-1d78-43af-ba01-ac661154a600;ce4a3931-79ff-45e5-93a4-104606914b76;Combat inquiéter eh.;14;107;Vidéo;BROUILLON
e1eb1eb7-a24c-44cd-8999-bc951a0e45d7;b2d75a90-628e-4844-84a6-9ce4b56a18d5;Mille cause allumer départ tôt.;15;152;TP;ARCHIVE
e1f8a1e0-8f48-4269-abc8-cd6237c7c5bb;0cd07ccf-3475-489a-b0b3-a67a77a48eee;Beau genou eaux.;15;30;Projet;PUBLIE
e202cc82-e43d-4a2f-889d-263f4930bb8c;f267d818-d238-461a-9141-79f7a75ce1da;Ceci docteur entre art.;11;133;Projet;ARCHIVE
e270a9d4-a81f-44d8-bb77-1c72f359a8e6;511b2383-2027-435b-906e-2fd7f9c52f75;Oeil tache accuser haut jamais.;10;165;TP;PUBLIE
e294dd84-c9dd-4b6f-ba3e-1e66cee860e3;ca5ed06d-b126-4ce9-8a0b-0a12a960ee60;Alors sec presque.;3;32;PDF;ARCHIVE
e2b44096-186e-4408-a335-8b8be076c1a8;438bfb3f-41ff-4be4-9f7d-fc6e7949e705;Savoir terminer chiffre tout honte paupière.;15;20;PDF;ARCHIVE
e2de8c38-070c-485e-b4dd-145ca28645f9;dc3c5e6e-307e-453f-a3ba-30ab585ac217;Soulever pendre empire éclater.;6;178;Projet;BROUILLON
e3053f3c-1e06-4ac8-9700-73163399fd24;a977d5a8-191c-4f7a-ad5a-3177272ef9a8;Milieu groupe en.;2;135;TP;ARCHIVE
e31ba867-4467-4092-8b68-0ccf4e312350;72724037-3a80-4b5a-bf52-1cc2561678e9;Façon paysan importer fils nom.;12;173;PDF;PUBLIE
e33bba35-8860-4444-95eb-4902ef966754;96efcc08-d821-4de3-ae3d-39e859fc909c;Permettre tenir près meilleur poids porte.;4;166;Projet;ARCHIVE
e3476730-7198-44df-a3dc-c0e7bce7d6e9;e96917f4-dd18-4c4b-9111-f909713a08bd;An oui conclure idée.;19;45;Vidéo;ARCHIVE
e375d324-cab6-42e0-bd97-3376c4595fd2;f56c128e-217d-4c33-aa17-35049a8e3a44;Elle vers veille désert plein subir.;18;103;Projet;ARCHIVE
e39a0340-d17c-4f17-aa12-87062459d499;797aceb4-4e41-4b99-bcdb-104b5f8e6751;Fermer portier quarante allumer combien égal.;20;71;PDF;ARCHIVE
e3dc9569-0192-4f16-ad42-0083153b1a40;955debdd-641f-4503-b730-28f1d5038916;Fatiguer siècle important leur arracher.;1;97;Projet;BROUILLON
e3dd68c4-0a04-41ac-9a75-343ee7cac315;e6005a69-fcd0-44af-a057-64ca8310753c;Froid situation fusil.;1;79;Vidéo;BROUILLON
e3f231bc-be05-4aa1-a094-805ae0068baf;e8634c7f-f7c4-4af6-b16c-5f120bcd03d8;Cercle voix été geste.;3;34;TP;PUBLIE
e3f5e05d-2541-488f-bb86-27ff107afe23;37d1e398-1120-4204-ac9e-584adcdc6954;Révolution couvrir chose chaleur mort faute.;16;144;TP;PUBLIE
e46056cc-1323-4725-8e52-ea9da22e34fb;04886744-31b1-4ec0-acff-3ce2d1bab5a8;Vide revoir général morceau.;1;83;PDF;BROUILLON
e4ab5b7c-541e-40b4-b993-e9687366b5f7;92114999-547a-48fc-9dd4-e28ab433f731;Subir divers réserver facile rôle mourir.;20;126;PDF;PUBLIE
e4d3d072-c880-4ad7-9739-452ebb719461;90d8e9fa-24c4-4897-a066-59fe880f90ea;Demain plein emporter.;18;154;Vidéo;BROUILLON
e4e5c53a-78dc-4bb8-9f9a-ee8bf5c7e47f;702c88d0-3ef6-4e89-acc7-a5a45aa73cc1;Haine fixer décider vide patron.;2;88;Projet;ARCHIVE
e4fc1b3a-4850-4390-84a0-59fc057a2487;b41440a8-f069-49d4-a502-b4304358f9f7;Étage personne seulement entretenir quitter.;20;12;Projet;PUBLIE
e52f1ba9-fb40-4a56-8ca7-404c9712ae04;68296f03-8ab2-4e2e-a505-a56e77e37885;Frère parfaitement un plutôt nouveau en.;12;92;TP;PUBLIE
e52f42a4-7c36-4ea9-abd7-efd3fef3959f;338d0ea6-dbe9-47cf-94d1-6adbeef93c63;Genou offrir sembler coin.;8;73;Vidéo;BROUILLON
e5389e58-70f2-45b9-b4bf-ad67a65a53c8;60ffbe9f-5e82-42d0-bdff-531780eb9302;Matin montrer joue le poids demeurer.;1;99;Projet;ARCHIVE
e55599bd-167a-4e8c-ae03-4207fc0f599a;806b9e49-6019-4709-ab0e-ba68558e42fd;Combien terminer homme bon dominer accomplir.;5;102;TP;BROUILLON
e58b50a6-2ad1-4dc2-800f-3a24e1d63c02;17730e20-cab5-480d-a26a-4cd6cbee9d55;Respect agent appuyer.;12;74;TP;ARCHIVE
e58f350a-1c80-445d-9e8e-995694dd3952;11c51732-8920-4f9a-bd17-b1be60b260c4;Du certes recommencer par.;8;43;Projet;ARCHIVE
e5b426e8-bcf1-40de-a667-fce69574115a;da93d200-cb70-4cf7-9bb2-5775d81aa48b;Matière village sien.;15;142;PDF;ARCHIVE
e6088f5c-6e76-4ece-a00f-83a7876ed40f;99547cad-562f-4525-ba0c-22bb93fe85ee;Fier heure nord trente militaire.;6;118;Projet;ARCHIVE
e62e7327-7bdc-4d4f-9956-58191b1690d4;1af00fc0-ec97-45be-b07c-4104d2d3b894;As ceci branche.;7;24;PDF;BROUILLON
e6399f1b-7840-4bd3-b0e0-244a01db1d6b;8722c678-bb28-463c-bf68-d0e2f0473c95;Pourquoi effet visage menacer empêcher.;15;117;PDF;ARCHIVE
e63ec7d7-2796-4def-92de-99ac982bcfe4;37d1e398-1120-4204-ac9e-584adcdc6954;Fruit abri volonté asseoir arrière.;2;76;PDF;ARCHIVE
e64bdd19-5578-4f33-bc14-5e33de3fed08;90d8e9fa-24c4-4897-a066-59fe880f90ea;Présence résoudre déposer goût saluer léger.;20;29;TP;BROUILLON
e64f9add-f42b-45f5-a40f-394d3fb0e008;797aceb4-4e41-4b99-bcdb-104b5f8e6751;Facile connaissance profond.;8;39;Vidéo;PUBLIE
e6941286-0957-49f6-8fb5-12d797c2de89;762b07a2-d369-468b-9779-707318b11b28;Complètement plaine seuil vide.;10;124;TP;BROUILLON
e6bf023a-2967-4fc2-a823-e4367e7c4d9b;a77a76f4-8837-4277-8d9f-e13078f5ec51;Inviter poste pendre compagnie pluie lire.;17;26;PDF;ARCHIVE
e7470ba3-e077-4be6-8137-28e05d6a6d08;442dda73-ba23-4d5a-9cb6-7766c6772736;Tour sous parole choix prix.;11;117;PDF;BROUILLON
e777d650-bb95-4b70-8faf-6a02ce0ee295;864f1259-b36b-4656-8e38-0e4ee711b9b9;Attacher honte déjà avant.;9;31;Projet;BROUILLON
e78f334e-c2a4-4bb7-85a6-b0024e0d4bd2;b1b530b2-c0de-4da2-b6fc-e8b02e0d33cb;Forêt roi noir autre montrer.;16;168;Projet;ARCHIVE
e7af09e9-80df-4f46-88b9-3222a4a25aad;eece212e-f334-4e41-b6e3-965fc326f560;Partout vérité drame hasard fait quitter.;2;36;Vidéo;PUBLIE
e7cc8e1a-7d53-499d-ac96-d0570b70cdfc;61e52d72-a706-4621-9644-61dec9715d0a;Large combat banc quart exprimer.;16;24;Projet;PUBLIE
e7f0fcb1-b810-4aef-97e4-23a7068d1b77;8722c678-bb28-463c-bf68-d0e2f0473c95;Source parfois passage nez tenter pays.;20;159;PDF;BROUILLON
e80bf5e6-d068-4a7d-91f5-6280e7b6819d;955debdd-641f-4503-b730-28f1d5038916;Songer cesser obtenir.;10;156;PDF;PUBLIE
e84ee02c-32e2-4d6a-bd0f-6489dea3402d;bf0b5fe4-d1c1-4652-8444-466634155b51;Poitrine juge pourquoi ici traiter promener.;7;69;Vidéo;BROUILLON
e855299c-d85e-4fff-ad21-a8fa76a05ec7;d4055d63-fc69-45d2-975b-c845584d5149;Passé rendre entrée malgré.;11;122;Projet;ARCHIVE
e86c8d72-73d7-4492-ab97-d27248abef4b;8a31f692-0de0-4a62-aa4b-923480847e76;Avenir détruire position.;14;47;Vidéo;PUBLIE
e8b18866-4173-4b56-a61e-82955e595813;3a257419-c8bb-4aaf-b6f8-8260281521a2;Marché livrer tel.;7;158;Projet;BROUILLON
e8bec85a-a91e-415a-b77b-4eea7144eaca;065a2ed1-5d83-4fd3-8f76-ee38037dadd7;Ce voici attacher anglais partie seconde.;10;151;PDF;BROUILLON
e8dba9ce-0755-45dd-81e1-ea9e542f0285;f79b0b62-1bff-4324-af55-6f530112ca54;Moment tu fier.;15;106;TP;BROUILLON
e90bb46e-df97-424d-a285-3000f246d2c4;8663ebe4-575f-4c2f-9e33-42bc20efe8c8;Emporter essayer intérieur guerre terme construire;3;79;PDF;ARCHIVE
e912946f-8dfe-4852-9c1a-f08597abb082;6e5f0d64-a7fb-413d-932a-8c8d7cffe765;Famille depuis cesse conduire machine chacun.;3;121;TP;BROUILLON
e9224618-4145-4704-8867-9a62dd46df4f;b254f8a4-5e60-44cb-b052-85c774bf4c90;Marquer grandir cinq beau précis.;11;171;TP;BROUILLON
e935e90b-c808-411e-9e6e-a7b122f7c898;3788aabb-2936-4e26-bd54-b87c0b656dc0;Engager suffire bas ouvrir composer moment.;2;53;TP;ARCHIVE
e954c8e5-4893-4a80-9a9a-306352ac72da;955debdd-641f-4503-b730-28f1d5038916;Danger beauté table somme continuer.;17;88;Vidéo;BROUILLON
e955f0de-1916-46ae-9f7d-60ea0cbc3285;8a31fe60-24d2-4584-9e8a-637f802f36be;Créer science or ciel ailleurs.;14;133;TP;BROUILLON
e9748da7-2f2c-4e88-8f84-fe5cff765b3a;c4b8c964-0fb6-440e-80f5-f6468b17db67;Franchir vague mieux en l'une.;6;60;Projet;BROUILLON
e98c0058-1649-4aaf-91b3-4837f08aa977;15294b2b-6229-42d1-8f33-eb96e3e81c86;As choix doucement chat.;1;155;PDF;PUBLIE
e98fd7d2-39f1-4bd7-9359-b3aaf470906f;685e7caa-ffbe-4505-82bd-0985af0c3c6f;Oser patron attitude claire premier.;15;149;TP;PUBLIE
e993efda-34f4-4ba7-ad6b-35bc7e2c24e5;b705f265-d06c-46e5-8211-fcf911a853f8;Présence succès ensemble surtout.;10;97;Projet;BROUILLON
e9972558-f676-4989-bc37-e4dfecd4c05d;ab31bfdf-23e0-4b62-a20f-5951365aabb6;Vivre douleur rocher.;3;79;Projet;ARCHIVE
e9982239-eeae-43b6-939f-0ce296ec8add;32805f51-a44d-4ff1-88a7-c94ea5801579;Police cause proposer quarante au.;10;98;Vidéo;PUBLIE
e9bee3ed-fa9e-4099-adbd-3c09159ba9d2;187436f8-89af-4ae8-ad79-bf14a2ff0182;Là aventure angoisse.;3;136;TP;PUBLIE
e9f494b8-4ec0-49e5-95b0-4860acb6216a;78e98f4e-8bb3-48ac-8f23-b9f061e91975;Preuve atteindre souhaiter.;9;34;Vidéo;BROUILLON
ea01dc97-365e-4296-841b-40021ce8b19d;533435c5-165a-4320-9901-228d85ec90f5;Montagne trouver épaule capable construire.;1;83;Projet;PUBLIE
ea3d4136-21cf-4396-9501-02b149347835;cc779293-b06b-4a30-974b-6e209795a778;Honneur été après commander rappeler attaquer.;13;62;TP;PUBLIE
ea7abb61-6155-414b-a72c-77ba654b744f;0c5d8da9-c03d-43a6-81c4-fc26b0e442ae;Général choix animal.;15;167;Vidéo;PUBLIE
eaaa2716-d96b-4042-9510-7fb06660820c;a03ce9d2-337f-4c9f-969a-af4cf3b6d43e;Étendre chasse annoncer président oreille.;18;129;Projet;ARCHIVE
eadd8ff9-35d5-4d41-99bb-a3bc14dfaaf2;187436f8-89af-4ae8-ad79-bf14a2ff0182;Double rompre minute jeune cuisine.;8;106;TP;BROUILLON
eb10e230-80e8-43bb-9fcd-46cf98ef3656;917b4254-49c4-4d02-90b6-646a786dd537;Soldat boire montagne facile.;13;92;TP;PUBLIE
eb12f243-5734-4eff-bcaa-fb8623ecc77d;a44f2fe9-11d0-4abb-ad40-7fb8da8afb29;Davantage hésiter grand.;10;152;Projet;PUBLIE
eb58c707-679d-4fb7-adb0-31801d72be84;04886744-31b1-4ec0-acff-3ce2d1bab5a8;Désormais porter coeur suite agent sauvage.;3;143;Projet;BROUILLON
eb7fff3f-4238-4d15-bcc7-c6a57022cb64;1a98e2e0-103f-40c8-a7e7-c1cf3fe4ec35;Humain gouvernement haine distance trente.;20;132;Vidéo;ARCHIVE
ebc7e304-5250-4e9c-b4b4-4dd07b8139d3;cd665718-776f-4f17-a971-4e7c58fb23f6;Pouvoir supposer attendre effort suivre ceci.;7;80;Projet;PUBLIE
ebe1a08f-88ad-484d-8bda-fe0bc4ab2350;b03a6379-6e04-41e3-af6a-3fdb79a74b26;Glace souffler chaque.;14;72;TP;BROUILLON
ec33f8a1-4649-4c65-911c-35a025b91766;4dd3241e-7fb6-4118-abc2-cdf082d307bb;Enfermer confier attendre rappeler.;18;30;PDF;BROUILLON
ec4782f0-749e-4b34-837f-c75fe6a19066;e7e16162-157d-4843-bf66-5fda8e09bf53;Révéler devant riche apercevoir souffrir.;10;165;Vidéo;ARCHIVE
ec5005b8-9c2f-4414-a385-fba551672d00;f26290e1-e71c-4fb3-9e3f-a00ffb3bab3b;Nul derrière paysage doucement réel continuer.;20;87;PDF;ARCHIVE
ec53714b-9dc5-4f81-86c9-c843063b2711;3104fbbc-faeb-45bc-ba46-45146416edd0;Asseoir froid épaule réveiller geste.;2;43;PDF;BROUILLON
ec6819dd-74f3-4dcd-8b24-c5ee8bc7ade5;f483efc1-e664-42c7-b882-63a336cf27b1;Étrange métier importance lueur comment.;17;133;Vidéo;PUBLIE
ec7b1246-be28-435b-8cea-3ca4f92bc52b;180b8b08-124f-48ab-a99a-f30ea7dc2f52;Ce plein pauvre.;11;40;PDF;BROUILLON
ec8005f3-f774-4d7d-87cb-0937f1efdf14;7f75d723-d18d-4599-b3bb-d6bdc41b9914;Pauvre éviter ferme.;9;171;Vidéo;BROUILLON
ec87314f-dfe4-4571-8aae-5b43a939e8b4;e6005a69-fcd0-44af-a057-64ca8310753c;Visible boire recherche hésiter conversation.;7;86;Vidéo;BROUILLON
ed1738ce-2938-4b64-bf0b-646ad73bdfd2;d81ad7b1-1a9f-4ce0-a27c-b57e5210a13e;Attaquer position jusque.;6;83;Projet;ARCHIVE
ed292c50-6faf-4853-8a13-af474ad3601f;50479fba-2b69-4bac-8187-de97a2d41322;Son consulter son.;3;43;TP;PUBLIE
ed2c2fae-d407-4254-985a-ca4e003d4ecc;86356034-9310-476e-8b06-0a38dae56565;Banc rêve sauvage entier.;13;96;Vidéo;BROUILLON
ed38e2ab-cc5d-46fa-bd74-cd67b9813f9f;bba87395-3e11-4326-acee-889e7440b1a3;Attendre entre répandre face profondément note.;10;150;Projet;BROUILLON
ed4eb220-4da2-426d-95f1-2a697a241714;90ecd47e-5c22-452e-96fa-4f1a3e53a0da;Barbe note sombre éviter tache.;2;35;TP;PUBLIE
ed80ce1d-0298-477b-962b-584338eea22d;196cdac4-b92f-47af-84a4-7718a029f9a0;Cesser nuit sur entretenir quartier.;9;167;Projet;ARCHIVE
edaadd0e-8254-44b0-a6b4-524013efa39f;98156724-102d-44aa-be40-9d5461709739;Éprouver intention haute après doigt.;20;27;Projet;ARCHIVE
edf14b64-dd0b-4cf7-8680-23119ec7841f;8f2d33aa-d9d2-4c3b-ba0d-cf2c458a29ee;Dernier achever composer fête.;10;132;Vidéo;ARCHIVE
ee01dfb1-6a13-4525-a23c-56051bdf1c7a;08e9f8fb-431e-4075-b7cc-a05be016687f;Mesure tuer pas grand commencement dire.;13;51;PDF;PUBLIE
ee16d3f9-e41c-45b3-a5df-27adf3c9e3ea;78e98f4e-8bb3-48ac-8f23-b9f061e91975;Terrain animer paix clef.;2;156;Projet;PUBLIE
ee34b464-2bce-4bfc-8c3d-78dbabe7df33;8d807085-ef6a-44eb-9d31-41d82a975d73;Bas deux ordre creuser agiter.;19;89;Vidéo;PUBLIE
ee5a6781-4b3a-4700-80b0-06c7adbf07ea;cc8e5010-61d8-4c77-aff3-6e84137b3d82;Épaule semblable voilà disposer changer quinze.;17;66;TP;BROUILLON
ee5a90b0-3f8e-4a2a-b9d6-ddaac72e3107;0513cf24-b611-4a15-ac4b-dc5266e0bbda;Pourquoi jamais soi suivant coeur jambe.;20;145;PDF;PUBLIE
ee7d6184-bea5-4abd-bb56-4d0e5b172838;d7947987-3e68-4466-be24-6c8b26ac81e5;Discours sans violent grand dernier.;19;77;TP;BROUILLON
eea21102-7686-4408-a4a6-e0b9d31fa604;f4209fb9-c351-4849-9372-adc75ec09906;Rien que million.;18;20;Projet;ARCHIVE
eea8c297-5aca-429a-abf1-df290cfbed12;fa66f362-b15d-4d2a-ad52-494e7a89caab;Déjà fait désir.;19;93;PDF;PUBLIE
eee8fb8b-6528-408d-8db0-8e94ce26526a;fc664988-9989-4e09-9dc4-b351bdd2cf71;Désirer payer rêver enfoncer.;11;56;Projet;PUBLIE
eeec9135-a32f-4eb2-be42-1bfaff57eeef;56d5b9fd-c007-4210-be8b-3f7af57127ca;Carte tantôt habiller faux.;7;25;TP;PUBLIE
ef0e0b20-28fc-4123-94ff-44b8715ee396;533435c5-165a-4320-9901-228d85ec90f5;Jeu beau chaleur soin accent.;14;145;PDF;ARCHIVE
ef1389b4-cc4d-4c37-bfdb-d7b6ac178e5e;196cdac4-b92f-47af-84a4-7718a029f9a0;Lui inutile y.;5;87;TP;PUBLIE
ef392bbf-5f90-419b-977c-7fe0a5e59054;55a99827-2f63-4ea9-bb70-8d103c27f999;Espérer volonté un.;7;127;Vidéo;PUBLIE
ef3ea579-2400-40e6-a3c2-f81f68633670;fedf7f5e-e953-4532-b6e3-24c82f6e9634;De sou maintenir.;1;5;PDF;PUBLIE
ef9cb30a-8d25-46ef-8921-48c26f09dc2b;5b057f7a-58cb-4a9a-af7e-b826cbc1fdcc;Sein chaud mot frais prince.;20;65;TP;BROUILLON
f00bab09-c4ec-40d6-837f-e7b7a6f3e597;1b77c343-373f-47d7-9da5-e41400ec6c97;Désigner profond trésor puis.;18;107;Vidéo;PUBLIE
f024f336-08bc-4825-bf72-60ee07946495;4ffbaa6f-27e4-47e4-99d9-1bca668b04c3;Forêt secret nuit moins raison naissance.;19;11;PDF;ARCHIVE
f0328675-6251-4838-8e14-134144dc5552;21bde9ef-0042-4f00-8665-59106fa5be0a;Avant taire colline mensonge peur arracher.;6;123;PDF;PUBLIE
f04805d4-9f3a-4660-9b9d-01a05e57392d;c5dfc2f6-f40f-46e1-9a9b-b406c3357ccf;Vêtement réserver titre.;16;160;Projet;ARCHIVE
f0554504-5b3a-4d8a-9397-81925165337d;6fb9351e-4243-4e4d-a810-90bd4c053bfd;Terreur avoir vif ligne.;12;40;Vidéo;ARCHIVE
f0750aaa-e576-4394-8c8a-051d9a31fa2e;efbd0add-9a68-4814-a89d-fcc3cdee8ef1;Réserver casser proposer marcher.;18;38;TP;ARCHIVE
f09f27ee-35f8-4117-a859-23da7d269cf4;2cb759ca-0a28-4a55-bb96-abc2cbca7c3e;Déclarer principe présent occuper eaux.;1;147;PDF;ARCHIVE
f0a5b9e8-6c67-4898-af9c-e0bdf8db3af9;7c0d8256-e452-4ef6-b1c0-4732e967dae1;Plutôt d'autres juge hier apparence adresser.;20;77;PDF;PUBLIE
f0a93769-cad2-4f9e-9027-27b4a37019f0;43e848f8-2284-4076-a227-16ff6fe9ea5c;Fleur désigner seul indiquer briller ce.;20;136;PDF;ARCHIVE
f0ab2022-8ca4-43ed-b178-1b3e3b2163e8;bdfe72c1-9816-4ac1-9db4-e629a22f73d2;Jusque rencontre partie décrire.;7;131;TP;ARCHIVE
f0cbc800-d9bf-4de7-b163-d8c025e8caac;290453c4-d8b2-4f5e-9d7b-b33cc547efe5;Agiter troisième calme blond quel.;19;99;Projet;PUBLIE
f10bd6fa-6bee-4c27-ba55-05701d58aba6;2c4c24b6-932b-4f62-83f8-29f12e447782;Grâce sang rouler sembler ci.;2;90;PDF;ARCHIVE
f12296d4-5bd8-4152-b3ed-f0f431335ad9;77514051-1ae4-4a8c-9995-7b761414d889;Déjà envoyer patron naissance apparence.;1;155;Projet;ARCHIVE
f14fd977-95d6-4fce-895a-d40931609fb9;0cd07ccf-3475-489a-b0b3-a67a77a48eee;Occuper personne théâtre étendre rare.;14;81;TP;BROUILLON
f196f30b-191c-4948-90c9-67ceed267717;163c74f2-869d-42e6-842a-fd3b9f8e4652;Famille perdre subir sauver.;9;155;PDF;PUBLIE
f1dd13a6-7331-40d0-be2d-94f4c3152949;b584ce58-8eb0-4112-9d1a-a8e289629ff9;Craindre dix bas tromper ouvert.;3;84;Vidéo;PUBLIE
f1f860dd-2183-4850-b57a-20a2c619eefa;5014d7d5-4a96-4de3-98c5-1140c3c10433;Jardin etc frapper après projet.;12;73;PDF;ARCHIVE
f22ea8d2-069b-43d2-9ad1-6660fc571260;2b8081d6-c3d4-4878-af31-52c7408c43f1;Gloire changer soumettre.;13;122;Projet;ARCHIVE
f2720fac-bb97-48b4-9a4f-b37f97cd5380;5175cc42-6117-4dea-b03b-8c95656656d7;Bois angoisse rire porter siècle.;12;124;Vidéo;ARCHIVE
f2a80435-1b34-4152-a32f-2db67c3e91ad;531e31e6-cc8c-41cf-a182-320032c67f48;Là arrivée assister note savoir île.;20;39;Vidéo;BROUILLON
f3280f9f-2293-4e7e-87a1-2d6769c791e0;2d15cb34-e7c9-48df-905d-1f76c12b1a02;Frais sou sueur robe idée puissant.;10;146;PDF;BROUILLON
f352c13c-bf0e-43f3-ae57-68064f13f7d7;bf95968a-b3e3-4168-bda6-3c9192575693;Goût comme ouvrir.;1;92;Vidéo;ARCHIVE
f3b5d263-14ea-46bc-9a1f-f78749273111;bc1dcd1b-2892-4353-80ee-f310f6fd137c;Complètement doucement défaut oh partout garde.;4;17;Vidéo;ARCHIVE
f43ffa1e-43c7-4723-9e30-9f039665e364;6fb9351e-4243-4e4d-a810-90bd4c053bfd;Moindre sembler certes devant.;12;145;PDF;PUBLIE
f47a943a-1636-4637-9616-991e9bbee8bf;3957f3ab-db8f-4dcd-a324-c7e4ac8040af;Effet roman morceau.;13;59;Vidéo;ARCHIVE
f4b3a53c-0582-4ad7-beff-1559dafaa6fc;e839c40f-97ca-4a98-b2cf-2c87e176b5e7;Jusque beau oiseau désespoir impossible.;5;162;Projet;BROUILLON
f4d2c348-2fac-41be-b5cc-a683075cb39f;bf0b5fe4-d1c1-4652-8444-466634155b51;Battre oui poussière voix.;4;100;PDF;ARCHIVE
f4fa1298-267a-400c-8c71-d0301cb9f4d5;55776b6a-be16-4776-949e-5c485bf1e579;Reposer madame position corde temps fin.;13;175;Projet;PUBLIE
f5655805-e9c7-474c-b2b8-ce3352df87cc;f5cc0f2d-5ff0-4ee0-a236-eeb20f0553d3;Veiller content lui corde franchir je.;10;124;PDF;PUBLIE
f5679a02-b99a-4153-b58f-746bf63453de;c16a1468-f0c5-4734-9f39-3e21148c3433;On attitude marche gros intérêt mode.;5;152;PDF;PUBLIE
f57bb74e-ff66-4ca8-8890-cf9117b57f48;b702e8c9-7e4c-4996-ad0d-a818e581a765;Absence absolu derrière second vingt.;17;14;Projet;PUBLIE
f588ab72-1558-4c0b-9744-c159555d9020;96efcc08-d821-4de3-ae3d-39e859fc909c;Bord arrivée d'autres.;4;139;PDF;ARCHIVE
f59c7809-18d3-4d22-93a6-898640242570;96efcc08-d821-4de3-ae3d-39e859fc909c;Lisser bruit sentir.;7;171;Projet;ARCHIVE
f5aec88f-b278-47cb-9344-e9a9ee2d2811;a8100fda-0055-4a81-ac3c-4216af4d527c;Apercevoir attaquer riche.;11;65;Vidéo;ARCHIVE
f5e534cf-4b22-4a17-a4d7-2c272123dbbd;72c5c0e6-ac1e-45e6-8817-ebcb01ed6e72;Personne rue fixe magnifique blanc violence.;19;99;TP;PUBLIE
f5f7ecd3-fc7e-4cf3-af1c-8d355f18f220;90ecd47e-5c22-452e-96fa-4f1a3e53a0da;Appartenir saluer reculer savoir présent rose.;17;158;Projet;ARCHIVE
f605676b-3a21-4209-af40-e6004e79abdd;deabccfb-e4f2-4299-b12e-f8b0641dc466;Ouvrage besoin consentir remonter.;12;107;Projet;BROUILLON
f65e8567-c75c-4673-8756-deb48a2a0b94;732a11ed-82c7-4642-8934-4ade833bdc69;Haut agiter fou confiance.;14;73;PDF;PUBLIE
f678e925-3807-4b8c-b508-64a0ec121a23;511b2383-2027-435b-906e-2fd7f9c52f75;Certainement demain paquet respecter.;7;101;Vidéo;BROUILLON
f6b20483-32a1-4177-9de9-daede108531a;12db617e-1854-4962-b440-e24e7a536e12;Enlever juste morceau extraordinaire cacher rester;15;89;Vidéo;BROUILLON
f6be0f11-6848-43ac-aa92-0b1e79444c1d;1bc687b3-95bc-4d7c-8e5b-49358dafaf2c;Fait remarquer figure amuser sable.;12;20;Vidéo;ARCHIVE
f6c4f496-d876-4445-bc25-9cf348cb332d;d56834de-1b91-4253-b9a5-5cbb74e142bd;Reconnaître rester plante sauver sein.;20;136;PDF;PUBLIE
f76226ad-70a2-496c-94d6-0b07dc366dd4;d3252caf-467c-4ac0-8433-30b3dcb1fc1d;Prouver important figurer contraire.;12;93;Vidéo;PUBLIE
f78fa3e9-5a31-4ab4-8f73-fcfe5ae59899;1af00fc0-ec97-45be-b07c-4104d2d3b894;Entourer préférer doucement fuir as eaux.;19;15;PDF;PUBLIE
f7985fc9-3542-4f58-b476-fa45b82f1c13;8663ebe4-575f-4c2f-9e33-42bc20efe8c8;Vite endormir interrompre épais avoir comme.;16;85;PDF;PUBLIE
f7b17199-3eb3-405f-948f-68ebcecf9b27;c58aab66-a6d5-4362-a8be-be76e285e848;Voici roche paysage puis voyage.;1;55;Vidéo;ARCHIVE
f7be1392-a53a-4bf4-9f04-1f8f5808468e;986e48cc-8108-45da-829b-77b6efdf53a0;Fer devoir étouffer vivant.;13;134;Projet;BROUILLON
f7c19e63-9c97-4fb3-8288-f5ac79ad1822;fde748ad-497c-4c8f-a139-c96c10467ce7;Aider horizon fois protéger petit rejeter.;20;38;Vidéo;ARCHIVE
f7c5ad00-24c7-47bf-a115-901ee6f0c86a;b584ce58-8eb0-4112-9d1a-a8e289629ff9;Ami malheur religion amener lutte.;15;102;TP;PUBLIE
f829e388-c303-4d48-90e7-840da0434293;d6ac01c8-59dc-4e4e-a332-8bc0c5593214;Tenter souhaiter beaux sans oreille.;20;112;PDF;BROUILLON
f85d5820-19a9-4aef-954a-9d1fc0a5daf6;9d722162-3c3c-4f24-b722-a8b88faebc4a;Amener ton chat boire.;14;93;Projet;BROUILLON
f8649a3f-1a6d-4dd0-aee2-027408a74789;ef803700-3c7c-4a83-b495-f41f76b23b8e;Note contenter machine.;1;32;Vidéo;PUBLIE
f876908c-6a4a-40f8-a023-5895856598fa;eece212e-f334-4e41-b6e3-965fc326f560;Sueur consentir épais prière sentir sourd.;13;144;Vidéo;ARCHIVE
f89233a8-e4a8-4b29-8fe2-692136d6ecc6;20ec688b-3731-4597-b83c-466b35928dcb;Social projet retomber.;5;22;Vidéo;ARCHIVE
f89248a3-961a-45b9-b665-8f08aed00fc7;04886744-31b1-4ec0-acff-3ce2d1bab5a8;Briser calmer monsieur lumière franchir.;4;158;TP;PUBLIE
f8b3a86b-cdfa-4c82-88a1-2ed432450244;209dfef8-a7cf-4686-b269-c06cc0db134f;Appartement beaucoup réflexion choisir.;5;31;PDF;BROUILLON
f8c58ff7-3241-40a6-b8d5-2d48d4697641;b41440a8-f069-49d4-a502-b4304358f9f7;Réel entraîner réflexion.;11;163;TP;ARCHIVE
f8ea210a-7458-4930-9c9b-96ca75ec43ca;90ecd47e-5c22-452e-96fa-4f1a3e53a0da;Répondre abri profiter demain nul.;5;150;PDF;BROUILLON
f90aa1d9-73e7-4ddb-ae2a-bbc99f0f798a;ca655c4b-94c0-4077-811b-3ec128ac4d83;Bleu par poste conclure.;3;51;PDF;PUBLIE
f90f286f-a224-4d98-b073-4c2e40e54ad1;fde748ad-497c-4c8f-a139-c96c10467ce7;Pointe sien preuve violent rencontre.;17;149;Vidéo;BROUILLON
f9237c6b-3f1a-4360-80c4-15eb48ebccbd;1006887b-1bbb-4dc3-a09e-b8f5b882b9d1;Mois voici naturellement révéler.;1;116;TP;BROUILLON
f9277511-bf3d-435f-9102-07fb25a655a0;6fd51346-774f-4d38-a7fc-299ce9d487fa;Désormais un surprendre.;20;107;PDF;BROUILLON
f94cf4f2-e56a-488a-9eed-17d69b5d60be;62ad6e0f-17cd-4a69-8e56-dfd22da8f4b2;Entrer en franc glace.;9;127;PDF;ARCHIVE
f9a5fdac-b201-454f-aaac-1f252ecd8b87;012980a6-0c8d-4aa9-a992-3044442cfb0c;Chiffre nom retourner jeune accrocher joue.;11;70;TP;ARCHIVE
f9acede0-02bc-491a-b8ae-f0fd40c56ca2;87c97115-139c-4d1b-bfd0-60fd4877b741;Raison alors divers attention effet.;10;122;Projet;PUBLIE
f9c8bc7c-6466-425f-8a50-64a872d6c23a;f2489a0a-68c3-4c32-bbba-1869ba8817f3;Vague bouche pourquoi.;15;84;PDF;BROUILLON
f9cdb23a-a484-4ef9-9b69-a7f256d4e29b;50479fba-2b69-4bac-8187-de97a2d41322;Accompagner troubler note forêt froid.;12;136;Vidéo;ARCHIVE
f9d6d5f0-3131-4bd6-b5f4-66a4ad5879b2;125b2e5a-aefb-4f3b-b4b3-732b783efbef;Principe vieillard avoir solitude force.;5;149;PDF;ARCHIVE
f9d7d1fb-2fea-4aef-b85a-1db7121617ed;2d82c71a-3f27-40c5-84ad-266c1d5c6e7b;Français anglais paysan taire.;16;118;TP;BROUILLON
f9d97dc3-457b-4f3f-a296-5524a87a2e82;fde748ad-497c-4c8f-a139-c96c10467ce7;Divers sauvage vite chasse.;15;136;PDF;ARCHIVE
f9ebc5fc-1fac-4e80-9c41-9f772c3afc36;762b07a2-d369-468b-9779-707318b11b28;Voisin salut condamner.;1;70;Vidéo;ARCHIVE
fa247409-6e07-48df-b2a7-7c7959de000d;4c03e9b3-c19a-4b7e-ab0d-f4cf7be55865;Vaste quartier menacer reprendre.;6;113;PDF;BROUILLON
fa6bb27c-2478-42af-8973-b0495cd8c8fb;02311c97-b56e-49ea-84dd-82a74fc97c4a;Puissant simplement événement.;4;160;PDF;PUBLIE
fa6fc235-2b83-4ce1-8664-d348b0cec2b4;ce11a6f6-7a90-479d-b2a0-7a997b9c17ac;Façon forme demi courage.;7;155;Vidéo;ARCHIVE
fa74e92d-c086-4080-baf1-907c98ab93a5;d65f11f8-07be-409a-9880-da2725deb94a;Rose supporter épaule général blanc grain.;12;14;Projet;ARCHIVE
fa87c582-d700-4854-a5d9-95215bc101ac;bdfe72c1-9816-4ac1-9db4-e629a22f73d2;Que grand expérience révolution mais.;14;5;Projet;PUBLIE
fa93fe75-1b7d-43f8-afa6-eafa08df6e38;404c4ad0-2fbb-4d8a-bf47-06399acef40d;Ensemble traiter forcer pauvre.;9;61;PDF;BROUILLON
fb19ce48-63f2-459a-8f1b-a161a237baf3;61941af0-1fd3-43f3-9704-dcec179c494e;Officier chance jouer enfermer tour.;17;35;Vidéo;ARCHIVE
fb22c9cf-a28c-4a02-9450-8ee681015d61;ce4a3931-79ff-45e5-93a4-104606914b76;Paquet toit planche suivant.;12;25;TP;BROUILLON
fb45c775-22c0-41b2-bc40-28115d00f9e7;290453c4-d8b2-4f5e-9d7b-b33cc547efe5;Rapide cou agent manquer.;5;123;Vidéo;PUBLIE
fb46677a-e146-4085-9189-5276734c7b14;94cef49c-8dc4-4d2b-a1b6-360a24cb9f35;Choisir vrai manier petit mourir.;13;102;TP;PUBLIE
fb7cc270-a575-4694-a3e0-6bf00f9dee5c;601d8947-bf1a-4f8d-aa58-d9002f432dd9;De tellement étendue.;2;8;TP;ARCHIVE
fb85a484-bdb4-430c-a258-9d9335e1904a;fd19739e-337d-4ad8-aaa1-612dc3b0ab3c;Juste pendant bouche obtenir exprimer certainement;3;165;Projet;BROUILLON
fbb0ee46-a7e1-42f9-a626-cc4de5e9899f;5777b1bb-e53a-4351-9429-9cc6c26b8744;Trois juste et si.;15;129;Vidéo;ARCHIVE
fc00e448-28b6-42e7-9901-56f4c8554055;0db259ad-b62b-4aa3-b725-04a2a0a915b0;Sentier que regard cher yeux.;13;69;TP;ARCHIVE
fc086813-ea04-4d5f-ac3f-1fd3286cc6ef;d4e125f1-9c47-4002-a7e8-bdce1304ac8b;Risquer capable rappeler problème.;5;24;Projet;PUBLIE
fc450871-df74-4a8f-abd1-b9b0b226b8fb;96efcc08-d821-4de3-ae3d-39e859fc909c;Imaginer manger vaste se.;20;74;PDF;ARCHIVE
fc519ffd-1532-404e-87e5-986db65facf6;b254f8a4-5e60-44cb-b052-85c774bf4c90;Ligne croire complet.;2;172;PDF;BROUILLON
fc5447bb-905b-4896-8418-1aff6742725a;e96917f4-dd18-4c4b-9111-f909713a08bd;Pied vraiment rien plaindre dire français.;11;16;Projet;BROUILLON
fc8355d5-cf7b-437c-b093-e35f542489aa;092deff8-3b8f-474b-a4a0-a06b30f61ac4;Passé droite demande travers.;6;8;PDF;BROUILLON
fcca6399-9005-4183-9700-8668afc03ea4;cd665718-776f-4f17-a971-4e7c58fb23f6;Plaine pierre voile décider contraire.;13;68;TP;PUBLIE
fd1595f5-43db-496a-afaa-5a5195f95c1e;ed445236-0fde-4690-b7bd-cdd5ae641722;Perte résultat devant pensée ramasser idée.;15;158;TP;BROUILLON
fd2631fb-f30b-41c0-9165-13e2d1aeaa4e;dc3c5e6e-307e-453f-a3ba-30ab585ac217;Voyage six commun.;3;139;Projet;ARCHIVE
fd26ee83-8be2-40b1-bc38-73e889fb1ed2;72e46422-33a5-464d-9fb4-b04f01cfd011;Consentir étaler nourrir compagnon pitié l'une.;17;105;TP;PUBLIE
fd679df1-cd83-4a51-9534-191a70659af2;7c0d8256-e452-4ef6-b1c0-4732e967dae1;Raconter moyen exiger chez immobile décider.;19;155;Vidéo;BROUILLON
fd743916-c46f-4a66-b80e-79050eb5bf45;4494325a-0c00-4efe-a527-f6fc45a7607b;Vent paix jambe résistance.;18;10;TP;ARCHIVE
fd7f30be-c5d0-43ae-b853-9c2102cf73fc;350029a5-41d9-46af-a597-76e6362737a5;Barbe général but double hier user français.;10;58;Vidéo;PUBLIE
fda4ced7-7580-4dc8-907e-52f65a6debf6;9521d086-5faf-427a-94d9-08831d86ff9d;Résoudre trembler foule si seigneur.;4;61;Vidéo;ARCHIVE
fdd76d38-89d6-48eb-b7ac-562697db0964;d1d6d534-119d-4023-a17d-d6494c9e0ea5;Violence saluer rester conseil.;20;55;PDF;ARCHIVE
fde8d136-2782-422f-8a88-324237212909;d1d6d534-119d-4023-a17d-d6494c9e0ea5;Tapis sien obtenir absolu.;6;50;PDF;PUBLIE
fdec80c1-2fc0-424f-a764-68a8d78fbc80;4ed465b8-5fdb-4a53-a965-a8040f198d6b;Supérieur salut douze avant.;10;131;Vidéo;ARCHIVE
fe68bdf1-11d8-4127-a964-ea52d687d9d4;787ccc30-6878-4c16-88b1-93d5f86f35ce;Taire son surprendre vouloir.;15;43;TP;ARCHIVE
fea136d1-f11c-4c7a-babf-c2c6f712e3d8;f11b67a0-03e2-4b2f-a4c9-07e0ddbadc38;Soulever esprit appartenir.;2;37;TP;PUBLIE
feb44e3a-f217-4644-8345-8672991c1b41;9f0d4a7e-7fdf-4262-a210-fe5964b1c194;Fonction matière gagner contre.;13;163;Vidéo;ARCHIVE
fed50cf3-72e0-4f9b-ba87-54e81b8ae28d;ea575e43-f071-4075-b32e-0850ac47cefa;Dur ah dépasser comme.;16;57;PDF;ARCHIVE
fee51fd2-8605-4269-8c56-cd375f72c3ce;065a2ed1-5d83-4fd3-8f76-ee38037dadd7;Mériter affaire suite.;6;41;Projet;PUBLIE
fef72af9-888f-4c17-b86e-81242d5b5698;04886744-31b1-4ec0-acff-3ce2d1bab5a8;Brûler promener avenir bête.;17;68;TP;ARCHIVE
ff189453-2027-408a-8c08-bf377b6883bd;6bc16ce0-20e8-42dd-8957-3f552ba77b78;Tranquille bord épais maison.;12;141;PDF;ARCHIVE
ff4871ea-2754-425b-b748-a93fecfd8a0a;2269ef61-1fa9-4dba-ac80-c5ee191a09f0;Musique flamme préférer.;14;157;TP;BROUILLON
ff65bdf7-9def-4f4a-9222-d264cdbab8ec;25c792f0-e404-4379-8fdf-9a6ebea71c33;Mien fidèle droite diriger eaux.;2;56;PDF;PUBLIE
ff9d5d97-b2cf-4bb0-9533-1bbfb2cb35c6;39cebbc3-2c29-45a7-8505-ee790494bf7b;Commun là tourner plonger scène.;13;130;TP;BROUILLON
ffcde859-ac46-4266-8fd0-1ecb7461ee09;87eed4d8-979c-4cfb-a795-d1cd65cd0fd9;Écarter ensemble éloigner jeune.;12;42;Vidéo;PUBLIE
ffe7e0d7-c080-42e9-a47e-d45c0ade2db7;f2a922b8-6c53-4f95-add0-7a86567d5966;Diriger toi personne.;7;66;Vidéo;BROUILLON
ffef51d5-446e-49f3-b45a-cfdf49a6de04;65ad3315-449b-4bec-ab84-5fd9a3a51dad;Unique six pendant poche titre.;5;89;Vidéo;BROUILLON
fff026c7-d28b-4346-a71d-1ae6b7ada02f;7c871e6e-a391-44be-a9ab-1f6800d93337;Marche noir jardin saisir.;5;120;PDF;ARCHIVE
