id_quiz;id_cours;titre;nb_questions;score_max;duree_minutes
00022dc1-b69f-4f5e-95ef-921c10e345de;ba3247e8-e435-46bf-adc9-2ec4f2cc9db5;Quiz 977 - couper;15;65.82;99
000b9f57-853f-4139-b502-1feae11c74f3;72658910-ac2f-4aa9-a7b3-6366ce56b3c4;Quiz 4465 - trente;10;10.13;110
000ea9ea-f8f7-43dc-88ca-e844f05acd83;c84f67a1-f82e-4c11-bd5f-b31e07e0ab0b;Quiz 2962 - croire;10;50.32;18
0011e90f-5467-48b6-9a77-1fb4e82713b4;4ecc526f-ab69-432a-830f-15379b143df9;Quiz 1921 - aujourd'hui;18;83.14;102
0020d61e-f224-4dda-8196-112d2072fd90;f78fa3e9-5a31-4ab4-8f73-fcfe5ae59899;Quiz 2896 - sou;29;67.8;378
0021f259-b6a8-4e42-9561-acc845659c77;f85d5820-19a9-4aef-954a-9d1fc0a5daf6;Quiz 2639 - exposer;13;17.96;489
00302be2-e1a4-41f8-b9d8-4a7b568ae43e;9a7d9233-09d2-4df2-910a-887c49255f4a;Quiz 3554 - printemps;23;89.54;-9
003ea5d5-3ce0-485a-8843-e90e2d459e29;974bc992-45fe-4216-86e8-7a5892d27879;Quiz 1681 - étonner;7;49.93;216
0043a646-6997-4532-a753-262192473974;b4b0cbbe-74e0-40fc-aee0-1d070ed637f4;Quiz 863 - coûter;10;22.02;405
004462f7-3d9a-42f1-880d-5943df8da948;49d56376-ccc0-4625-a998-88e8b7b1fdc7;Quiz 3272 - exécuter;20;26.21;-7
0044ba98-a3af-41bd-b765-d2f5918d1c14;2cb8a9a4-affc-43d9-b061-c8780b15e702;Quiz 4993 - éviter;9;25.62;30
00522920-b86d-4d1f-a917-aa73dae8782c;0de333fd-9020-4a05-8ca9-67535f57baaa;Quiz 1347 - joli;16;75.07;-7
0065a561-d3db-4e14-81e1-a85a2cc80053;72e97835-30d2-4325-906f-90db8aeb29d0;Quiz 475 - depuis;20;31.13;-3
0067d55f-fa53-4591-a3d3-844afe2c01e0;bdef6929-bf12-4d7a-aacf-123035d86754;Quiz 3128 - choix;23;85.26;-2
006da032-0310-4ee7-9290-4960a174accc;fa74e92d-c086-4080-baf1-907c98ab93a5;Quiz 4180 - oui;29;94.04;40
0077938d-56a6-4f82-9792-03b7ccd7cb87;aab419a9-0b44-43a9-b277-3c03fea00674;Quiz 4031 - aider;15;60.69;-8
007f5093-3f49-46b5-8dac-ad969ec19440;0e36176b-74e6-407a-8d5a-7fb5b4d888b3;Quiz 1575 - peser;28;93.62;-5
00853b21-167d-4769-9090-1cc43cae9a45;d43e5715-07fa-4230-80fe-c5e46811bc17;Quiz 507 - vol;25;26.58;66
00853e3e-f91d-491b-813d-07eea016d486;f9c8bc7c-6466-425f-8a50-64a872d6c23a;Quiz 2435 - malade;6;14.85;-7
008d4aca-f59a-4907-9b90-8ee13f596a05;24752352-4798-4835-8018-e40b942d4a28;Quiz 3379 - facile;17;90.99;64
0093a9f5-a54a-4948-aa9d-b3c676107478;a7d15492-756c-4391-964c-44c5d2c9fca0;Quiz 516 - parent;21;25.55;25
00964625-36bd-4949-a92d-19b2c264861a;87503389-3f86-4ddb-8d63-b3e92cef426f;Quiz 2373 - tantôt;30;66.91;-5
00b50ef6-65ae-414d-ae6e-941795a6846a;0a7af64a-9e5a-4c65-abb1-4443314bb8bc;Quiz 2721 - docteur;6;98.51;-7
00bb5f4d-5d03-4a8c-b2cb-dc3758930e31;70d1cf2a-51d0-4c8c-a0cb-195762a17e43;Quiz 4557 - tromper;24;67.08;22
00d46b66-47d7-419b-8d59-5e70d1ad9c96;ae6213dc-5c93-4843-907f-eaa7e15f3014;Quiz 4567 - maintenant;23;60.81;441
00d8b0a1-0b3f-4246-9c69-64d68add160f;7e3a2977-2dd2-445b-bf41-f987458d3005;Quiz 4722 - air;25;68.39;385
00e52cd8-65c7-4152-bcff-cafae1c8ad3e;6fe5061c-8edb-4681-9aa3-c17dbee19f12;Quiz 152 - situation;6;17.81;47
00f5c18a-171b-4374-b1fa-781336519d4a;2568fce1-8654-402f-bb79-581a6e224f6e;Quiz 933 - choix;19;55.74;110
0113a303-7a24-4379-90fb-9301dc7933aa;59a2be59-1777-405f-9d56-572f415199e7;Quiz 2090 - qualité;9;44.17;-3
011aa259-3b8c-4856-99db-52266d503f44;4fabd506-8545-446f-909b-b90790228168;Quiz 956 - offrir;28;35.12;-4
0121c296-24a8-477d-8fa1-b72e04505990;d5473a17-cc21-4832-bb88-ad4f993d386e;Quiz 788 - contraire;26;21.94;337
01399720-3c23-4f3a-8cfd-515fed5eea4b;970f3327-2322-45e9-b36f-d730061d549c;Quiz 1470 - table;24;21.21;18
0142dc8d-c3af-45ca-a96d-c27ffddb50d6;30b65068-8ee6-458c-a722-3cbf9a977c93;Quiz 902 - d'abord;29;33.27;77
014a2077-2d17-46d0-bd86-e4979d043985;a2625082-c8ca-4c1e-9e10-12f05cefc471;Quiz 1051 - aussitôt;16;22.53;114
01559f40-72c9-4698-bf9a-1993f9904a2d;fa74e92d-c086-4080-baf1-907c98ab93a5;Quiz 4660 - curieux;14;87.59;-6
01587cd6-e520-47e9-bd03-1f3543c0e3cd;b8484968-311c-48c5-9742-660ed683983f;Quiz 4751 - aspect;13;83.95;376
01b3d59c-dbea-424b-83c7-14dca5d5e0fe;8a86503b-445b-45c3-a98a-7a59e7b59a45;Quiz 4697 - longtemps;20;12.82;38
01c42627-028b-4305-8d69-d289e5599e77;59eb6816-4294-4096-a297-e6be314ff11f;Quiz 1416 - affirmer;11;12.78;462
01c8617e-8b08-40b4-b33a-3d8331d210c8;5b842c89-7875-4d1c-a014-a3496e91b2c4;Quiz 689 - causer;23;83.63;-8
01c8e88f-0349-4e46-bd69-9a994da635fe;c8dc6cc6-8771-4fc7-b4ea-2d956eb4557e;Quiz 4579 - épais;21;11.22;354
01ce5327-0cf2-4ee8-891d-6c7b9eb992a0;bde9f613-da61-4fea-ab5c-2dc585ff578d;Quiz 1520 - front;29;87.89;497
01d76bc5-7b21-49c4-bef7-85c39dc5a640;0f003329-0804-490f-ae4f-c5d1a480b985;Quiz 1745 - haut;22;99.42;-5
01dce9fa-8375-495c-bb7a-e6129372dd24;c8dc6cc6-8771-4fc7-b4ea-2d956eb4557e;Quiz 2123 - attirer;27;38.92;108
01e3c12d-4c18-47b1-865d-1fa56490d82d;cc8f847e-7be9-4909-ae23-13439b469909;Quiz 1185 - tache;21;65.86;-8
01ec76f6-5e4f-4679-b0c9-fe41a4917aa2;aaa5b4f7-9205-4977-bb35-b6fd5981e7bf;Quiz 493 - réussir;27;12.11;97
01ed1db7-2483-463d-90fa-754b49af2802;03b3dd71-b605-42fc-b0db-43dceb73a410;Quiz 1317 - approcher;7;97.16;-4
01ee6735-0736-4ca0-9f70-2066618811d1;c2b72bc4-30b5-462c-8c03-f211437597d2;Quiz 2016 - trois;29;67.29;349
01fc63d9-1609-4980-b528-ce8e2d47a760;fa6bb27c-2478-42af-8973-b0495cd8c8fb;Quiz 4529 - traverser;13;50.75;23
0201b09e-bd71-4717-8058-91d53ce38ce7;25e9a65c-1b20-4990-a71e-eccad62a9d06;Quiz 3045 - pointe;8;34.84;439
0202fb1e-11d5-4ba9-b15a-175d882665b5;fcca6399-9005-4183-9700-8668afc03ea4;Quiz 2666 - début;30;78.39;241
02079621-65a7-4ffc-86fa-13da4429ef42;b5fa7ad9-072a-4675-be56-6b4dc78b99bd;Quiz 2843 - voisin;15;56.37;39
021d433f-25b1-441f-b0a0-8860247121b9;a15daf69-83b4-4b50-a847-0b562b4718d1;Quiz 323 - recherche;6;61.82;41
024abf9b-bc0c-45b3-9511-5754fdc1b43f;82cfe027-00a1-4c59-aa0f-4b62238f55ef;Quiz 1389 - même;7;28.4;-5
024becc6-2b22-45ca-ad22-cab542edd1be;e7f0fcb1-b810-4aef-97e4-23a7068d1b77;Quiz 2169 - devant;20;97.45;119
02512976-a29d-48be-abe3-e1f8d746646f;c29b8fd0-daa3-4891-960a-572051aaa3cc;Quiz 1598 - fixer;19;57.33;320
025fdd44-99a7-4d3e-932a-9b25ccb63125;10d4884f-4f26-439f-8829-c855d6dadfe5;Quiz 4231 - livrer;28;80.49;64
02682463-a51e-4bea-b444-e68cb1aebb15;b377ef73-a0dc-4fd6-be79-c140f8e68dee;Quiz 3324 - absence;29;56.26;495
027c2e93-07c1-4b41-af27-8bde52fc42e6;9f8ca032-7540-472e-99a4-825c13232cfa;Quiz 1904 - jour;29;82.94;-3
0293df20-0044-4053-82bb-6d5da25e197f;0805c3b2-2f52-439b-a05e-12a964e11967;Quiz 180 - pencher;8;52.82;222
02974471-9720-48ba-aea1-821ab8b9de88;e6bf023a-2967-4fc2-a823-e4367e7c4d9b;Quiz 4468 - possible;12;19.42;88
02a31d3b-6519-4c6d-a095-d1234d449d7b;61cfa330-a94d-4268-a6e4-caf9174d8af2;Quiz 2109 - profiter;30;22.69;92
02a62e51-20ad-4050-9257-8f6d0a9c48d5;33dca22d-3d8f-4464-8304-c8c333e44a15;Quiz 1693 - plaisir;26;14.4;-3
02b47205-d323-4935-b66a-b33cb4a696fa;624775fb-7e09-47d1-a611-ea06c2946893;Quiz 836 - travail;8;46.05;120
02b7bd9d-fb20-451d-a635-a7b542c73808;4df498a0-ca58-4a1d-a225-7b4de48096d8;Quiz 3086 - circonstance;30;30.7;37
02b7d3c3-1d23-490f-b06f-f85ac1c19169;ab45a7c1-4616-4a8b-a486-7f0ec2a8a4c6;Quiz 778 - contenter;6;77.69;72
02c24709-2145-437a-95ee-8b24a4703218;2cb8a9a4-affc-43d9-b061-c8780b15e702;Quiz 1374 - pied;6;50.22;38
02cc9498-ddca-47f3-9637-5a041f3cda16;30b65068-8ee6-458c-a722-3cbf9a977c93;Quiz 4693 - valoir;11;95.71;451
02df96b1-4403-4963-a029-ff74af83cda8;de31742f-93dc-4c15-bf7f-39d2683931b7;Quiz 1621 - arme;29;79.07;-9
02f028e5-2992-43a4-9dad-e561e5bb71e4;07ffb941-0cea-4f67-be37-4347ade6ecae;Quiz 4927 - beau;18;99.44;21
030b2543-576d-44d5-a984-5d78158b177f;63142430-fac1-4261-b443-ebd64717f177;Quiz 837 - faible;6;82.4;11
030c6092-6ab5-4fc2-a750-ee370ba248bf;84a463c5-f96e-4fbb-8155-72221da801a8;Quiz 2355 - grandir;29;64.53;0
0310fc59-d2ec-4a9e-a836-eb7bae57c858;fee51fd2-8605-4269-8c56-cd375f72c3ce;Quiz 2922 - briller;8;34.66;53
03170ed7-23d5-4aa1-bb78-7b114a7274de;02ebd002-b584-4d22-b4b9-08d45f09645e;Quiz 4117 - nombre;25;41.19;468
032311f3-9ffd-4eb4-b95e-899a931391bf;aa1a6ff5-9c15-429d-84f9-253270ab7850;Quiz 2362 - chant;24;24.49;-2
0328da5a-9495-431b-8535-91cf82767ea1;50675609-245a-46d1-ad8f-368ea00081f9;Quiz 72 - précéder;5;97.55;224
032b0796-f88c-4f1d-8a85-98195f4bfb9d;00f9305f-0cbf-4d82-a328-c4f543dc1ea5;Quiz 2860 - mur;28;49.46;36
036b3bb6-84c9-4847-9a7a-8a2429aec632;97a1208d-55c7-4c0b-b10f-429c1d9ac049;Quiz 3509 - travailler;27;91.86;-8
036e808b-6a58-450e-8d60-0bdf2a096acd;f5655805-e9c7-474c-b2b8-ce3352df87cc;Quiz 1807 - supposer;17;11.81;447
0376d9eb-b669-4cfd-b6e6-40bc5bc18f24;3d6d5922-674b-47c2-a06f-f1ffab5a4f86;Quiz 3636 - queue;26;83.79;56
03add216-c3b7-4a80-8819-92c6d49ef1b5;6d16f155-837e-4641-ba9a-0bf65ee31f7e;Quiz 4653 - plutôt;12;52.46;403
03ae8f87-16a1-441b-824a-62fc341c93cb;c07fd777-7891-4d5c-ba4d-343fd9efb70f;Quiz 1989 - ordre;24;82.97;-8
03b77165-7b03-4ee5-8a69-3ab15bd3dc6d;8853c3fb-5a81-462d-8dec-09353bca0d25;Quiz 357 - colline;24;24.67;106
03ca7ed4-de5f-4b6a-9db4-c7804de48555;c20a1481-e9b2-4951-b08e-2a76abb145d0;Quiz 4399 - étonner;15;96.02;41
03e14b25-b69f-406e-8ad1-240c5b84acd5;34338e15-54c3-4e50-afad-ea2656b569f6;Quiz 1526 - présent;20;85.73;63
03eba567-42e1-4861-885a-b4c58db0bdb1;69d42ecd-ecb0-41cc-a651-e40dbe482c1b;Quiz 2282 - examiner;13;28.31;339
03ed12ed-5c8e-4009-ac5e-b9dea6cf775f;89db2c1b-3f8a-4de5-82be-93f4e8293dcf;Quiz 3870 - étranger;24;99.84;-4
0406da15-d7a0-464a-b6f8-a38bb1a639ca;7899eb38-1922-41fe-a53a-153f5aa28f7f;Quiz 4805 - enlever;18;13.24;51
040ac99e-4829-4e2e-9d3e-511055e3bef1;e4d3d072-c880-4ad7-9739-452ebb719461;Quiz 4063 - minute;22;46.94;22
04148f70-b27d-41c8-a45a-a13ad633c78a;a337daa7-41ee-449a-a3c0-35092c758c90;Quiz 2875 - apprendre;16;43.81;-3
04291432-b662-4ff2-a710-fc79ef779e39;1ed5f68a-98e6-4bec-a9c7-c0a66b2d1ab4;Quiz 2292 - saisir;10;93.85;63
042a6ef4-7cd1-40d0-89d1-9d9c7c738aaa;edf14b64-dd0b-4cf7-8680-23119ec7841f;Quiz 3963 - terrain;11;88.06;-1
042d600f-cd85-46ed-827c-9628c71e8277;96fd5a7a-ede0-4192-b03b-55995b200243;Quiz 3238 - conversation;7;66.61;72
043ed003-4b26-47a2-8c3a-973a7d8d89d3;0fbf6f99-8166-47e6-8d60-4e505c0dbfc2;Quiz 1211 - plan;17;81.94;38
044f125b-d495-4cee-88d5-dd47b6dc2129;1f9b6268-ff0e-464b-82f1-efc6e5cb3019;Quiz 4678 - davantage;26;77.16;109
04568345-64f6-4545-8520-4e030fa023e6;c989d738-2d3e-4771-8543-c1341d932435;Quiz 503 - près;7;89.58;352
04664b07-9ff8-4054-899a-628865db1989;e64f9add-f42b-45f5-a40f-394d3fb0e008;Quiz 134 - voie;14;23.52;219
048259c2-900e-4a55-92b6-b016fa41c4f7;61cfa330-a94d-4268-a6e4-caf9174d8af2;Quiz 1383 - surtout;14;16.52;0
048502a2-09e0-4a82-8976-b45495493a0e;7a3a20a4-c8eb-48af-ac0b-8990d2cb853a;Quiz 3414 - type;22;90.8;224
04871585-aece-4be6-add9-733b4da819d6;9bb9caf9-e148-43ac-888a-550776a4ae81;Quiz 875 - reste;25;12.66;253
048e973d-5c81-4c73-ba11-47e9a5afa317;8269b253-4997-43f1-a78d-3b9e7a14a62a;Quiz 2997 - erreur;18;82.86;57
049faf6a-a258-441d-b0a5-fb2eb64cfb6a;632969a3-3dbf-4fa4-8316-29b693ddc8bc;Quiz 442 - sourire;26;41.87;45
04a3fa61-cea9-4f29-b694-6370d5ec9a7a;3276a8d0-81d0-432e-912a-2fd8c35285ac;Quiz 3127 - recueillir;20;68.81;322
04a7f334-e75b-4db5-9cf7-6071056439aa;3f893127-556c-420a-a3b1-b984230ab937;Quiz 3050 - science;12;48.33;-4
04b132a7-e9e1-4dd6-9d92-7ee243ff4e2c;58b5268f-4feb-42f0-a2bf-0dfaf56c2f13;Quiz 1513 - angoisse;26;15.75;-1
04b14e90-0722-4cb7-9c33-d8ae700806f6;31ada668-7d96-43a4-99de-15bfd26409d2;Quiz 3157 - résoudre;14;78.76;97
04b44127-1612-47c4-b959-192d7a2bf878;f0554504-5b3a-4d8a-9397-81925165337d;Quiz 795 - beauté;13;48.72;72
04b9752c-ee1e-40d3-bbb1-6de8ad0a810f;f9277511-bf3d-435f-9102-07fb25a655a0;Quiz 73 - commencement;13;51.74;430
04e07e1b-c05f-43e8-8279-b9a7b8c6018c;a763c52a-91ab-465f-a53e-0ca72251cbfd;Quiz 3605 - moyen;11;33.97;-1
04eb59df-c228-47ca-8c5e-adb6e123823f;d8373543-3a65-4204-95e4-c23952094ec7;Quiz 4846 - large;21;27.68;-6
04f21001-ee48-489a-adaa-a82306b7932b;394d4684-3d9f-4f9a-a98c-6f9dccf3340c;Quiz 1664 - conclure;11;66.61;-9
04f9f5fa-06b8-4d23-82d9-8f30fb47de8f;048ef989-53b5-4936-8b5b-ae2c67a7c5d8;Quiz 3453 - froid;12;16.42;-7
0506051e-d268-4301-bb57-48ce82cb4763;fb45c775-22c0-41b2-bc40-28115d00f9e7;Quiz 2510 - or;14;56.06;249
0508c095-79c9-4661-a186-d2fb0cbb823a;385c808c-9ff3-4e53-873c-4b8b07e157f5;Quiz 3582 - installer;29;56.01;465
050b0ea5-796f-4183-9896-9320080f2392;d629b42c-efe2-4369-bee9-f7805ac7c747;Quiz 3555 - ferme;18;31.22;495
051051f0-7eac-4bf9-a1d1-6c493a9d6bf1;b8323ba7-9c37-4499-97d3-88822690c231;Quiz 2841 - même;17;43.4;309
0530485e-6ec6-4e84-bdd7-243dabd05653;0e4b3db0-4082-4351-bebe-6a029138bb64;Quiz 4294 - doigt;22;86.72;-9
0535cb4c-229a-4605-9395-3cfaf7f5f9dd;98f3f940-87dd-43cf-99b8-aafc6e0d22fe;Quiz 4492 - abattre;5;18.62;38
0535d50d-4986-427c-a9d5-24bf6b7d8cfd;07ffb941-0cea-4f67-be37-4347ade6ecae;Quiz 125 - recueillir;29;85.68;91
054ad513-54ec-4d04-a56c-252555bc9440;e46056cc-1323-4725-8e52-ea9da22e34fb;Quiz 3764 - recherche;9;52.22;-10
0557a66d-2fce-4cc9-858e-5224600f7647;bb8948b8-8aa7-42e4-907b-cb4024ed2183;Quiz 1339 - terre;9;42.44;9
05644030-e904-4327-b633-e6eefe4db3da;08895b6f-6d05-4ff4-9090-1096313d17df;Quiz 549 - peur;25;58.12;7
057dc0dc-3a57-4dd1-a10f-95e53243f690;ed38e2ab-cc5d-46fa-bd74-cd67b9813f9f;Quiz 3470 - vous;13;10.41;310
057fa0e0-3f89-4c65-b234-fe85978994ef;72d52a38-f149-4284-b698-8449252c9dce;Quiz 4424 - branche;23;11.22;-4
059f3ac9-f6bd-47a4-ad53-c96eb25a1357;8f1b6507-c30c-4a0c-9c86-d0e03220f20b;Quiz 4612 - manger;12;59.63;78
05a1e168-5ac8-43ed-9a06-63342e4483e7;d85b33fc-e04a-46dd-90d9-5c0709e00ca0;Quiz 1768 - commencer;5;53.72;11
05a45805-810a-463d-a495-8defe8b10e25;b94bedac-a795-4a7b-af6b-20b67e9ea3fe;Quiz 2072 - garçon;24;42.75;267
05b9a7ae-4659-4704-a983-0dcb655f14d4;826b9cfa-5b40-4689-bd1c-42e3ed62b9e2;Quiz 2914 - heureux;23;73.52;89
05ca177b-9950-4eac-9f65-eb66e7cffddd;2c81da54-2567-49f8-b7ee-fbe846eaef38;Quiz 4725 - vague;8;56.54;-6
05cee7c0-03cb-4c3d-9f7f-c1f3fb2398ac;be0fa0ae-0300-4596-b16f-fe7e694fd8a0;Quiz 1378 - ciel;29;52.93;315
05d160b4-5cd2-4391-b6a6-af73f25cf8fb;b28b465c-935d-4618-a6d5-84c87e1957ae;Quiz 805 - jaune;22;93.22;-2
05ebb001-79f6-4a4c-98d4-5cdb079f0ec4;42900b25-966a-4604-981f-acb8389d9b0c;Quiz 1535 - garde;10;73.44;288
05f16500-75ad-4e42-afcd-e677c6cbb800;2b5ade79-934b-4fb5-a429-ec915290f6cb;Quiz 1586 - six;25;21.37;448
05f64c65-7ab9-4ddc-b647-7b7429d7508e;db242367-da66-45db-bc63-e6088c8f5eea;Quiz 953 - parole;5;15.45;-4
05fad223-c42a-4c80-af70-d6accf5db389;322efaf7-76df-4550-b16b-c34233a22f74;Quiz 2414 - effort;7;66.06;118
05fbdadd-70ed-47c5-8f3e-9650b64aec24;f9d97dc3-457b-4f3f-a296-5524a87a2e82;Quiz 1087 - raconter;22;97.89;269
06185d39-32bb-4855-a6d7-fa30f788b24c;52debfb6-90cc-48a4-a0a5-9c84605a92ad;Quiz 820 - mêler;25;69.81;-10
0634fe7a-a345-4e40-ab5f-110368c51c70;40bbd20b-a498-4767-8bda-2bb38a32c508;Quiz 1896 - toi;14;77.77;-5
063ca082-fe4a-4229-bde3-f741200cad0a;f7be1392-a53a-4bf4-9f04-1f8f5808468e;Quiz 1242 - auteur;25;57.95;71
06447e68-c831-4b11-9335-11926482329d;c22b8f93-dd6b-43c4-97fd-95d16ced35d8;Quiz 3897 - but;16;43.13;-2
06727234-5be1-49c2-a78d-7388168b4d2d;46428790-6cc8-46d2-a85c-330c844eb351;Quiz 2332 - aucun;25;54.5;80
068a710f-85c1-4040-9807-aecebafd4d70;9294aab0-f494-4c53-a09b-5c95e2399003;Quiz 910 - ligne;30;96.65;-5
068c3028-1927-440b-b905-a523054b00d8;ce0d6762-292e-4723-8f88-2d75b9a5d53a;Quiz 692 - après;11;73.35;-8
068fdc3f-c4f5-442c-b4e3-639494e88476;eea8c297-5aca-429a-abf1-df290cfbed12;Quiz 3901 - planche;26;65.6;-10
06923706-3897-4fba-baca-7c0363a44812;c81017e3-ece1-4728-9146-0b9aa65e44e4;Quiz 1847 - riche;6;23.91;-2
069ecf06-07f2-4691-8069-038f9e937bd0;d9c7e094-3544-41c5-b67e-210a44387a97;Quiz 2454 - complètement;14;83.8;475
06a25581-17d0-4f4b-b2c7-563fc894197c;54fc6240-e45f-4b98-8e77-2a7b30b3c32c;Quiz 3711 - secours;12;44.2;109
06c77312-7a9b-420b-8d51-f6a6f78b7cf0;b1c6ba7f-97a9-474a-9845-5c8656350bb6;Quiz 1343 - lumière;24;60.36;404
06c9e0c9-903b-49bc-8489-8f12d4ab1931;a3288ef7-018a-4626-925a-edd5974ca374;Quiz 4647 - bas;23;86.23;99
06ccbd56-ddda-4560-a6ad-348cbdb75da8;cf502008-3ecc-4ba1-8904-2827cb2b9915;Quiz 181 - prince;17;18.85;62
06cf56df-5933-4581-a74b-5e02fb956048;a4911739-ec82-4b0b-8501-3712ca717eea;Quiz 4528 - rêve;19;67.22;462
0708d154-bddd-4959-9320-f13a5c822ccc;b8cf97b2-b344-4472-87ac-871591496e76;Quiz 1988 - garde;30;48.22;433
071f5939-5e91-46df-abf4-24f0a1cec6b8;22b13020-af54-44d9-a571-fb90e0214816;Quiz 2982 - souffrir;18;67.92;286
0720f2be-035f-4b88-b9da-afceed4adbd6;cf84e712-e27d-4d76-9c52-fce70ab0a2f6;Quiz 2037 - étage;13;89.46;-5
0726e566-1f41-4e9b-a341-c010ba187ef5;5fc4a8b8-d5c5-47d0-9d7b-8663f20892c0;Quiz 2900 - diriger;24;30.92;58
072df956-cfdc-4cff-ad2f-54655ac6b540;81c0adaf-0e36-460f-990b-d9aed46b530c;Quiz 4104 - demain;8;13.64;471
0737e072-cdcf-4336-a75f-df837a0123f8;25395e03-fbce-489d-97c6-b82f004b4b50;Quiz 1808 - drôle;10;18.03;-8
074c3eac-b02f-4fd9-8e7b-1eb4d50dadba;80a7bcdc-131a-4115-99b0-e1564571d04a;Quiz 1624 - mieux;10;68.29;232
07655f6a-e324-4a18-b2ae-4aa92b1eb101;601aa86e-5685-4c27-8103-40219d73b01c;Quiz 91 - consulter;23;96.83;281
07824e33-2624-4f8f-aded-5a9d1003e6ba;ae2e7107-0bc0-4f5b-8b88-8e128ddffbcd;Quiz 1004 - aile;19;39.73;221
078c203a-6148-428c-9694-5a4eb76a40de;a087a564-c48f-4778-a3c6-380d47e35530;Quiz 2830 - naturellement;13;30.62;-6
078f18d4-07cb-4cb3-ab32-9ac148450fb4;dfbb7843-8f8b-42a7-a498-1fb99cf68bfc;Quiz 4133 - prier;8;37.36;460
079d90a4-ec89-43fa-b035-1f2d67e04dc9;b3860b42-fcea-483c-9790-973c4e44f295;Quiz 3249 - dépasser;8;83.04;-5
07a923e3-2200-4128-bf4a-ae3a43969bca;6d2edd7d-b63e-4ced-af4a-c6342443e9c0;Quiz 4573 - à;29;15.27;-5
07b61683-7c5e-403b-a81e-08a3fefbcce5;46c48689-19b9-48bc-8896-81bc077d8cec;Quiz 4124 - prison;18;19.16;-7
07b6c3dd-f1a3-48b9-bf19-451402fbdfcb;d81ff9f2-1018-4f70-8ef2-9e75a84fcd0c;Quiz 1897 - pourquoi;13;36.32;90
07b6fa5b-0b2f-407e-b3a6-509c33e8034f;07f39f39-77dc-4622-9e59-6680f9853e8f;Quiz 3804 - choix;29;67.33;1
07c482ca-f2ec-4e04-a424-606c3fea3edc;540210fb-1541-40a8-a786-3281540e172a;Quiz 2574 - appeler;7;84.46;-2
07da6fce-bdc0-41df-a53a-20f97587063a;bc47d640-bf67-4ef9-98ff-01c0353538da;Quiz 399 - absolu;24;97.26;52
07e5a0a1-058f-4f78-89bc-e2868c4d190a;ab4ef105-7b04-4aae-a588-fd1273b66231;Quiz 1786 - garder;11;94.27;116
07e945a8-4b69-45d0-8bb9-8167892dcbc8;6f0a3717-7d7c-4ce4-aa62-b6bebe58d122;Quiz 4873 - journal;7;64.76;-6
07f2e7a1-4ab6-4b20-b203-f4b0167fa54c;db968aed-bc1d-4b33-a0d4-126b2446bcc2;Quiz 2671 - cuisine;23;56.74;110
07f66633-9fc5-4012-a210-fd580f473d49;0e36176b-74e6-407a-8d5a-7fb5b4d888b3;Quiz 587 - forêt;8;25.26;56
0810e6b3-5185-4478-97b2-d18b1e10acfa;ec5005b8-9c2f-4414-a385-fba551672d00;Quiz 3100 - rêve;13;11.85;8
081d0f0b-8c6d-46e2-92d9-68dcf2ba1192;eeec9135-a32f-4eb2-be42-1bfaff57eeef;Quiz 3455 - figurer;6;95.13;-5
08208df2-0ae3-4653-b564-aecb9c45f527;54d1172e-da52-44fd-91ff-bca290e5c9a6;Quiz 741 - former;9;17.72;-2
0820d203-7793-40c7-96d2-d8e2ac0b1f2b;e84ee02c-32e2-4d6a-bd0f-6489dea3402d;Quiz 3175 - événement;22;46.7;83
083ca3bf-987f-42e2-b060-f0b762be2fab;4ef0ed94-1a25-4d24-95c0-a9c2c187f11a;Quiz 277 - bataille;30;32.62;-9
08406010-e477-4ca6-9975-a0b0afc0d25c;6f81063f-62dc-4bfc-9c25-15ac80defe66;Quiz 250 - désirer;6;84.75;91
08543c29-0616-46b3-a27f-0eb1f05308de;ce17389f-51e9-4197-bfa2-a9391787074c;Quiz 983 - jeune;9;85.45;238
087708ad-d770-4bb5-acc3-c317d7899bad;601aa86e-5685-4c27-8103-40219d73b01c;Quiz 1525 - usage;9;83.99;269
0879d3ba-04a7-4fd0-945d-87d45c8a0cb5;6f94ec75-dcfc-41c5-9a65-083293647308;Quiz 1909 - hauteur;8;60.29;11
08a46dea-8c7f-453b-b1f8-5d0cbad8ecf1;7ca61a41-ff66-43b0-860c-8f17c3ca176a;Quiz 47 - cerveau;8;56.49;207
08a7a045-b586-468e-875f-651a2d57649e;d007cec4-9a3f-4675-917f-0ee1a875c266;Quiz 747 - choix;8;19.66;120
08ab4f39-0dce-4e74-942a-73bde5259ef9;36ea7c98-135f-46f0-9ed8-1018fc4f7d4b;Quiz 626 - habiller;11;72.68;0
08b73d25-12e0-4e20-9ec1-b15bc3382313;ff9d5d97-b2cf-4bb0-9533-1bbfb2cb35c6;Quiz 3579 - marche;29;17.61;-7
08d43d57-11d2-460d-a9e7-79431bec7434;580e5caf-e175-4317-a9ba-789b3674964d;Quiz 3257 - science;24;86.54;63
08df9d69-9b06-43a2-98ae-a00eb475cf17;c20dec3b-27ec-48b2-a714-2510e68e6e0e;Quiz 4521 - miser;13;63.85;-2
08e6e356-e32e-4d8f-a214-96b1947bccbd;b0c660c8-e3c1-4486-aa21-3501010ababf;Quiz 4974 - fort;18;24.87;457
08e99f28-aeed-475e-a710-16abbdf957ae;2a326d51-3cab-421e-844a-6893f62d73b3;Quiz 2994 - possible;17;96.33;13
08eb6e0e-3420-40a7-a871-c27681a32afa;30b65068-8ee6-458c-a722-3cbf9a977c93;Quiz 4768 - queue;27;21.13;-10
08ec07e8-632e-4a88-8ee0-89c0fa2e2777;ae6213dc-5c93-4843-907f-eaa7e15f3014;Quiz 1796 - réunir;11;38.47;492
090c47d4-f22a-49bf-9412-d9d5a54f27dd;563c58d1-97f9-4595-bd21-39e4d90137bd;Quiz 4539 - toujours;27;36.4;64
090d6adf-45ec-4e3c-ab95-6b0cb515da68;5f550c84-ca05-4c2b-86ce-edbd8dab4b48;Quiz 3305 - sur;6;17.0;-5
0912709b-1335-4221-8462-81f97c9d6b9a;7f6968be-37c1-4a19-8421-6c0fc357361d;Quiz 3102 - discussion;20;54.46;376
091e447e-88ab-4b51-a061-28ac81470f98;df13b7f1-19b6-475e-9e77-29c146f18c2f;Quiz 4389 - impression;30;43.29;-2
0926a616-9297-4ea0-a04c-a45f3d98079e;1720b6a7-aea7-4c28-a147-f5d988a913c1;Quiz 2848 - court;14;25.56;58
09290373-b78e-46bd-be06-7b69bfb00c05;9471bec5-4a87-411c-97dd-9ef02adf4aea;Quiz 4042 - journée;29;27.62;112
0937d9e5-cfb2-4412-8945-6c00c1732061;ce135927-1158-49b9-bb9d-cc47d3c06ae0;Quiz 849 - prononcer;28;22.32;262
093cd122-bd05-48fb-aa0c-beda32a96c41;6c95762d-b1e1-4553-8711-40f4c5570beb;Quiz 2178 - ton;24;75.03;99
0950b749-20cd-4657-9f92-ee45fa34d6f5;aab419a9-0b44-43a9-b277-3c03fea00674;Quiz 2893 - intéresser;23;40.47;-7
096f629b-60aa-4f7f-aec5-221ed121215c;89f5af14-7496-40e5-bdb4-960f29d7eea5;Quiz 1346 - horizon;5;84.17;117
0973a1bd-ebe4-4a46-92f4-359057709316;ae38b90b-3118-45d2-9f84-7d95fbc8498c;Quiz 2238 - placer;28;26.17;-2
0983cffb-66d3-41f7-937c-c819b26ad00d;70a599c2-4cad-412b-bc4c-0a8cd9449777;Quiz 734 - seulement;29;45.23;62
098ca9ed-fc94-4818-8a4d-99754fd86254;691c36e1-2eab-49d5-b6b7-cd68ade7a032;Quiz 4235 - tendre;26;42.24;436
098ce882-e665-4ab6-a355-fa7a8ed11a3f;8711089d-00e5-4bb1-97bc-66ae10ee5ba0;Quiz 2654 - espérer;8;84.95;1
098defbd-b0f3-43a5-b25b-705c8b2ac2f3;1663b4c3-8dd9-4870-836b-86fcff4a4ddd;Quiz 322 - occuper;21;78.85;82
0991fb98-c8d6-4c39-aeb0-ceb222d19522;f6be0f11-6848-43ac-aa92-0b1e79444c1d;Quiz 138 - condition;5;67.43;68
099406fb-fa5d-4c7d-af0c-dabd5382e22b;aa1d8662-9939-43f8-b893-1d003ed3f541;Quiz 3922 - faible;28;63.75;-10
09a7256a-8511-47c1-bf2d-b2d45a0f9b51;90c81880-4f55-4ce3-8d7d-4bce3cbd0789;Quiz 2503 - instinct;11;79.66;53
09bc95e4-f359-4257-be34-9a92c2a1f9eb;a49f5624-dfd2-4a10-bc7b-583552fd5b47;Quiz 1423 - dame;27;85.3;393
09cb1e88-fe1c-4f64-a5c1-bc1a6205f014;714442b6-d10d-4b84-8af5-33211d14f69a;Quiz 3163 - fleur;27;48.12;263
09e8a193-e30d-41fb-97a0-0a58ea081350;95b56728-a69b-4640-a486-d575f77c45b4;Quiz 204 - valeur;8;14.78;-10
0a140303-d14a-4fd1-85fa-37b991c2e773;ef392bbf-5f90-419b-977c-7fe0a5e59054;Quiz 2768 - empire;18;54.58;417
0a26b7c5-c73d-4675-8920-9e8bb49a6067;e0a58506-4590-4dd8-b7fc-0be327422e23;Quiz 1705 - chair;21;53.95;-6
0a36d18c-2b49-4741-8622-027721644085;1e923e68-f2ed-4999-9eae-0a3fa2575e75;Quiz 4944 - tôt;25;45.31;42
0a53c333-c642-4b1e-a2f6-9941de2becde;b7c72358-d47a-4796-ba3a-37f5bedff170;Quiz 361 - signifier;11;26.16;-1
0a68186f-2739-47e1-8a34-df11713a6865;b8dae5ce-3fd4-4dae-b5bc-4dc05356210b;Quiz 81 - engager;25;66.51;109
0a6bcb3d-5745-426e-bc3b-cddf30306ce9;00133c7f-486f-4705-9782-f3fd62dd9dde;Quiz 2167 - livrer;28;59.79;88
0a78c471-7ae8-4941-a22f-d28de0d304a0;389c99ba-3196-4ed2-8b1d-3cf45c88e53c;Quiz 3949 - rouler;19;81.47;407
0a858c96-42c3-4caa-82cc-0a2bec5821c7;c29b8fd0-daa3-4891-960a-572051aaa3cc;Quiz 775 - respecter;20;63.13;34
0a911ace-e2c5-4c91-8b55-f28c0313ce82;8bdb8e12-fa54-4c9c-887c-7308cb25bc7e;Quiz 4618 - lequel;28;34.64;-3
0a9c220d-ab17-44be-ae62-7aeb3b77f2ce;a7d15492-756c-4391-964c-44c5d2c9fca0;Quiz 519 - avec;25;96.32;74
0a9fc9da-38fd-4593-80b5-626cfa9b3a5d;b802f100-0940-43a9-b0bf-ae83893de39f;Quiz 2537 - avouer;23;58.3;111
0aa6f330-f337-4aa0-93e3-655e6acc6ae8;3de0ab81-b712-4ca2-a037-75d95930e73b;Quiz 349 - coeur;6;77.9;328
0aa81bda-70dd-4fdc-bf7e-9f0378018a77;21690ceb-2365-4a0b-b6b4-3cfa79c07a74;Quiz 1111 - rapport;13;94.89;402
0ab6199d-b98d-4023-8ed3-ca1a3e2723c3;841c922b-6bb5-49a2-8096-1970e2744b9c;Quiz 3771 - papa;8;65.99;-4
0abab15f-ad7d-40c6-b3a7-585bec98316d;dfbb7843-8f8b-42a7-a498-1fb99cf68bfc;Quiz 4532 - éviter;8;78.27;1
0abbbd7d-8d1e-4a79-965d-827293ea793b;fc450871-df74-4a8f-abd1-b9b0b226b8fb;Quiz 2029 - hiver;30;85.43;-10
0abdc558-d148-4562-971e-979fb60b79a6;fdec80c1-2fc0-424f-a764-68a8d78fbc80;Quiz 2462 - souvenir;27;37.26;479
0aee06c1-b391-4fd7-9575-6251cd41e574;58d478c9-17e0-4dd8-a62a-1b9ca09365ca;Quiz 476 - ordre;30;67.22;19
0af191f5-2763-4841-b08f-fde05661b9d5;c2b72bc4-30b5-462c-8c03-f211437597d2;Quiz 2581 - quelque;5;95.65;497
0b0e8a05-d732-4380-ad6c-abfcdc0a1ce0;5823bc6c-0088-4bc5-9e64-1910491b84dc;Quiz 1656 - abattre;21;95.27;87
0b120528-75b3-405b-9421-4902504fe8a5;935a1797-5a24-436a-8d17-30b839e565f3;Quiz 3950 - monter;24;66.27;0
0b226b5a-512b-42dd-8a3e-c137151f1921;aa1a6ff5-9c15-429d-84f9-253270ab7850;Quiz 4764 - succès;28;85.14;476
0b4bed8d-c0f5-4498-af4e-2692e499ff63;4b6ccf6a-acb1-4336-b549-5ab13edc1840;Quiz 1005 - mariage;17;40.41;66
0b64da3f-3b5c-4a12-86dd-6fd2e3a2010d;bfae2d78-149c-4b82-8620-c91064e032ca;Quiz 2614 - aujourd'hui;7;62.15;-1
0b68c20a-2f93-49ea-8647-6179fc119fcb;9294aab0-f494-4c53-a09b-5c95e2399003;Quiz 2926 - vers;18;23.76;-5
0b94ba6b-464d-4702-a85c-ca01399566e6;9b18a973-d678-44e1-bec4-750d753983d7;Quiz 4449 - front;22;19.67;51
0baad793-992f-4f07-baf3-451c3ae83895;de5587af-cfeb-4e64-b47d-d1270e01aa3f;Quiz 3966 - en;23;33.34;0
0bdc31b8-dacd-42ae-ae4b-54a8ad0d7fb8;d2f00fca-8624-4c44-a5e1-d442a30f6018;Quiz 4515 - à;16;39.4;-8
0bdf7545-9baf-4fed-8464-f3ad03a5fb0b;bd69b120-d3f9-4f33-b28a-1ea5325184d3;Quiz 3259 - mort;21;29.46;-9
0bffbc6b-0ee0-43dc-a4b7-a0aaac014f6d;95c3053c-fa60-4a83-bd89-557d492f03c3;Quiz 1911 - noire;23;29.65;-8
0c00cf1b-1c90-49f8-aef3-fc6051fcdc3a;35b25ed2-fa8f-42db-ace4-5a78e7437f11;Quiz 813 - famille;30;50.83;5
0c086b25-c53e-4e53-91aa-556a918b6ce5;d4dafcb2-ace2-461b-a3c7-6e9da394adec;Quiz 3231 - court;12;50.82;-2
0c089273-bfec-4b79-acdb-aa0ef1ba0fc3;e4ab5b7c-541e-40b4-b993-e9687366b5f7;Quiz 3026 - de;23;41.36;488
0c0af3de-361b-40b0-9b06-db94a1c2dcc4;f9acede0-02bc-491a-b8ae-f0fd40c56ca2;Quiz 4500 - agir;9;97.86;-6
0c19bf5c-6b8c-463e-ade6-77911b633c18;cae4ca90-1c7c-49da-8c29-69d679c1914b;Quiz 253 - réalité;22;84.52;446
0c260855-7026-44a2-b495-6117f3f7244e;4bfc58e5-2712-4417-b06d-5417056f6e88;Quiz 2113 - lui;21;85.38;4
0c3dbbe4-2a7f-4658-8bbc-e9b7784469d7;ac1df6c7-981f-48bd-8f41-a208423c30e5;Quiz 1763 - plaire;22;38.88;-8
0c404eb2-ed8f-4c1c-912b-705a361df9cf;d474ff62-0268-4f4a-a493-e22f9e0c6fa4;Quiz 462 - réussir;16;86.2;245
0c6dc872-0128-42b3-96ac-b17cf81e04c5;e2b44096-186e-4408-a335-8b8be076c1a8;Quiz 367 - retour;23;35.43;15
0c6e412c-00c2-4334-b5f4-c24e31fa9dde;b2a0ad57-211f-4695-85de-d9cda7f76146;Quiz 4302 - corps;30;50.94;112
0c79f4e0-e811-42c4-97af-2dce5ada5088;49a3b476-f828-4518-af74-353d48874a6d;Quiz 2817 - noire;24;14.88;64
0caf568d-4f87-47de-bf54-4a016c57fede;3921bf9f-a953-47fb-a5f7-54d8bcf91fa3;Quiz 1505 - présenter;27;23.27;383
0cb052cc-2732-4dc3-8e13-75b71dd51f51;7f26dc87-04d8-4256-a2a7-0dafb2426fc6;Quiz 3069 - visible;6;29.43;-9
0cd2ce3e-df6e-4912-a3af-f16648a8c312;7fb71a1c-5c84-4491-b6f8-b2c7492da3c7;Quiz 2184 - long;17;27.55;201
0cded468-89ee-4929-9a5b-45363afb8a7e;8e50df89-8f31-4aef-a82e-5146c00ca3cc;Quiz 4181 - trente;22;19.11;39
0cfb29de-4649-4566-9f00-04f473be02d5;38b15aa6-9e9c-45f2-8230-f91eea1084e7;Quiz 4354 - à;17;40.03;-5
0cff99ff-0128-4dae-87bf-bc9ea573d6dc;c27d65f1-0aba-4848-9c0e-b9118c4fc540;Quiz 4038 - gris;10;65.79;-9
0cffc4a6-d562-4163-9004-8f7277e0ef1e;337036f3-0576-475b-8e37-8d8a01e9235f;Quiz 845 - menacer;24;60.06;-8
0d1072c7-b137-4e85-b7d3-77c8005b1e5a;11a0394a-919a-46be-acf3-d4c553dc8856;Quiz 161 - terme;28;33.13;-8
0d231593-2ad3-42b7-8aca-0c02c066b5c6;2dc811f4-ab2c-4da3-b474-826491e35e34;Quiz 3176 - bras;28;12.92;5
0d254bf4-afbd-43b3-b106-3db28b40ede2;59554f3d-9fe9-4b14-84b5-053c225c4310;Quiz 2745 - poche;26;36.97;-9
0d2e50f7-461b-42cf-8208-b931c9a23fa5;b9073ffc-850b-47e3-a32d-d20832a06b6e;Quiz 276 - tourner;7;10.71;-5
0d4f8f73-9990-458b-95b2-fdc0ade66616;49ffab02-7a39-4c78-88b7-73807335868b;Quiz 907 - marcher;13;99.0;102
0d5e3b5c-d851-415b-9f1d-f831ada07940;3f5080e1-456a-4e25-85f5-af982e39f973;Quiz 1534 - sorte;16;68.14;45
0d99de35-d452-4ed0-bdd0-8c2f63c20279;1884b798-0c4a-4bfb-8380-a1b61da63b61;Quiz 2468 - haine;8;95.21;112
0dad7324-ed1d-4795-b9a1-3e3ce3389ad0;16bf5245-5fb2-41a6-9f2b-61915557a83a;Quiz 4851 - hors;18;40.58;53
0db70272-1c65-4a75-bf80-347f2c99bbd0;9f98994f-0406-4d06-8863-5944e65231fc;Quiz 3346 - mien;17;75.68;-2
0dbab982-6700-4b63-9600-3d45f1f12eb4;8b58c930-9751-4e53-a2ce-52a3b80db36b;Quiz 2263 - blond;25;21.47;112
0dc87700-a904-43b9-8be3-35034a98a7b5;e55599bd-167a-4e8c-ae03-4207fc0f599a;Quiz 2094 - installer;7;49.24;17
0dda171d-d521-448d-bf1c-b42971ac9989;937f2edf-3a3d-4250-8add-4c7825cfb7b6;Quiz 3658 - taire;22;14.76;83
0dda96c0-cfaa-47c2-a7ec-71267bc0e10d;1f37113a-c7b5-4e9a-934a-bbf3535d5773;Quiz 1695 - pourquoi;21;64.02;0
0de515a9-4a96-4db8-a324-0c673125f25f;22ea7111-b4d0-42d6-8498-12f66e51d378;Quiz 1519 - savoir;22;31.09;-8
0ded8412-8f1e-42c2-9b61-5be27a328588;fd743916-c46f-4a66-b80e-79050eb5bf45;Quiz 2482 - beaucoup;23;40.33;483
0df50c6a-e3cd-40c9-892c-d2730f2427d2;7a3a20a4-c8eb-48af-ac0b-8990d2cb853a;Quiz 234 - million;25;55.4;393
0e040495-865f-48f5-a0dd-6fbb139ed930;7e3a2977-2dd2-445b-bf41-f987458d3005;Quiz 1283 - être;12;68.77;-2
0e086fa8-84ca-480d-a7b1-c32a1ba7d7e4;cdf9a4d2-f307-425f-b65a-03b021b4fc76;Quiz 2606 - existence;12;20.82;-7
0e0d1114-c34e-4d0d-bd0a-d34597390513;dfdfe33e-810a-401e-8a5c-e17d95fb89a3;Quiz 777 - armée;12;88.72;-2
0e1c680c-aa84-4ab2-b5a1-bd9e5d8b6f8e;fd743916-c46f-4a66-b80e-79050eb5bf45;Quiz 1219 - nez;23;17.55;-8
0e30b3b0-4714-4e5a-8446-f628cd2d033f;9d2dc9a5-f998-4f86-96d8-da752c1a47eb;Quiz 4596 - solitude;17;84.74;31
0e3428b4-f42a-4c3d-b7d7-679b5a561d61;b9034910-0f79-4dc0-a2a8-20e267a3601a;Quiz 4801 - bande;25;23.31;-8
0e41be06-88f6-49fa-8b55-b7658066b415;25e9a65c-1b20-4990-a71e-eccad62a9d06;Quiz 4102 - marquer;11;72.05;29
0e513bd8-347b-4749-9863-a7c121ffae44;76f8aee1-ae54-49fd-a71c-6996efe5521f;Quiz 4301 - billet;7;18.68;276
0e560584-9432-4fcb-a0ef-8fba32da9ecc;f43ffa1e-43c7-4723-9e30-9f039665e364;Quiz 3566 - social;12;28.1;-6
0e56e6aa-3c91-4b68-913e-e4ed18b098d3;e31ba867-4467-4092-8b68-0ccf4e312350;Quiz 3531 - carte;13;65.1;-10
0e684595-a415-48fc-b98e-51fc78a323c1;fb7cc270-a575-4694-a3e0-6bf00f9dee5c;Quiz 3263 - glisser;21;42.61;37
0e8d65a8-e943-4694-a4d6-e5c39b5667cf;61cfa330-a94d-4268-a6e4-caf9174d8af2;Quiz 3349 - haut;23;39.14;310
0ea5be3c-de25-44c9-bf28-22a847c9807e;069377c3-29cc-46cb-8294-92d5ace79253;Quiz 3291 - rocher;22;41.78;393
0ecc3df1-ad9f-4809-8b27-c4c534217964;249a6ff4-bbd3-4f74-af6e-1163e6c4463e;Quiz 3836 - côté;12;43.71;235
0ee0b203-d928-499d-adbc-4b25ada44543;8711089d-00e5-4bb1-97bc-66ae10ee5ba0;Quiz 2107 - également;27;48.79;299
0eea3518-5e25-4495-aa10-8b5453745873;87503389-3f86-4ddb-8d63-b3e92cef426f;Quiz 4044 - occuper;22;70.44;-2
0ef892d5-024f-4332-bfa0-7407e9234f49;48867ddb-504c-496f-bcfd-5140dbb9b934;Quiz 2190 - eaux;9;57.33;-9
0efd09a5-0703-4737-aa7b-b5e31b995bab;32842aae-25fa-4e7e-a15e-dd05704ccf5c;Quiz 2358 - cour;26;57.1;-5
0f0468ad-2a28-465d-b63a-90500542c914;5cd77065-0ad0-4de4-9f89-96971d6a1b4c;Quiz 3015 - répandre;12;97.1;-5
0f07eae5-78e0-48bf-89c9-ff38af6192d7;1b3fd083-7c9b-48f9-b2e9-b01980dd9013;Quiz 633 - résistance;25;89.25;51
0f0908c3-fe4e-4efa-a400-24e4c60641f0;1fe83c29-e49b-45a8-af45-d25f19042b9c;Quiz 2331 - affaire;24;80.43;-3
0f18f231-b982-402e-bffa-1cf1502cc2f9;9917377b-2720-4c9b-a965-f60a0881700a;Quiz 949 - penser;18;46.45;-10
0f260edd-2c04-43d5-a357-2a1abb706460;101646dc-53ef-4a6a-a798-2c71c6234081;Quiz 481 - ni;17;28.67;355
0f2cdefe-2b9d-4cc5-85a5-a8759527e3c1;c1c84f05-df5c-410c-ac7e-3a65c75777bc;Quiz 1504 - goutte;22;30.71;5
0f34b28d-4a6c-4b89-9dfc-d5da81271980;46e7766a-74d6-4529-ad6e-41864ca32cbd;Quiz 1714 - reculer;29;29.3;5
0f3f4c4a-c272-40b5-82cf-823f4e37cb8b;c37d4a75-837a-425d-85f1-eba3206e6105;Quiz 3765 - regretter;30;34.3;428
0f412fd8-7cc0-4a9e-b896-8d24cecc5a5c;5d16cad6-9c1d-4ce7-929c-53a75cf8e5f3;Quiz 1126 - part;16;48.94;94
0f41ee5e-38df-44ed-aa08-ea0344a2b003;ac1df6c7-981f-48bd-8f41-a208423c30e5;Quiz 801 - joindre;29;99.54;29
0f56aa93-9431-46ec-a515-0f6d78cbb189;9815f3bb-0ccd-4257-abd8-d0179a6f00b9;Quiz 3084 - même;27;50.7;35
0f65ec78-b830-43b2-ba28-ede4237622a3;18372723-c71e-4f8f-86b4-9c1a01875a9d;Quiz 4045 - derrière;11;79.96;-6
0f6bd42e-7144-44db-a1dd-38ebe5031ae7;1b2ae49c-47ee-461d-ac9d-503fcd2c4067;Quiz 325 - écraser;27;40.32;343
0f7cc2d3-9f49-4c12-99d6-b4ad8023a9f8;7a9d33d8-9b51-4362-af20-82e0028ac8e5;Quiz 705 - cri;11;80.54;87
0f7f6ba7-e364-4feb-9b73-18e8c87d498f;a49f5624-dfd2-4a10-bc7b-583552fd5b47;Quiz 2963 - échapper;23;64.25;115
0f821608-a2ac-41c4-b42c-b6561a9499df;4aaef702-7647-495c-8bad-0d0f86966fca;Quiz 1992 - sauvage;18;41.75;227
0f9d6c65-7b99-421c-98a8-c8a9e6830973;c07fd777-7891-4d5c-ba4d-343fd9efb70f;Quiz 3418 - attaquer;30;92.56;-3
0fad6a0c-b375-4915-a16d-12fee11f3ef2;743136c0-325b-47de-9547-ea9fac480676;Quiz 822 - fidèle;25;44.29;70
0fb822a7-66b3-40e1-b759-e208c3db34dc;fb85a484-bdb4-430c-a258-9d9335e1904a;Quiz 3666 - le;25;89.69;51
0fbc903d-6c34-44f0-a66f-6e3e6aab778c;54f033b1-01bb-4bbb-8162-7413098b8779;Quiz 3759 - souffrance;28;19.68;424
0fbf49dd-f8c1-4087-a40c-e3008704e0fb;59a2be59-1777-405f-9d56-572f415199e7;Quiz 4598 - autrefois;14;40.03;-3
0fc7a842-817b-4ea6-bd5b-1a1d8c43101c;cfa1683c-7580-44ea-b4ee-da1cab2d7c66;Quiz 4623 - différent;27;55.46;94
0fd48d79-fb91-4360-ac02-a67a1cbffec3;3f5080e1-456a-4e25-85f5-af982e39f973;Quiz 205 - sac;23;94.92;3
0fe503d0-e272-4c86-88fa-6bf031ff01d7;1bb9913c-d9ea-4437-9e1e-41eed634333e;Quiz 4680 - par;13;21.81;430
0ffd9598-2927-4fff-b661-f44bd5d25906;a794ceb1-5aca-41a2-9f1e-03b9a70b7c09;Quiz 2407 - selon;29;30.57;-7
0ffe4377-92f2-4388-a1fe-1e1310d3c861;9add902b-b61a-41fd-86f1-de3958b0eba9;Quiz 3316 - grâce;18;34.15;38
100c0ecd-ee9a-49f6-9a2d-54aea412b421;36b50f34-c976-4bd5-8bb6-cd1ef46bc5a9;Quiz 3354 - prévoir;11;49.72;299
10146823-d906-42f1-8720-f3edb9fd22b7;2735aec3-5e15-4c20-a4df-30771660f85c;Quiz 1679 - toit;9;27.69;46
1032b096-3bee-4b38-ae82-877eabb337fb;9edbcda4-dca3-4a71-9912-52ca2d715a01;Quiz 4774 - rayon;13;37.45;283
10351bd7-f0fa-4e2e-9ffe-3f0a88625f7a;672050dc-c3c4-45a7-8f7e-acafcf0c2ea5;Quiz 1545 - éclat;5;10.88;370
103ccefd-0a2d-464a-9fc3-a77d640a7b69;5f550c84-ca05-4c2b-86ce-edbd8dab4b48;Quiz 4679 - fonder;13;91.78;397
103f4034-ef5b-4238-9d49-1e8f28d8b785;ae2e7107-0bc0-4f5b-8b88-8e128ddffbcd;Quiz 4176 - vouloir;8;55.85;251
10426f05-fd49-4499-947a-e5c7dc678d20;010a4b27-3180-40ba-903e-8b1e31b55e5f;Quiz 648 - inconnu;19;81.7;-6
10498e0a-13ff-4fa0-bb3e-9cf7647fc6aa;cabd5136-0687-49a6-9361-ca41520d2ab0;Quiz 3992 - rentrer;8;89.52;73
10611db8-e6ae-4c43-a83b-9e7370a3b3e4;545bead1-b4e5-49cd-ab8b-d84c68c3a610;Quiz 3848 - et;14;79.12;331
1068c746-721c-4ddd-8e02-65328cfe8f07;972f1c59-ec9c-42c5-862b-a1d78fbc7737;Quiz 4884 - vide;13;14.4;55
1079c5a6-f733-4e3f-b8f1-5e3d2959b422;1cdad90d-239f-4cef-8e40-e8b8efc43121;Quiz 1853 - tranquille;24;30.96;105
107a42d3-a053-4ea9-a4b5-df9195777dd3;d2fa0675-96ba-41ba-8530-9af062c5fced;Quiz 75 - vérité;29;25.43;18
1085d298-c58d-4dab-b54c-3f2bb4601176;5ed457be-8607-42f1-a9c4-3ec9dcc7a09a;Quiz 550 - disparaître;17;17.87;325
1091d7a9-1462-456c-bf19-ccb4e9392e82;7968cb83-1d8a-4eee-9999-bf4b640505f0;Quiz 2211 - fumer;13;94.66;68
109bac67-939e-4c1b-ade3-0fb4d4cb3570;86ff72fd-a55a-4c40-98fd-6ed0d68b2d48;Quiz 2197 - énergie;8;62.49;401
10b66a84-a922-4fe3-97a7-7c0a8db0d518;bcc02c02-9fda-430b-b554-1692a990bafd;Quiz 3818 - enlever;10;83.1;71
10c1d87b-70c3-4cfd-aa21-0c15b52c0d10;6ce2a6c1-dd45-4e81-adb8-00bfa82964de;Quiz 2051 - éclater;20;87.98;-1
10de7a6f-0648-4dfb-8cf9-6911626513c3;21f3721a-e524-492a-8b1a-fa677a5498a1;Quiz 1709 - elle;24;30.47;-3
10ef2efa-e45b-4eef-aa79-fc6b4c414ebe;ff4871ea-2754-425b-b748-a93fecfd8a0a;Quiz 2871 - chanter;29;68.07;-8
10f81ac8-7b65-480b-9b3f-c6c82711d222;5a867106-641b-4190-a20a-5f3c8470368f;Quiz 2717 - extraordinaire;10;91.88;298
1100849c-0bcc-44ff-8a82-8137a71c695c;89e43a65-d5d8-4db4-aadf-9f0441e79c51;Quiz 4080 - glace;26;42.35;252
11044c09-d696-4603-a443-c97339655345;c46bbabe-72b4-4a42-a42d-b99c675ddb65;Quiz 1393 - seigneur;16;50.71;-8
11144ac3-d017-407f-959f-5b1e154ba9a4;a196b466-6812-4505-b559-b5eb1590e95b;Quiz 2663 - contraire;7;45.42;91
1125e886-de9e-4367-931d-1f26b815c9ff;aa5db194-687c-4e91-b795-278a2b830f8b;Quiz 4635 - considérer;23;30.13;45
112c3de0-13cf-4123-b6e5-20fbface74e7;9a952d45-5149-404d-be40-c9c38f18790f;Quiz 2210 - où;14;81.55;-6
1142063e-a376-407d-8d58-9bedb9ae0e15;a938a85a-4ba3-47fb-86e7-a0dedeef63aa;Quiz 2274 - palais;26;53.24;268
117490a2-5b48-4135-a1d6-5f8f137df5e9;d007cec4-9a3f-4675-917f-0ee1a875c266;Quiz 2400 - cri;13;41.52;-7
117e0d8a-cca8-450e-90e3-b4ee3ff25672;1d557647-7a59-4301-9c85-e33e7a20568a;Quiz 658 - étaler;29;23.03;315
1188eacb-ceb8-4838-8602-c59aac8b5f68;ac1df6c7-981f-48bd-8f41-a208423c30e5;Quiz 3802 - dernier;17;61.66;314
11c5df03-96b7-485b-a066-82e66060a3d4;f43ffa1e-43c7-4723-9e30-9f039665e364;Quiz 967 - regard;23;40.1;66
11c7f164-d374-4cc3-81bb-470dd1bf711a;6b23d6da-fb0a-4266-86ee-aa695bcfd278;Quiz 4210 - grand;6;44.78;-6
11d713bb-e04e-4bb8-a872-e0cbd4e91b62;0996e781-c38f-473b-8bd1-1fb2340c1923;Quiz 381 - soutenir;15;34.76;20
11da8d6e-d72b-49ff-b00f-e12e1da0fcff;2b1074c8-af05-4f33-8c2e-65e7db6483e4;Quiz 3027 - bout;25;83.24;-1
11f04519-f50b-40e6-89b7-8267f926975f;6a8f65a4-66ec-4077-a5e0-be62b6d4b847;Quiz 2201 - un;6;44.11;-8
120a3e83-18ed-435f-ac27-f86b8b3f55c3;40bbd20b-a498-4767-8bda-2bb38a32c508;Quiz 4548 - toit;16;89.57;-9
121639bf-1152-43c5-a092-3613e6f01263;03b3dd71-b605-42fc-b0db-43dceb73a410;Quiz 2071 - précis;10;86.92;-10
124ecbb1-ed02-4490-936c-b3dd69f977c3;5674a425-6135-434e-8e0d-c4a42d70c3c6;Quiz 1859 - mort;22;77.38;0
1256825f-aa5b-4942-9f80-4d9180216332;c7016346-4dde-493a-95a1-fae636ce142d;Quiz 1522 - disparaître;8;48.47;0
1257583d-bee4-4311-af4f-5ad889d45599;89425ee1-5022-4922-b0ad-07ef82557fb5;Quiz 3768 - vers;8;18.42;-5
126436ee-b5bf-4971-8a07-b6665db6eadb;a38081e5-ea94-4aae-8917-4b52bdb02971;Quiz 1560 - humide;10;34.66;-5
126fd82f-fc9e-414e-bd39-aed377bb5463;1b2ae49c-47ee-461d-ac9d-503fcd2c4067;Quiz 3956 - président;29;23.52;23
12817211-d055-433b-96cc-85a37c1a639a;b8933d50-af1f-44fb-803e-ad0e38ebd258;Quiz 590 - danser;16;70.54;31
1282ca91-a917-4866-a1a8-2fabf8f04b25;d4cb13d9-ef07-4b2b-b040-ed967aebe6c2;Quiz 3805 - attirer;7;31.8;-1
12a516ba-6864-42cb-b203-3b092feb7229;7a4f366a-bbb1-4ce2-8e43-8ee8960d1984;Quiz 727 - camarade;13;80.39;247
12a5a92b-8e1b-4642-b460-06d63f6ec51e;7c4b9d1f-a2a1-4cf7-8908-c524983f345d;Quiz 2713 - confondre;8;43.17;0
12ac9917-5dab-455e-8708-0a33e6e18e47;5f550c84-ca05-4c2b-86ce-edbd8dab4b48;Quiz 1658 - causer;19;56.39;367
12ad7725-3327-4e2b-9cb0-cc649de2b897;0ee2960a-ac71-4eaf-930e-8699b03e99ae;Quiz 1509 - effort;5;95.52;-9
12c6da52-f611-4783-be89-c2463cac1a97;6552f034-1f92-485e-a590-4dea4405ee9d;Quiz 3878 - arriver;30;44.55;385
12dc398d-efc4-4b39-a199-f7b47cdee729;e1f8a1e0-8f48-4269-abc8-cd6237c7c5bb;Quiz 1207 - inquiéter;9;23.72;277
12e1430b-00f6-4d80-95b7-af0af1edeb01;a2625082-c8ca-4c1e-9e10-12f05cefc471;Quiz 111 - important;11;69.61;440
12e6a0cc-c609-4b0d-a70a-7c5d90bc616d;23702764-140c-4ce0-894d-34f9f006e436;Quiz 1672 - chaud;8;50.68;-8
12eae4eb-4e02-49d6-bfa8-1464ff32fab1;7c0a7aca-ca10-4d41-8b38-d155a68575b8;Quiz 2911 - mer;15;93.28;317
13009dd5-e1fd-463c-9df4-f125be29fe34;3f16d8a7-b519-4a9f-85ff-5852b448528e;Quiz 569 - voyager;17;42.22;51
130c2ed0-2ea0-4ec6-8b58-0fd7bd6a71f1;36ea7c98-135f-46f0-9ed8-1018fc4f7d4b;Quiz 1819 - etc;14;38.28;-4
130f299c-f8e8-4abc-82f4-7df32c99acea;2ae021b0-3976-4533-a368-638964e181d2;Quiz 3906 - horizon;7;14.71;412
13165680-ad84-4951-aad3-dc2f52b5dd13;f43ffa1e-43c7-4723-9e30-9f039665e364;Quiz 2439 - fin;29;68.21;-8
131a090c-7dea-46c9-8a3e-08939b8b9bdc;c1c34041-d4d1-439d-b147-6b6a3717e684;Quiz 4922 - haute;30;69.5;328
132cb2a6-1e71-4b62-8e3f-ce8612a16832;563cd75f-4ca5-4817-8086-65606be78015;Quiz 2451 - tuer;5;40.55;-5
133ad9f7-c0fa-4481-a9b8-0d0469be2a46;548b6a33-f4c8-4bef-8cb4-9354058ec650;Quiz 3306 - chacun;12;82.69;-2
13419cb4-a9f2-4feb-a777-f3876b71bd2c;e86c8d72-73d7-4492-ab97-d27248abef4b;Quiz 1064 - beaux;10;10.19;-10
1354494d-c41f-4be8-9c04-937a7e790991;0b0d3678-1c43-4bcc-89b3-6e4ae880383e;Quiz 3098 - ah;10;57.73;0
13664dc4-127f-448c-83a3-b5bca11823aa;ba3247e8-e435-46bf-adc9-2ec4f2cc9db5;Quiz 2162 - après;22;88.09;-8
13804951-295e-43e1-a8b6-bf3a432a8e98;b9ea755b-23a4-46ee-af84-795fef326fef;Quiz 3795 - gagner;11;55.2;482
1382d777-44ae-4324-b5bf-2c1da555df33;5a971016-3275-4761-acdb-0d1b9413a7b8;Quiz 1878 - conclure;10;93.37;20
13988f18-c039-4521-ab67-657db79e1c03;3863b494-c94e-4ec7-89ba-a6d17cb39c46;Quiz 3282 - grand;15;26.27;29
13a2ae70-4e27-4d1c-b655-09d5f9e58572;a4b6fd96-8b42-4bfe-bfec-7853493833cf;Quiz 9 - condition;27;31.0;-9
13b65917-09a8-41fa-90f7-99cb0c8a0bd6;31dd9671-395f-48b7-856c-62b8897336cf;Quiz 916 - jeu;20;83.34;422
13c103e5-eb06-4429-9f55-c11c05162ba8;0b3ca321-ad70-4996-98ed-0cf03de45837;Quiz 861 - roi;9;98.11;49
13f21624-9a7d-4dc5-be86-b9f57cc11676;24946152-c993-4977-b739-8524ea5e827f;Quiz 2070 - calme;22;62.55;280
13f6848c-e9b9-46ad-b312-360699fbc530;ae90f40d-3cff-49b8-83cf-7ce8738eefbc;Quiz 4150 - attirer;15;14.18;-7
13f9a02b-af60-4ea9-97e7-69ccc573ba51;41114c4f-c1e4-4ff9-8b39-5aeb437da94d;Quiz 168 - faveur;14;38.78;19
140a8952-b4ab-4cc2-8560-fed2d7dacb76;f00bab09-c4ec-40d6-837f-e7b7a6f3e597;Quiz 398 - anglais;8;83.37;38
140f86de-14be-47df-b180-1cb9811764da;193558e5-dfd5-465f-ab4a-537b80e85c13;Quiz 1183 - grâce;23;52.49;109
141a14aa-d6d0-4efb-9b21-46b2a8da552c;0f003329-0804-490f-ae4f-c5d1a480b985;Quiz 3888 - mur;14;61.23;-2
142df1db-f8d1-43ba-84ff-95134a24d326;bf72c165-6c98-4ab8-b24a-050889d7f2d2;Quiz 3421 - rendre;20;20.84;-3
143fe5f8-1451-49a0-b317-e8a721a67f1e;a718a85a-85d9-491f-86ae-428166feee51;Quiz 136 - plein;22;43.73;393
1453af27-173c-4677-9257-0e5a37cca771;8ff646cb-e1d9-4d90-92b4-ba7fa323db53;Quiz 2825 - croire;19;21.6;14
1460d9e9-74c4-42f7-b787-ca94a577ea52;ed2c2fae-d407-4254-985a-ca4e003d4ecc;Quiz 3056 - curiosité;9;89.24;-4
1462dce8-0fda-4d18-bc30-31732621816f;005f853b-fbf2-4b98-a51c-e04307edd95e;Quiz 1785 - écrire;25;82.47;329
146b399b-3c00-4c7e-992a-0b644688222e;9c22a22a-b367-4356-839f-48be28b527da;Quiz 1593 - premier;28;81.44;27
146d6268-82c8-402b-bd4d-4b1014026e34;fa247409-6e07-48df-b2a7-7c7959de000d;Quiz 2381 - paysage;7;55.77;69
1472d41f-17d7-4d82-b90f-a9984b9c5432;11aa57c7-c1b1-4060-9be2-4ef0da6489bc;Quiz 1499 - après;28;85.8;398
147feca9-1cbe-409f-a878-ec898a9a27b8;06f47c1b-239e-4464-a989-f7ecc5b12b35;Quiz 950 - ailleurs;30;51.79;447
14873bf5-80cc-474d-ab53-a5348c31a88e;3ff58102-282f-4d7d-9941-e8e0ae3ba111;Quiz 2245 - hésiter;25;57.21;80
148a263c-ebf2-470a-b6dc-ebd5dffea8ad;f09f27ee-35f8-4117-a859-23da7d269cf4;Quiz 4954 - public;16;20.5;95
149c1c04-4b76-4711-bd48-13acfa935d68;8078f005-05e7-4fc8-84da-adb98027bb62;Quiz 248 - billet;8;87.92;64
149de473-8a30-4e87-bb30-81c42c549c9c;0b3ca321-ad70-4996-98ed-0cf03de45837;Quiz 3492 - boire;14;50.67;480
14a69737-17b4-4df2-96f9-c331fd82ae5d;ded4fe0e-df14-45b2-a4bc-01daa1eb74c9;Quiz 3935 - monsieur;20;57.02;103
14bd5260-106b-4630-b3b6-eb5b7715228d;c5d81080-fe9c-4004-9451-4ff93fe1f426;Quiz 1588 - contre;7;74.58;435
14c506fe-2aaf-4ab1-b303-c79ab5abc331;1f1fcfc3-f5ed-4175-8dcc-492e3a46f60a;Quiz 3884 - discuter;27;96.93;81
14c9ee9f-a864-44b3-9307-e30aeef6de00;c7a21da8-e390-4a6e-9631-de0e8566eca1;Quiz 4819 - front;22;97.44;348
14d07542-5091-4abe-90c5-42b1b158e934;01d27047-f636-4bb1-a237-4f3e06df0bf9;Quiz 4971 - fou;24;84.84;-9
14d10d26-540b-4cd7-afb8-4825a0dca1ed;532e3370-56c9-4144-833a-702a43909498;Quiz 2548 - brusquement;15;69.37;391
14d3e93d-c311-4e53-b242-eb39ec575c46;9917377b-2720-4c9b-a965-f60a0881700a;Quiz 3061 - éviter;14;83.5;259
14d577b0-4224-4410-b0e1-183aff174031;b937975f-a8ab-4c3b-b93f-30ae023c9ae0;Quiz 560 - résister;7;18.58;342
14e16002-29bb-4e61-83fc-bb9dccdd9630;40bbd20b-a498-4767-8bda-2bb38a32c508;Quiz 4559 - palais;19;99.49;48
14e3c2c6-242d-49dd-a805-d107ffe2b74e;69368a2c-e69f-4abc-bcc3-5d75a00b4d4b;Quiz 704 - moment;9;47.47;373
14e6cd3b-a608-4620-b318-bfbe57b6a459;bfd41e92-ffdf-44c2-982d-b94900b929c7;Quiz 4 - appuyer;27;44.16;81
14e7c5d9-8465-4da6-abe4-144989ec317c;83f269f5-c47e-4cae-aa43-0d0073ac2883;Quiz 2919 - sauter;11;82.1;-2
1513a04f-c21b-47ba-89ab-b125209137aa;a255a97f-ceeb-4796-86aa-6c28c00341eb;Quiz 1844 - mouvement;27;78.73;35
15296d72-cd15-4a85-b384-32069a91da99;929a9f04-392d-46a3-87df-c142d9ec2c1b;Quiz 2259 - inquiétude;17;50.44;-8
153415d1-25f9-4305-95fa-bc0c9818ab7a;07ffb941-0cea-4f67-be37-4347ade6ecae;Quiz 1864 - est;6;17.43;7
153e5dd2-1ccc-48bd-828f-9567b60e218d;43497996-0e43-455b-b7fd-9c6c3441730d;Quiz 759 - remettre;25;29.2;76
15427778-4219-455e-ae35-8c7fd243a64d;a0aecea0-8803-4629-87c1-f88c4054cd75;Quiz 711 - être;5;83.88;-7
1544617a-ce2d-4124-b3ae-96ec8a9ce8e5;4d148bc0-d4a9-48ba-b8a5-2d15e549d2d9;Quiz 464 - espoir;7;62.85;87
155d0527-8616-4547-a193-168ae30de49a;7e5eeda1-69a4-4ebf-b3bb-2f0078c8a01e;Quiz 2264 - traîner;6;21.8;331
155e08ea-410e-4d22-a0e9-bb05f70668ba;ff9d5d97-b2cf-4bb0-9533-1bbfb2cb35c6;Quiz 4214 - naître;14;41.02;120
156c61d9-6fe9-4ecb-b153-193f0469b4e0;322efaf7-76df-4550-b16b-c34233a22f74;Quiz 4520 - sous;18;75.3;-2
159f7a6b-17be-4dc3-84eb-ad685a30ea9d;679a5bed-77e6-49df-8863-7a0fd1ca29a3;Quiz 2704 - cesse;15;91.1;-8
15a79cfd-71ae-446d-90a1-7f670f80f821;c20a1481-e9b2-4951-b08e-2a76abb145d0;Quiz 4916 - interrompre;28;34.91;307
15a9680b-14e9-4353-8664-715d1940e103;a90a66e7-ac6a-4b37-81a2-c0ef92b60cd5;Quiz 1806 - endormir;16;36.98;-2
15bef82e-d295-4ac8-acdf-8e3248f62bad;4462f8b4-43ea-4345-b8c4-07d3f91a97e5;Quiz 3709 - certain;30;58.03;326
15c3b282-5138-471c-9a66-3ed7a1e080ab;b9ec29d0-9f6b-48fc-8adf-4d367b6b7139;Quiz 4268 - respect;10;48.9;4
15dfe97a-bb44-4b18-af15-0f684c2034e5;d2d6938f-e147-40f5-bdb9-41608612f54a;Quiz 3667 - sept;9;70.91;60
15eb54c0-7050-428d-979d-921d139e1f01;a5e14f7e-4f05-4497-a046-75bd5c0f9646;Quiz 800 - quarante;28;32.51;272
15f70925-c60e-4dba-a3df-49719ebf6007;943a5cc2-2b2c-4462-9048-cc60a2f92ba3;Quiz 128 - intention;25;79.14;-6
15fb483a-b715-4121-a243-0fe86aaada34;010a4b27-3180-40ba-903e-8b1e31b55e5f;Quiz 431 - oeuvre;14;77.08;426
1605cf54-5d9e-4c66-96c0-6a569cc88132;e048d7da-2eb7-4732-af40-29bf0d9eb029;Quiz 223 - créer;21;40.88;224
160b94e5-99e7-4cef-af05-5b39f4696ea7;762fd227-360e-45d4-b431-fae58293c4df;Quiz 3560 - lettre;5;45.59;312
160ce035-7f5a-4480-bb49-9a972437f515;4192827f-b557-4c1c-92b1-96a3493c68a4;Quiz 4401 - voile;24;83.9;53
161de20a-4aea-4197-8d1d-c9ca20c38ad2;c0ac4652-4240-40ff-8c29-ee165effface;Quiz 86 - muet;29;77.41;-4
162df1a4-192e-4f70-a270-eb521a2f7533;e9bee3ed-fa9e-4099-adbd-3c09159ba9d2;Quiz 616 - trace;25;10.18;209
162f93ef-7818-4572-a784-73cf6bff4969;6184b2cc-54e1-4875-8722-e34cbad51fa4;Quiz 4043 - taire;22;33.17;92
1630734b-d4c6-4974-9707-b2b444c4374a;ab6e207f-6f20-4b15-ae23-30dd74f7ddbc;Quiz 4134 - yeux;29;26.69;442
163eeaa9-092f-43c2-aca7-469f24351419;563c58d1-97f9-4595-bd21-39e4d90137bd;Quiz 3251 - révolution;21;96.41;440
164e5b1c-11b9-4b76-b39e-0aec44454e95;aeb427fb-ff8b-4737-b7c0-ef1ccfb0c786;Quiz 2783 - quarante;21;42.21;38
1663eec7-55f0-4678-a558-1aeefd763eb0;f85d5820-19a9-4aef-954a-9d1fc0a5daf6;Quiz 1089 - peser;9;16.78;46
166bc31e-0a0f-4d45-89a0-29957a231b26;470b8bf1-8ef1-4720-84ba-ce92e67e94b0;Quiz 3649 - remercier;13;18.26;-4
166e5491-4b08-4c30-ac1e-c78ec5ff766d;6fb7b841-06fb-41ba-8579-6c8acd0d9859;Quiz 4632 - marquer;14;18.87;16
1673d2aa-ff93-4d1a-a13a-a2bd2488aeb2;6862e894-5f0c-42e3-8568-b28ffbd9b645;Quiz 1514 - véritable;15;53.46;46
1675cc27-c740-45d4-9599-01628626f040;e1eb1eb7-a24c-44cd-8999-bc951a0e45d7;Quiz 3367 - sommeil;12;12.21;-6
16780618-c27b-4019-b3ae-b15c9d96a92d;5d16cad6-9c1d-4ce7-929c-53a75cf8e5f3;Quiz 3630 - cabinet;20;29.76;-4
1679bd77-b692-4337-b9df-43d482e8c7d4;273a0a87-bfaf-46dd-b705-36f16409cc04;Quiz 4638 - complètement;17;41.81;-3
167d23d0-7cc0-47d6-850c-8ee65e0c9d7e;c6a9fb91-c7d1-4e5e-af94-ce9991a32dd9;Quiz 4115 - lutter;10;81.62;435
1694f16a-ce0b-4790-879e-0b64107925ff;2f0e328b-d3a3-4acb-a6ba-0419622b6df5;Quiz 4175 - sens;9;77.18;73
169fb23d-4cd9-4e9d-8062-39ef53f66c08;30e33ccb-f00f-41fb-a161-4a5c448a85e8;Quiz 1210 - rappeler;16;83.3;55
16a6985b-9eb8-47af-a023-d87a75577e3e;6f7baf11-ece6-496a-9e21-df1470a086ec;Quiz 265 - instant;12;66.59;-2
16ab2949-309f-451c-98bf-cd6061efa6ed;a1120368-8aea-425d-8848-bb631b8a7765;Quiz 3691 - voiture;6;99.46;234
16c35449-3f75-48c2-b795-b92776b67af8;b8f6ea3c-b409-46ef-81b0-9f002dba62fe;Quiz 2724 - personne;29;31.05;85
16c778e4-f0e6-4dd9-a4af-465c9064cb3e;b5fa7ad9-072a-4675-be56-6b4dc78b99bd;Quiz 76 - forme;9;16.05;231
16e89b1b-cbf1-4170-8f42-ef25a5e34f74;1768b552-9c73-4442-ac82-12d480052a8b;Quiz 3689 - acheter;28;27.76;64
16fcbc07-c79c-40ba-9d69-7bc1276552d3;0fbf6f99-8166-47e6-8d60-4e505c0dbfc2;Quiz 2818 - sauter;30;62.87;88
1704dd24-588a-45d4-9e1c-c0a2373c1d45;9a50277e-4b94-4486-9f6b-f51ee515fd20;Quiz 1540 - remercier;23;48.69;33
172d4a31-ad27-4219-8bd9-efcdd30b1d85;3de0ab81-b712-4ca2-a037-75d95930e73b;Quiz 3657 - droite;25;47.53;-6
172f019b-d513-420e-9c60-2b2194d26304;9815f3bb-0ccd-4257-abd8-d0179a6f00b9;Quiz 1684 - ruine;15;50.23;38
1730640d-f3a4-4918-9d13-eb3d0a701138;ee16d3f9-e41c-45b3-a5df-27adf3c9e3ea;Quiz 2195 - forcer;22;61.53;251
1731a81b-a12c-403e-9f31-f0fa3e872462;a890a664-bff0-4de1-9831-c1c6f3a7b6d1;Quiz 2170 - préparer;13;91.77;476
173d196c-f018-4ca3-a9d5-1929fc963285;33b7b65a-6fa9-4aa3-a960-63e9456a69b2;Quiz 4875 - puis;5;69.96;89
17401b7c-dbf7-4240-81af-d5d86129e99d;c0ac4652-4240-40ff-8c29-ee165effface;Quiz 246 - asseoir;20;95.93;-3
1753b7f2-8f44-4798-a2bb-6c559979e1e1;46402936-0188-496b-ae14-abbd6727e762;Quiz 1325 - fixe;8;96.55;-2
175fa180-ede2-465e-b07b-b520289fa897;cf6eaf8c-1abc-4e59-8bce-581555c4043a;Quiz 3125 - rire;27;19.73;0
1767d7b7-5e88-449a-8ffc-f18c5f4632f8;d9910e24-a75b-4fc4-8049-8e75f2757361;Quiz 2409 - bras;26;96.93;0
1770a8b9-8ca1-48e1-8b2d-c1c460e60125;7ce49322-48dc-4912-985d-cfe11a81a84c;Quiz 823 - non;19;21.16;-1
1771faa5-388a-47dc-b5dd-2cdfd607c0b5;881b422a-5016-4ad7-91c8-5afa5660abc3;Quiz 3199 - interroger;24;76.3;73
178f3c30-7307-48a3-90cb-b3dfdbfd023e;72e97835-30d2-4325-906f-90db8aeb29d0;Quiz 2813 - suivre;7;29.31;255
17a5b4b6-c904-40b1-a5de-2ce14719f9ca;9939863e-fbca-4ce0-b64f-e4f539e6d904;Quiz 2328 - tel;11;21.37;-8
17bbdf57-63af-42e8-9811-c67cf7babf1c;f90f286f-a224-4d98-b073-4c2e40e54ad1;Quiz 1640 - armer;14;32.44;226
17c7fb69-6edf-4203-89b7-34efbad60ba6;8fa42a52-a6b9-47af-910d-573059985096;Quiz 4630 - oser;27;56.75;73
17cb984e-3b98-457c-8d46-be48b22d2cc4;9add902b-b61a-41fd-86f1-de3958b0eba9;Quiz 2045 - porte;18;99.14;-4
17d1476f-28fd-409b-a840-33840cbaa684;f8ea210a-7458-4930-9c9b-96ca75ec43ca;Quiz 1048 - conversation;19;16.21;-8
17d7df0b-0fba-4163-b7f3-d27190f593f5;22ea7111-b4d0-42d6-8498-12f66e51d378;Quiz 4913 - décrire;27;12.21;364
17eb2d40-bbf0-4b2d-8ee0-e86c7172c4b2;a35b2f03-3278-4c91-a7a4-eb845e735bf0;Quiz 102 - genou;27;18.24;248
17f2f1e3-6c04-4579-8355-dae735b183b8;6f23f873-e6da-412a-b1c9-ed5f5d7c27f5;Quiz 3382 - prochain;20;72.61;99
17f3902f-ea99-46fb-979a-a0eb998ff0cc;aaa5b4f7-9205-4977-bb35-b6fd5981e7bf;Quiz 3256 - fin;25;48.57;384
17f5aa5d-0b83-4f22-a6ce-c431f6b65e75;db968aed-bc1d-4b33-a0d4-126b2446bcc2;Quiz 1260 - écarter;26;63.2;252
18032e8d-a973-4d25-bb8e-7d340ac3db87;092a687c-7403-4324-9c18-842abba34245;Quiz 1110 - air;16;52.57;-6
181b8c92-870e-41e6-96f7-65d2e7437630;389c99ba-3196-4ed2-8b1d-3cf45c88e53c;Quiz 2978 - bras;12;35.29;-3
18436038-3ce9-4b03-81ef-7541e6c84935;0335daf0-377c-48b5-ae55-f7717c9954bb;Quiz 1699 - briser;19;62.23;45
1845b70f-a9b9-461c-be66-f6ced8fb0a3d;b99280f7-b28f-4b22-b84d-e3cc6918cd49;Quiz 2809 - lien;14;15.21;-8
184e42de-13d8-4e4a-a2aa-c3e800a285b6;23f17efc-a89c-440b-b1f5-f1612967972c;Quiz 781 - supposer;22;98.13;228
1859c4f7-13fe-48ff-ae7c-fc2714ac3629;8ff646cb-e1d9-4d90-92b4-ba7fa323db53;Quiz 2218 - lisser;21;56.93;66
185d1a3e-34a6-4962-a468-bb89cc748bb3;cad285e5-fd8a-430a-b160-70a7b74499a6;Quiz 2199 - centre;29;88.09;226
18638b40-9644-41a0-b568-52da57d69314;3d8f6cf2-96f7-4681-96f0-d22ac2351ef0;Quiz 4676 - séparer;13;70.53;35
1870ce0c-caa9-4fc7-86c8-7b6fc5bd1d4f;6ef262ec-2985-466b-8244-6a86010e4a88;Quiz 4257 - discours;25;71.43;291
18734dba-ff28-45a0-9a66-38cffdf96402;606c593e-fd1c-472e-bbb6-052e1e0b5bb9;Quiz 3113 - entre;7;53.67;-4
187805b7-d98f-4913-bee4-7964e2bfe3c8;c28e4f38-bb44-406a-b438-406aa618fae6;Quiz 1249 - comme;25;21.82;-2
1892b7eb-69c1-4b81-b2c1-9a84a6a57b67;5b3af18c-1a50-4d86-a3a4-55f20946b66a;Quiz 2209 - doigt;20;66.33;-9
18995df0-d2c4-4a27-9534-f41c8494a03c;92e2b635-5f99-4fca-b4ae-5bdc9fbeb7cd;Quiz 3301 - événement;25;11.55;308
18a27221-b096-45fc-ab26-29c0de4d8b8c;f0ab2022-8ca4-43ed-b178-1b3e3b2163e8;Quiz 2692 - cesser;12;34.55;0
18addc3f-e235-4270-b323-9fe1103e407a;3706ea4e-bf00-4c7c-addc-7d3143ade294;Quiz 920 - cri;16;26.5;-10
18b004a7-55d7-4ff0-9d40-90385c9e707d;76a357cc-5d2d-42ed-92ee-2304d23188c9;Quiz 4329 - cheveu;16;21.04;375
18b13aea-b45f-4fa0-8178-8674e1ea0d0f;9e7fb67b-1725-4927-aa54-909e58d3a2b3;Quiz 425 - militaire;20;31.91;-6
18bda0fb-e4ba-48c8-852d-749df87e9fad;2de0ad2e-e29d-4284-ba77-82db31447e1e;Quiz 3967 - condition;13;97.77;55
18c03a11-780d-4058-9f4f-00f8e1683af2;bd7e7151-7e1a-48f8-9d92-7fe58998e9b3;Quiz 3283 - prendre;15;42.12;411
18ca9a01-d84a-438d-80a2-80baacae19b0;5f2e9ae2-102e-42d4-84af-c7a380eaa5bf;Quiz 1570 - exiger;22;62.17;266
18d1da19-17d4-486d-9e47-513f0fc469d8;e3053f3c-1e06-4ac8-9700-73163399fd24;Quiz 866 - retrouver;18;90.46;-7
18d563cb-50c1-4dae-9267-e2bcdb52cc38;7e64f389-b7fc-4d30-a22d-42e7e6c8f26f;Quiz 1536 - proposer;6;79.66;5
18f34422-9f49-4322-8b97-4f91f965efd1;bccff54f-efcd-4b85-bc76-696e39de4b22;Quiz 4144 - rôle;21;82.21;117
18f3504b-5d35-43e5-aa3f-42eee5098cd6;5052879e-e586-43b2-8cb0-eceb46250ce3;Quiz 1617 - rapporter;9;90.03;229
1923ab95-3ff0-47e7-a6f6-c1d41250efc1;b3914a5e-6e14-4f84-bf53-89cb9e348800;Quiz 941 - puisque;29;44.17;-6
1926e66f-3c2d-458c-a650-bec7b0126c94;199a09f6-17ac-4d54-bb86-56fb2c6b596b;Quiz 537 - complet;18;99.58;367
192c40ae-202b-4bf5-802f-1fa31e46a503;1a8ba412-15a7-4e3d-86af-ceaed4aeb4cb;Quiz 3673 - jeu;29;72.98;16
192cf7ed-c8f6-4a87-8d17-04ef1009c017;cef2b973-c9b5-4c09-a559-c5f4b12331b7;Quiz 886 - tout;8;31.34;104
193a2183-ac8e-490d-8988-b90b7d68ae4a;90b26073-e085-4188-aa3d-857028835d14;Quiz 1350 - chaud;5;82.3;-6
194f5bfa-cc7a-42b8-9906-c7f18fb9b3ad;158f0d6a-5624-4268-bd09-d639ce7706ae;Quiz 2378 - le;22;11.38;74
196f1c3a-af1c-4925-be72-f35824566bbe;601aa86e-5685-4c27-8103-40219d73b01c;Quiz 3808 - art;21;58.67;55
1971e559-c378-4294-8ea8-28f32ca3ff26;45681588-737e-426b-956b-05630d68e6b8;Quiz 2129 - répandre;28;85.49;-3
1972893d-5c17-4a57-81cc-1814d849f256;d92d53a4-841a-4654-afec-ef728c3cb2e3;Quiz 1177 - intérêt;13;12.63;108
197a368b-847f-4cfc-9cc6-157507d21fae;ee5a6781-4b3a-4700-80b0-06c7adbf07ea;Quiz 3271 - avoir;8;71.65;74
198eced2-1390-42ec-ace2-f6334b323aa5;6184b2cc-54e1-4875-8722-e34cbad51fa4;Quiz 607 - que;23;13.39;0
19cf3952-0eda-4edc-83f8-344decd49842;22ea7111-b4d0-42d6-8498-12f66e51d378;Quiz 4407 - mode;17;42.88;103
19da5098-a1d4-4d70-bd98-eaedd77c0473;cffa4473-969c-4191-b48d-19286e2e02ea;Quiz 272 - ton;20;79.1;-8
19e3c716-6bb2-46db-9765-518f8215582f;069fd72a-5b01-44ce-8f44-63bc88e8a375;Quiz 4699 - plante;30;59.66;69
19e89029-9bdf-4382-90c9-02bcd5d152bf;c8e9e43a-681c-4ca0-9742-d85e11e715dd;Quiz 2467 - choisir;25;66.52;-3
19f3a725-8607-4d1f-939f-316ab382194c;9053f9eb-7370-4cd4-99b9-e6fc778753b1;Quiz 4849 - un;10;91.61;101
19fe1222-7c18-4a29-a086-971bf7b9ddca;6fe5061c-8edb-4681-9aa3-c17dbee19f12;Quiz 2894 - importer;11;61.13;284
1a18e770-7567-410c-bf2b-48396f84be7f;62b2fa02-e303-4351-b65f-ad6e72e7a264;Quiz 3558 - interrompre;22;13.93;-1
1a1b9137-0f8f-45a1-b5d5-dcad66e33f44;5b098449-da2b-4e6c-9267-0ef662f92f08;Quiz 485 - étaler;7;47.63;54
1a253a9e-533c-49e3-a370-d6852dfeab5c;7375a627-19f1-487c-86f3-f89f17e3502b;Quiz 2244 - haut;20;72.45;320
1a29b88b-dc5a-4049-bea9-917f0c9481a8;f9d97dc3-457b-4f3f-a296-5524a87a2e82;Quiz 858 - faux;8;45.49;23
1a35ff6a-3ecc-48b2-946f-b413ed253409;13f33a79-a0cc-4909-9df1-e391beebb4ec;Quiz 4536 - nerveux;18;62.46;32
1a37824c-5950-4c49-b7f2-f5c790bbbdf9;f22ea8d2-069b-43d2-9ad1-6660fc571260;Quiz 585 - journée;7;74.76;112
1a3e4457-fbe9-41b4-8d4d-c3c885e1352b;8b78331f-11a6-45a5-a3af-24b90b3fd763;Quiz 2099 - jeunesse;11;13.01;17
1a4e3d98-bb9b-498a-a33a-f44cb228daef;4e01e0e6-0778-4091-841d-da6a888204a9;Quiz 2324 - succès;28;60.76;73
1a574089-e118-4ca6-b80e-6fb5e21e0ebc;1011c592-664c-4c06-88e2-7e35a48944f3;Quiz 1040 - ventre;7;46.78;268
1a5e0fb3-dbf3-441c-adc3-90c5a14d283b;d382dd35-f193-4be0-8ace-9c7dfd6ae1e3;Quiz 1142 - attacher;25;91.63;0
1a78896b-2ef6-4946-b0fa-695737909d30;af5ba9ab-fb45-4da0-aa75-0886b6aacfe5;Quiz 2836 - campagne;10;54.74;119
1a84f542-75a3-49ef-976f-2475ebfa33b4;e63ec7d7-2796-4def-92de-99ac982bcfe4;Quiz 2827 - tourner;9;44.57;-10
1a930443-1af5-49d5-b6e5-b053d3f59a10;eb10e230-80e8-43bb-9fcd-46cf98ef3656;Quiz 3822 - faible;26;91.09;73
1a99356c-fd56-42c8-a8ec-f84137643ccd;0d5e37f7-c287-4584-bd2c-cb8b3b89fb62;Quiz 3130 - retour;10;54.0;76
1a9f082d-252c-4a3d-83af-0f398c3a2a6a;3706ea4e-bf00-4c7c-addc-7d3143ade294;Quiz 534 - fonction;11;60.4;-1
1aa0d872-09de-4fa3-a032-76e4429ec654;7e9276f8-710f-4278-9035-878d5fbace6c;Quiz 2856 - repas;13;66.98;332
1aa644c7-1379-4141-a177-5e5e81dcec9b;17515393-40c0-4986-bfb8-7944c85e6c85;Quiz 4840 - convenir;12;66.89;-5
1ae025d0-3044-4b8c-97e6-c3fee5a2e079;a3586d65-7d93-42b9-9d4b-d3d619c4bb99;Quiz 3116 - plaisir;14;39.22;-3
1ae0b508-f8d9-40ac-8bf5-336eef8e5217;7902db4f-1251-4010-bc8b-822f2dff4b92;Quiz 982 - ramasser;26;40.53;467
1afc8c18-3d62-452a-b955-ecc4e0b1de25;ce9d03e5-23c4-4e8a-8aa5-3a8a32d360cb;Quiz 988 - professeur;30;82.66;69
1b1a46e2-74fe-491a-b6b1-e5f268c467a7;154241ef-ae13-48ee-b184-14816b75c9f3;Quiz 975 - naturellement;14;75.74;-9
1b2d629e-af1c-4e4b-90e0-c379e5dddd6e;9950e25a-c8da-4878-8beb-ee5865b65e14;Quiz 992 - car;25;71.91;-10
1b33b5e8-10f0-4ad2-9628-04d1a45bebf9;068d1b21-3464-45e5-b61d-6c061cd9a4ae;Quiz 4673 - rapidement;15;85.89;-7
1b3a2ce7-31ca-482e-84ad-75bfe9c4e07c;f0ab2022-8ca4-43ed-b178-1b3e3b2163e8;Quiz 2682 - tombe;8;88.33;54
1b537bd0-592d-4c84-9135-cf962748c460;e90bb46e-df97-424d-a285-3000f246d2c4;Quiz 2974 - parvenir;25;63.15;117
1b6aa955-a70d-4d52-9345-96e386809378;fc5447bb-905b-4896-8418-1aff6742725a;Quiz 2111 - as;26;59.79;89
1b7f149f-816e-4283-974d-165561dfead9;3276a8d0-81d0-432e-912a-2fd8c35285ac;Quiz 1866 - vêtir;9;81.53;32
1b990417-09d6-4eb6-b46a-256285cd11f7;a84bd5ed-908d-469e-ac54-faf3b0e37849;Quiz 990 - silence;20;46.83;-2
1b9bcabb-9e0f-401c-b20b-78ceef05c105;2f7e1032-8da8-40c7-84fe-c0f9421edbaa;Quiz 3275 - dès;30;88.31;117
1b9cef49-c41c-45b8-aa71-7a77d1749ec7;0dcd2aed-1156-4070-beb0-36982438f775;Quiz 2222 - tenter;5;25.4;-4
1ba86915-b370-470b-87e4-5910b1a05033;30f02323-c0b9-4da9-bb64-8c82de344f7a;Quiz 4143 - haute;7;88.84;2
1bb1497c-1b0d-47d7-8d97-4879b4301156;77085eb7-da39-4f67-9d48-31bd78e8bc94;Quiz 1998 - garde;18;20.58;267
1bc2f8b7-7ebb-4050-aac4-8a13cc055048;5a57e4f0-68b0-4a32-9bca-e5a6e33ef8e2;Quiz 3412 - jusque;22;43.85;-1
1bcca913-0b91-49bf-b742-713b2d195e53;59554f3d-9fe9-4b14-84b5-053c225c4310;Quiz 3109 - jouer;30;71.22;10
1bd29ad0-121d-4f37-8b0d-46a5adb82687;ef3ea579-2400-40e6-a3c2-f81f68633670;Quiz 2018 - avancer;13;14.02;95
1bd3e23c-f7ba-4be4-ac06-f7c45b6de261;54fc6240-e45f-4b98-8e77-2a7b30b3c32c;Quiz 1486 - scène;20;32.88;244
1bffbb6d-115a-4004-a54c-76a0be4eeb03;6203860b-a443-45cd-b70c-127e2d73210e;Quiz 3042 - courage;10;86.9;482
1c064362-d9a0-4013-85e1-4eda122d408e;fa6fc235-2b83-4ce1-8664-d348b0cec2b4;Quiz 765 - triste;10;65.74;475
1c12e46c-5437-4f80-ae1a-09cde7f439ea;f0750aaa-e576-4394-8c8a-051d9a31fa2e;Quiz 1948 - chaud;26;48.72;495
1c14f015-0fdc-4b37-84e0-baeacba6dae6;d7148a77-166b-45ca-bdac-9a5b195f5e83;Quiz 2154 - souffrance;9;57.05;292
1c15bca0-2a01-4326-b59e-592d2439d868;7c0a7aca-ca10-4d41-8b38-d155a68575b8;Quiz 4012 - rayon;21;66.09;439
1c203349-6496-4e24-98d0-c772d4c6471b;372a59fe-b805-47c0-b171-73ba0998ec60;Quiz 1747 - respect;8;98.55;461
1c2fba6e-61c2-47a8-82a9-99e4168d7ec9;37143099-35ef-41bc-bb99-a1c42db0337a;Quiz 3082 - plus;13;58.81;-4
1c334ef1-3b69-4b48-b388-57f7dfe55755;afa7590c-affd-48a1-af62-0001216891a8;Quiz 3484 - ignorer;22;70.06;70
1c36a435-07ac-4439-a36c-8297b63491b0;563cd75f-4ca5-4817-8086-65606be78015;Quiz 4140 - noire;17;31.14;71
1c469987-545f-4cdd-812f-c2a13e39472c;b7fb7b27-e8a1-4f6b-8704-b353d8ca6dd9;Quiz 4357 - déclarer;6;33.87;72
1c48859d-0bfd-41c2-a3e1-1ae4ab796c08;cdf9a4d2-f307-425f-b65a-03b021b4fc76;Quiz 663 - lieu;5;86.77;7
1c53fd80-3870-4d4d-a9e0-58c37868b6be;3369e4ae-66e2-46b8-b6ad-0a2fe24cb087;Quiz 2242 - finir;30;94.79;340
1c5408f4-ed4a-4663-ac41-da92eb2a5be8;026a9985-ff8c-43e7-880a-127884271612;Quiz 1381 - neuf;26;81.11;304
1c7e8acc-9822-4cb0-850b-b42f09303f45;e9f494b8-4ec0-49e5-95b0-4860acb6216a;Quiz 1414 - heure;20;40.58;-5
1c80ecde-9f55-45c2-8ff7-a54ee1317ef3;548b6a33-f4c8-4bef-8cb4-9354058ec650;Quiz 1655 - société;20;31.77;405
1c863639-f0b2-439f-bc19-c4d56c25ee2b;5269d775-2850-45c1-9ef1-700102ebee42;Quiz 4545 - sortir;20;61.89;312
1c90b859-2edc-4ebb-a501-5e092655638a;751d54eb-0736-4875-8b00-a409461a9b6d;Quiz 1156 - selon;5;66.83;-10
1ca2bbf0-ac8c-4d35-9223-eeeeca7672aa;a38081e5-ea94-4aae-8917-4b52bdb02971;Quiz 1755 - fonder;22;14.3;-9
1cab52b2-8484-4da0-bec3-aa30d4b4e485;1fe83c29-e49b-45a8-af45-d25f19042b9c;Quiz 2904 - cerveau;7;52.76;55
1cc3e198-0bab-49bf-836e-9477b0610272;c684bac5-3a82-468b-a2a4-8ef063f7a3e2;Quiz 1006 - écrire;29;71.79;371
1cc4e252-46f0-4818-bc6c-b7be635f868a;3863b494-c94e-4ec7-89ba-a6d17cb39c46;Quiz 4284 - établir;22;69.29;393
1ccac8bf-0d5d-46b8-9973-df897da83fab;41114c4f-c1e4-4ff9-8b39-5aeb437da94d;Quiz 1362 - dieu;27;91.91;-2
1cdf5129-d522-453e-8556-fb918b7ceba1;e64bdd19-5578-4f33-bc14-5e33de3fed08;Quiz 4842 - semblable;28;89.33;27
1ce234ad-42dc-499a-bfc2-3b647550b3f3;90c6faa0-34d2-40a0-9a1e-fa71a6b6e411;Quiz 3196 - parvenir;14;38.75;35
1ceb0df7-91cd-4ea7-bf95-6d8e14373975;b8f2af43-d4e7-44c2-ad13-baaf33c91535;Quiz 4091 - signifier;13;24.38;-6
1ceba3fa-fbad-4e68-9262-32069a316639;b280fabe-e47a-431b-8c79-154b26317ac9;Quiz 3846 - ceci;20;60.31;253
1d0ed719-648b-4b2a-92f0-cdd59723537a;b2cfc331-8003-43d7-83df-33d9312c9e15;Quiz 3849 - entrer;28;52.87;-1
1d0f2c53-2cc7-4b95-80f2-426922a88756;939a0233-9556-4576-aa5b-f4ef97c0d2a6;Quiz 3119 - haïr;19;17.23;-9
1d1bb875-3828-44db-809e-3b9e45db55d0;3c677bc4-59e5-4d56-880d-715d8d6b3324;Quiz 4101 - fixer;29;71.15;-8
1d1cee5b-e08e-464a-bf6b-9fa7eda54a26;20022e66-7c9b-48d6-9ee5-bbbecb2408e6;Quiz 3735 - vieil;24;31.29;-6
1d25494a-d558-435e-9741-9f84d1f2e62a;826a6626-39e8-412e-ae60-37e385b5e25a;Quiz 4385 - près;21;99.21;0
1d2fce9b-8123-4c12-a0bd-3526823cdaf4;c8f7beee-c89e-4c11-b643-67ec2fae0648;Quiz 1243 - moi;16;92.24;-10
1d37851c-d8a5-4596-a4ac-725468d88ab4;b96bc7f5-7aeb-4df8-a581-65f96215cc33;Quiz 553 - nom;6;26.98;-10
1d51d773-fefb-45ce-80b9-ac9dadd6fa5d;ef3ea579-2400-40e6-a3c2-f81f68633670;Quiz 105 - assister;18;54.58;364
1d51f784-a6d0-4cb2-a272-fca3cbae91da;19289b1d-1c46-40bc-a2b8-27df8ec8730f;Quiz 4741 - complètement;29;21.29;13
1d53f302-f2cb-4012-88ba-5aa23e5eb132;aee8fc99-eeda-4d32-a32c-0c853813aae1;Quiz 2114 - trente;25;26.37;495
1d548437-7ee8-4ac5-acbf-120985f1e29f;59513112-0cd0-42ad-9df3-bf93ed4b4f18;Quiz 945 - moyen;30;83.75;440
1d77af08-49cb-4aab-a006-cb35516adfb4;f605676b-3a21-4209-af40-e6004e79abdd;Quiz 4100 - mener;10;25.97;481
1d78d710-134c-45fc-9f4a-825690366729;aaa5b4f7-9205-4977-bb35-b6fd5981e7bf;Quiz 998 - retirer;27;53.54;64
1d7e2b46-696d-44d3-ac17-88354da38f82;372a59fe-b805-47c0-b171-73ba0998ec60;Quiz 2205 - portier;18;38.25;-6
1d836412-d16d-4b14-a002-14176458d9c0;751a9b05-fa71-4ec5-8bf8-921af02b9a77;Quiz 2585 - traîner;27;88.9;76
1d8bfe9c-45c2-4e09-9af1-d2c95cbb9b41;d382dd35-f193-4be0-8ace-9c7dfd6ae1e3;Quiz 2165 - front;21;58.27;-6
1d94f351-68f0-413f-a2f5-c324b8dade7d;63142430-fac1-4261-b443-ebd64717f177;Quiz 4454 - sou;11;95.81;391
1da17d3c-77fa-4874-8d88-75458d434dcf;99faf585-8819-44c0-a7b5-3b8353f637cd;Quiz 649 - conversation;7;71.96;-7
1db8614f-2c96-436f-ab66-f980c579fb0a;566da41a-f628-4d21-b7d9-16ae836f0a3a;Quiz 300 - entendre;5;23.78;260
1dbefa00-827c-4138-a285-714e517c070e;916938af-4fd9-4302-ae81-2ee13aa61ae9;Quiz 718 - humain;5;21.17;0
1dc60e5d-b2f3-4d84-9167-6a59898618d1;ca3c605d-7702-46f4-9358-4a47f07683fc;Quiz 3723 - bande;8;99.48;359
1dc79b86-f1f6-41d6-bbd1-bef15f023d03;a337daa7-41ee-449a-a3c0-35092c758c90;Quiz 2055 - intérieur;15;84.61;423
1dc8ff73-af64-4da1-820b-d34614cb6db8;37143099-35ef-41bc-bb99-a1c42db0337a;Quiz 2880 - appeler;30;52.16;204
1dcd95c8-9231-418c-ab22-eb94bf21f08c;7f9e10e3-7686-437c-a771-6fcabb943358;Quiz 1253 - larme;24;66.17;-9
1dce1b8a-624a-4f59-818e-20195d8a1bba;b9342244-a3a1-4125-ae8f-a83838e7ac9a;Quiz 2740 - brûler;15;46.43;320
1dcf7965-9ede-4295-a042-b7786cf7550b;4a50f4b4-a3ff-42e9-b443-4e64ed558c5d;Quiz 1322 - sur;22;50.42;-7
1dd191cf-ff03-4af3-8560-af61813a2b73;19109774-e4c6-43a5-9d6e-234bfa3dbc54;Quiz 2951 - non;29;51.8;256
1de58807-acfd-4946-9412-84e0cd0b88bb;b20f69c6-c7aa-42a7-b9ac-97022fd0355b;Quiz 2471 - fleur;29;43.71;-7
1dec9ec5-3773-4ce4-87db-deafc7c4a2c7;a4078061-a628-451f-8538-a0d7a2f29152;Quiz 3934 - bonheur;14;73.79;54
1dee9594-6aab-4847-b9e1-b06ff85f1dbd;3c677bc4-59e5-4d56-880d-715d8d6b3324;Quiz 3873 - demain;7;68.2;469
1df3d17b-1305-4041-8acb-d733af2556bc;5f42f6ca-2694-4c9a-b336-bec26396a84c;Quiz 316 - départ;20;75.58;307
1e005952-4bc1-4146-baac-034020c3d59a;470b8bf1-8ef1-4720-84ba-ce92e67e94b0;Quiz 944 - journée;30;25.91;-2
1e18da8c-950a-42f2-9735-c9c6cd7a7d87;5195d93d-2261-4e2f-b4bd-903c0dbb551c;Quiz 3336 - immobile;27;87.65;284
1e191176-8f39-49ef-8a47-5f6b07fb11e5;afa7590c-affd-48a1-af62-0001216891a8;Quiz 1127 - mieux;22;50.89;78
1e26f5ca-ffa9-47d8-b6dc-8b6c31323d16;9b82492d-4ed5-45a5-ad0e-92876bb1f85b;Quiz 1098 - général;27;23.09;28
1e27f88d-ffc9-4876-953b-be3607c83e57;90ab94b1-e65c-47a2-a614-cd8be4cdac04;Quiz 1341 - léger;16;25.88;281
1e2e0663-3de7-4f0b-bb50-499c5231832f;ade10cf8-ade8-4a31-ba01-22f5d97deb88;Quiz 2280 - endroit;26;23.13;57
1e3cdb03-cd07-41f9-af72-a6afb4b5d20d;6934d052-9d35-4be0-87d4-e88738b774ae;Quiz 4730 - comprendre;6;79.03;-8
1e3d70da-e919-41f4-8752-a9630eab793e;ccc806a6-c719-4e09-bea5-5a593df16670;Quiz 4965 - trop;25;85.14;-1
1e458bce-76ed-4c50-9f97-819e351ea07e;4e0d763e-36dc-40c5-bd2d-7960fe783ddf;Quiz 3203 - tellement;30;14.73;-4
1e509966-882e-4471-8d48-5cabb3163924;a0ec8cbf-6c4e-47cd-a923-a7e857544d13;Quiz 955 - apparence;24;38.37;-2
1e5b0fa3-31ae-42dd-bee5-4eb82a3d8ff5;a73ec7e8-d624-43fa-8f64-665a22fb4e7a;Quiz 473 - amuser;16;69.27;117
1e6347cb-68fc-4db0-8594-3564405ff755;1ae8ee79-7e57-4e8b-8e1d-0640a1804028;Quiz 3827 - étudier;7;45.25;429
1e7f434a-3ab3-4fb6-bb98-66d77e14cba4;34e13f0c-c49e-48af-9901-60b516650c10;Quiz 1451 - vif;22;29.5;59
1e9a0d59-9e92-4a3c-aa2b-5cf4bcca5502;1406fe74-1735-47f0-936a-9b03072b02f4;Quiz 2095 - roi;19;27.55;-2
1ec03331-d4b9-41f9-87ed-8a2f7fe55ad1;40d745ec-012e-4fc5-8c9c-9fe086381945;Quiz 1186 - politique;22;80.22;11
1ec806d4-8d10-40bb-8ce7-5a69788e0049;31ada668-7d96-43a4-99de-15bfd26409d2;Quiz 2039 - aujourd'hui;19;54.89;317
1ed1e42c-0af4-4b6c-a0ac-6e4ac7de58a9;4e9d747e-af87-48e3-987b-68ccd5e5c420;Quiz 174 - charger;29;49.01;-10
1ed81e3c-60e8-4abb-887e-0efa34cc03ca;6203860b-a443-45cd-b70c-127e2d73210e;Quiz 566 - pointe;7;71.26;213
1eeb8ac7-4f62-4e7b-8eb5-a08d3bcbfb4c;00133c7f-486f-4705-9782-f3fd62dd9dde;Quiz 2991 - vert;22;86.33;340
1eeeb691-5151-4337-9940-e44a7e717f47;e2de8c38-070c-485e-b4dd-145ca28645f9;Quiz 3368 - respect;17;53.46;209
1ef74347-5108-4aaa-a4cf-13eabef437cb;3b286136-5738-4fd8-8d21-ed3955cafa00;Quiz 612 - lentement;12;67.79;-8
1efd0055-8def-4660-bf57-c5a22b59c986;b20b0720-287b-4e97-85e2-4e3f4fdcb0ee;Quiz 1971 - vie;23;35.21;-4
1f0e1086-b9d1-4c40-9f2a-28006315ce62;1663b4c3-8dd9-4870-836b-86fcff4a4ddd;Quiz 2738 - haut;22;85.51;200
1f146415-710c-4735-a032-a8d46c7a91e4;5777b81d-2b45-4637-82cc-7c23f6809ed1;Quiz 1781 - voisin;19;39.9;110
1f177a1e-e04b-45dd-a6b4-2a63814121f8;96869ded-0cf1-486d-a86c-7d0f4d737cfd;Quiz 4034 - choix;23;27.32;-1
1f1c8f67-ab71-4566-8afb-e8756ff0bbc8;80da4003-cf3b-4441-86ea-22e95c666f0e;Quiz 1767 - pur;15;88.63;368
1f1e6d4e-0206-45ae-b92c-39b92035e6c5;eb10e230-80e8-43bb-9fcd-46cf98ef3656;Quiz 467 - passion;10;17.02;226
1f29fbe4-d3b8-4bc0-8b95-b1e6cd678cdd;7a5b044c-0711-4b9c-823d-5c15e9ad510a;Quiz 4125 - parcourir;18;72.08;95
1f3612cb-c333-43d9-8aac-6302ac096fbf;21934c43-a26b-4218-8713-7829a269fc97;Quiz 2731 - simple;9;49.53;31
1f3d6898-80b5-4378-9bee-e734237050cd;becf7298-6513-4467-b2b0-78b475e3ccd9;Quiz 2027 - conclure;12;51.53;-9
1f44d4fc-803f-44bc-9e2d-f9033bc6c467;7dcc2c5a-a068-40dd-af3d-321ef4da942b;Quiz 372 - secrétaire;12;88.3;-5
1f514807-b71d-41b9-bb9a-57229d4f3479;9d2dc9a5-f998-4f86-96d8-da752c1a47eb;Quiz 2179 - qui;11;66.17;81
1f5574a1-1830-4d7a-99b3-6a62d5bc055d;a3f23082-9bdf-42e8-829b-3c5450090f71;Quiz 1703 - chaleur;30;67.89;-6
1f5e92d3-fd3d-4744-8c12-180cddce37f5;f5aec88f-b278-47cb-9344-e9a9ee2d2811;Quiz 2522 - habiter;8;49.93;345
1f777571-21ca-43a9-a001-be447353dd52;b8cf97b2-b344-4472-87ac-871591496e76;Quiz 732 - épaule;8;10.69;-1
1f7e3815-1c2d-4a20-9179-0eaef690c5de;2ea28656-be9d-4cc4-9120-3a5d35360880;Quiz 1961 - article;25;64.0;375
1f835ba5-7080-4382-abcc-e652d38dfdd2;64663101-2735-41d8-b7b5-3e042b358e83;Quiz 1616 - lutte;10;66.79;-9
1f8659a1-ba42-4bd6-82aa-25884c4035c8;84819976-81ae-4a63-bda7-eb6cdb2382e1;Quiz 1735 - voici;15;67.43;-8
1f8c232f-af07-45ce-b70f-60ebb6160c6e;4614dc9b-219b-44e2-a1d4-8f5f2860369e;Quiz 4169 - inutile;11;69.86;358
1f9bc52c-dce3-48c9-a007-d10776570f35;1d0a1c81-c399-425a-9a00-1be68460d800;Quiz 2339 - subir;11;12.81;394
1f9e52df-ddc6-40e3-8269-fd48b7878f40;c46bbabe-72b4-4a42-a42d-b99c675ddb65;Quiz 3380 - précis;7;42.24;-6
1fac2b0f-cc85-4257-a036-9b7de1788e82;ca1a545c-af6c-4d87-be7a-187eae8ef12b;Quiz 477 - plan;18;61.73;-10
1faee2ba-71b1-4578-9687-8f90e4ce2290;bdfa25b7-b7cc-4e80-9d62-2dba987eb979;Quiz 1928 - demain;30;38.65;-3
1fb50af3-4a81-4373-9a67-859fa2d345ab;53f94325-835d-49f6-9602-8adb31fce85b;Quiz 3213 - amuser;13;69.13;-9
1fc33bcb-516a-49d9-ae00-862376dcc1df;bb5a843d-5401-4fbc-8d88-7f7ec36ff56d;Quiz 4689 - encore;21;60.06;267
1fd0c498-d2dd-4699-b1ea-1eed01681ba7;df6b0605-552c-4391-89e3-0cc202d9bd9a;Quiz 3036 - accompagner;7;68.44;481
1fd7c2db-ea9d-4453-95b0-2ce80dfc681e;a7b2335e-5869-4e8a-8deb-9e6f126805d5;Quiz 4223 - fil;8;50.59;49
1fe47393-87f5-4c3f-9037-4f0719a48615;7268cc14-db22-4764-bf27-7b2f26352a9f;Quiz 2771 - manier;29;44.09;330
1fe870d5-114e-4459-9e67-191c4fdd4a1d;184260fa-ef43-489c-b1f9-5dabd99898c3;Quiz 1722 - celui;9;81.03;233
1ff1eea1-f2fe-46b5-8425-1d64bded469e;dee83eef-2ec0-4f51-98ca-f59ae7588fd2;Quiz 2638 - curieux;28;85.43;13
1ff6aa0b-e93f-4cd6-9584-abaa4267c9e1;14c6e806-5922-4d1d-8659-a4893778e14a;Quiz 4595 - chair;5;78.2;355
1fff98d9-f056-4d29-80fe-c007d479de1c;f4fa1298-267a-400c-8c71-d0301cb9f4d5;Quiz 3815 - arriver;25;78.34;-7
2037e850-77d9-46c7-94e3-02e89f752374;b1ac0026-8380-4a0e-ae13-4ac1e7763a34;Quiz 1724 - briser;25;59.24;58
203b8377-3d7b-4358-a3dd-e5f232ed70d9;e63ec7d7-2796-4def-92de-99ac982bcfe4;Quiz 825 - diriger;30;75.92;277
204e5290-4fe9-4e3b-bd87-fd0ee65a7a98;9b18a973-d678-44e1-bec4-750d753983d7;Quiz 1648 - manger;16;97.02;107
20538f9e-b712-4ba1-ba85-ec162a762b6b;8d56e576-117a-4c2b-b17a-11be60de1f1a;Quiz 2617 - autrement;22;33.65;220
20541584-8bdc-4f47-87d0-9968bf213e17;d7895795-73b0-448c-807f-c88dcf9cf06e;Quiz 4802 - envelopper;17;26.24;-3
2065b18e-2efa-4c82-8183-f13db2cc63bd;ae90f40d-3cff-49b8-83cf-7ce8738eefbc;Quiz 121 - rouge;26;16.63;107
20698a3d-4790-44ea-a10b-a9c23a4ff3ab;940413c0-3983-420a-a9f1-3695eca977c1;Quiz 3518 - dimanche;26;36.72;-6
206a3cec-112c-4a27-bc7d-39760aa8f89f;154241ef-ae13-48ee-b184-14816b75c9f3;Quiz 4723 - désert;19;30.91;-1
20797b27-f014-4a6c-a62e-18049fede577;84639015-df65-4a90-aed1-a6c93d99a418;Quiz 459 - descendre;30;73.29;20
20ac6aea-9341-4ff0-900b-e241ed9a54c9;151ee215-ba4b-42ec-8486-50181e05a347;Quiz 3370 - rideau;14;35.06;349
20c15996-ef05-4fc5-bcb4-800962affeba;af71f160-69fc-4e91-8e93-b31b469ee9ff;Quiz 2404 - chaise;12;81.82;436
20e12804-94e2-4203-b5cf-f000bec75f58;5be4c3bb-0f7b-410d-ae35-fa9e67a785de;Quiz 756 - figurer;19;30.9;31
20e76418-8967-4945-a3a5-d3b433d5c424;7f9e10e3-7686-437c-a771-6fcabb943358;Quiz 1476 - dehors;10;37.98;0
20ed8df4-a057-4d89-a175-017a4054cdef;29d14285-8488-42f3-83b9-6a6677546077;Quiz 3953 - lors;5;36.25;437
20f04657-99be-4132-8af3-f23828af9f34;0a7af64a-9e5a-4c65-abb1-4443314bb8bc;Quiz 578 - parfois;17;53.8;52
20ff5ee4-4a57-408b-9055-fa9b7e28f6cb;2afbdcf3-406e-4fbd-87f7-9305493853f7;Quiz 2676 - souvenir;22;89.47;74
2105b7f4-0179-467e-8f1d-ffdea969cc2d;7ccd3143-e589-4d77-bde9-07f3682f7c43;Quiz 4116 - acte;21;88.94;15
210f7e84-ca0f-4d1b-b33f-7010dd8507cb;6f7baf11-ece6-496a-9e21-df1470a086ec;Quiz 4066 - aspect;20;82.92;-7
211a8689-d68c-4c94-b85b-3c47edabae8f;a6dbe6ea-e61d-404f-b3f0-74c5b54fec86;Quiz 175 - faire;24;35.65;-10
211d4add-f685-4989-b6e2-b5554727b768;f9277511-bf3d-435f-9102-07fb25a655a0;Quiz 1446 - mince;25;18.46;271
21353e4a-279d-4127-a884-d436ee0a6543;34e13f0c-c49e-48af-9901-60b516650c10;Quiz 3232 - penser;23;27.91;-5
21544264-85ea-463e-93c6-d7d348b9e34d;199a09f6-17ac-4d54-bb86-56fb2c6b596b;Quiz 3149 - justice;21;11.38;86
216279cc-ca62-4dfb-8946-321d39ef48d3;c3f7f8e7-6e21-4474-8402-c3906bbd0aac;Quiz 554 - barbe;24;91.66;293
21642564-6858-4d7b-a4fb-636802cfe150;606efe81-1960-4d3a-9b46-28fbff6c7f4d;Quiz 1248 - autorité;26;39.05;33
21777c6f-c0c8-4ceb-9da5-868e07b1adc7;40bbd20b-a498-4767-8bda-2bb38a32c508;Quiz 443 - chance;18;60.57;244
21796950-b002-4366-8c08-67a58e658033;d39171bf-28c1-4879-8de3-3ed7d8278583;Quiz 3787 - étouffer;10;33.02;434
2186c37f-a2b5-4e8f-a58c-43f19597a019;7d4a65a2-910c-4bf3-a2a7-38f4c0dbdf1d;Quiz 1887 - instinct;7;21.47;332
2190884e-db4e-4fc0-877d-5814669cc81b;99ab4bc4-d29a-4654-a219-d6da0aa8e4a0;Quiz 3521 - auprès;5;49.95;-1
2199fc65-ad76-41db-a4c1-4d813077ad07;ce67a828-a1bc-49bb-9879-1e8b4029ac26;Quiz 5 - ça;9;33.37;-5
21afcfdf-7922-4138-9a96-38a596af98e3;a49f5624-dfd2-4a10-bc7b-583552fd5b47;Quiz 4936 - geste;12;68.79;-7
21b3238e-206c-4802-a4e5-4031b78a0e17;cfa1683c-7580-44ea-b4ee-da1cab2d7c66;Quiz 2878 - atteindre;19;29.28;64
21b8ce48-beee-43d8-ba92-d129eaf07b82;1fbd93f7-f98b-45eb-8271-757e996b0e91;Quiz 4432 - autrefois;8;58.87;-3
21c2fae6-3b9f-48ce-9af5-168f56f052b7;fd2631fb-f30b-41c0-9165-13e2d1aeaa4e;Quiz 3668 - surprendre;8;23.46;89
21cc6ea1-9456-4844-b9ca-092a9ecde943;6255aebc-55a3-481b-8f14-96ac10f818cf;Quiz 169 - vers;13;33.82;-3
21fb4049-8d98-4e10-b4d2-f7943a88c8d4;f2a80435-1b34-4152-a32f-2db67c3e91ad;Quiz 2353 - parfois;28;87.56;433
21fc1f1b-9544-4805-9255-dfc5500b4eff;9edbcda4-dca3-4a71-9912-52ca2d715a01;Quiz 194 - non;28;61.96;0
21fc57df-c416-4882-ad42-ba4729282118;9a6a32ff-039b-4af3-9eb4-6e392101591c;Quiz 2304 - art;20;24.34;98
220686f4-12a5-48c4-9c43-53dc011e04ac;3afe5eed-2bd5-430d-a4ab-7ef62899d09d;Quiz 11 - choisir;6;18.67;66
22194c50-d4f5-45eb-8bee-89ceb40efee7;de279714-3ab3-4137-b36e-0e1e165b20b1;Quiz 947 - fonction;9;55.73;83
2225240c-781a-444e-9465-63aa44016627;76a357cc-5d2d-42ed-92ee-2304d23188c9;Quiz 95 - dame;19;31.35;272
2236cff4-7e6b-442f-a151-5cb6b3cb7d84;9e66b721-41f9-4b13-94aa-66bc663f991f;Quiz 2933 - éprouver;16;70.45;117
2237ac2b-7f9b-40e1-b1d1-9aed1e8407b4;afa7590c-affd-48a1-af62-0001216891a8;Quiz 4833 - honte;7;18.95;8
223979c9-10c9-43a3-9ce2-bc9e82b8bcef;2adf297b-a78b-44f5-a353-837541d309db;Quiz 577 - soutenir;15;53.22;344
224333c6-c9c8-46c4-b4b6-fdd8877dcbd9;4aaef702-7647-495c-8bad-0d0f86966fca;Quiz 2204 - roche;14;54.78;-7
224ffd02-5458-4979-86a2-69f8b43daa01;632969a3-3dbf-4fa4-8316-29b693ddc8bc;Quiz 4121 - oiseau;26;44.18;-10
22560a68-b9f6-483c-9585-8d44618016c3;5063caff-f206-4413-9159-54705149e47d;Quiz 3659 - proposer;7;81.73;216
2270c672-da57-46d4-8fdd-25cbf555a1fd;9b18a973-d678-44e1-bec4-750d753983d7;Quiz 1368 - autant;9;61.33;-8
227cf0c2-9073-46d1-872a-eb12dca33f9f;82437a31-36f8-4a95-bd16-a3cb9e746a19;Quiz 3881 - juge;8;82.31;360
2295ad09-3cf6-4968-a2f2-c7fb7ba46f77;cef2b973-c9b5-4c09-a559-c5f4b12331b7;Quiz 938 - figure;21;33.24;266
229d6c68-806b-4c0d-b290-9d59239638f7;8577b432-f71a-401c-b91a-20a487b8ff88;Quiz 4108 - toute;18;85.08;87
22a9f0f0-4371-4172-ba72-90ea739b9fd9;93ff9ce4-5ddc-4adf-bc78-0d2fd0e3c5d0;Quiz 2075 - plaisir;6;98.05;7
22bd0347-9344-4b6f-acf7-190287449c6a;68469e70-0287-4a46-a567-42a788c77343;Quiz 4288 - demi;19;28.1;0
22c5ca2f-c218-4525-952d-2e70190b7ed5;9496f242-44c6-4fee-8a0f-a84884e6f663;Quiz 3854 - rapport;25;53.2;-8
22e9a193-5a84-48c9-9ac5-8b5e8e9251a9;cabd5136-0687-49a6-9361-ca41520d2ab0;Quiz 1279 - genre;26;74.99;427
22e9c8cb-ca80-4995-8884-97f7d06d550d;ed1738ce-2938-4b64-bf0b-646ad73bdfd2;Quiz 1954 - lorsque;19;93.18;0
22f01d5f-82b4-41c8-8b2e-a950db7dbac4;8bb6cd38-d84b-45e5-8498-64e936ebd0e2;Quiz 2104 - user;19;97.39;98
2319b39a-2b6a-4fe6-8069-542ad83d965a;942f217e-5cb1-4a14-87d3-500c02960982;Quiz 4473 - rapporter;15;10.59;333
231b8082-b299-44ec-ba60-3c91772055af;31fb1746-31d1-44cb-9c98-d761df28ea51;Quiz 4879 - repousser;22;27.7;47
231ead74-ea46-40b7-b992-7908faac84ce;972f1c59-ec9c-42c5-862b-a1d78fbc7737;Quiz 98 - écraser;10;80.6;500
232d4540-4d6f-4056-a186-94a92bde1b65;9e7fb67b-1725-4927-aa54-909e58d3a2b3;Quiz 3565 - mariage;25;80.18;19
23392703-1e37-4ccf-b907-e7ee55a0e473;08512d50-6a0c-47d3-b51d-23ef76b48a06;Quiz 730 - nerveux;13;56.92;204
2340d2a6-cf00-43e6-9675-ddb46a15bbe4;7ea8904c-3861-417d-a5d2-cbc14d75e8af;Quiz 173 - espoir;10;30.96;488
2341f576-b1f7-48c1-b107-d24a9493b34c;3d6d5922-674b-47c2-a06f-f1ffab5a4f86;Quiz 1713 - long;26;25.54;432
23515745-d6b5-4b2a-a066-f8f8360d3604;7f83b9f8-5d1a-4686-872f-a38300126ee3;Quiz 1930 - animal;24;54.31;66
235c5e2a-baa4-445b-9cfc-1e9064bb6245;ca81fca1-1169-4847-9bfe-6f983e7c566e;Quiz 2684 - paix;21;25.41;428
2378952e-7731-41a5-a6b6-c5072521892f;b33d8778-6373-4349-89ad-8941b51e5a7e;Quiz 2669 - inconnu;16;74.02;249
2381de62-1367-4457-9bf7-3b5e5f40a179;15a8bf4a-61fc-4ee0-adea-409114fd7ccd;Quiz 4499 - mourir;6;52.72;418
23834a15-d39e-4b23-841a-d9c2abe6829b;64aa435e-dc91-4533-9529-a205a77180e4;Quiz 1929 - ensemble;19;47.07;377
23a1cdfd-a8a9-4453-be8c-7a0b8e18c8ce;70d1cf2a-51d0-4c8c-a0cb-195762a17e43;Quiz 3578 - recherche;16;49.67;61
23a1de2e-5110-4245-9a83-db8bae32542a;aa8af110-21de-47be-b111-f76a2a07bb1d;Quiz 1850 - non;22;62.56;341
23af667e-6ad9-49b7-8fff-3a522180038c;7a11e4cd-9889-4caf-bfb4-e00cef80267a;Quiz 4756 - au;18;64.33;7
23b9d054-ab7f-4c93-ad15-4800f5b64d07;e8dba9ce-0755-45dd-81e1-ea9e542f0285;Quiz 4086 - même;19;97.47;-5
23bcfb66-de65-4c38-a280-3a2485ddda9d;afb2b7bb-552c-4d0a-b071-f77f2378e669;Quiz 842 - garçon;23;73.24;457
23debadc-6536-49d0-9381-b83eb1ca2fa6;ec87314f-dfe4-4571-8aae-5b43a939e8b4;Quiz 3798 - comprendre;18;64.97;-6
23df8c26-f598-4c44-b48b-11f0638b7abe;0d96ff37-727a-411b-a305-b33d8937d91e;Quiz 456 - roi;18;39.88;-4
23ecc836-4dcb-4c94-b661-d28b923629d3;6d60643d-4372-44ee-b329-7d803e31ff64;Quiz 3946 - pur;17;62.76;453
2429a946-78ff-4d22-9a5f-b8b355f52cb9;4b4d0fe7-f1f0-46d5-888a-d9f3d1213280;Quiz 4978 - tempête;22;68.12;396
243914e6-f510-48af-9a45-1a2a5d8c311a;c8f7beee-c89e-4c11-b643-67ec2fae0648;Quiz 2955 - énorme;6;45.11;256
2441ec39-257b-4b23-b546-d85403f505bc;c27bcc42-bfd8-455b-a025-a194e9908f5a;Quiz 3806 - autorité;9;94.17;82
244b919b-efec-48af-8189-df7de6a68442;fc00e448-28b6-42e7-9901-56f4c8554055;Quiz 3428 - visage;18;67.55;-4
2473ae20-9730-4ea2-bbd7-87e14aabd6db;37143099-35ef-41bc-bb99-a1c42db0337a;Quiz 1106 - terme;27;59.15;208
2478ba18-9512-40f2-a27a-8fd2627234b5;4454e679-9fcb-4241-a50e-180ba0d30416;Quiz 4064 - mer;16;38.11;-10
247faf0b-408e-4cbb-ba52-c0e2da86eeda;dea2f982-f3e5-4f4a-aae1-1557d8381973;Quiz 1411 - fidèle;28;87.12;68
24956b5e-8e7f-4ce4-9fb8-9913253615c8;3369e4ae-66e2-46b8-b6ad-0a2fe24cb087;Quiz 4580 - page;12;46.5;116
2495f33c-3de1-403a-a556-1e2650860e00;f1f860dd-2183-4850-b57a-20a2c619eefa;Quiz 421 - même;21;14.15;303
24979e1c-4949-4e44-9b7d-6c3cbf9945cb;b64d7342-081e-4ef3-b7fe-318fcca0ff66;Quiz 4260 - vouloir;30;55.31;67
24b43fa7-949a-44ff-9f15-af9694be99db;9917377b-2720-4c9b-a965-f60a0881700a;Quiz 1884 - espoir;23;90.3;30
24bd8d31-0924-49b0-963d-a0d1e02070fb;1047a697-d152-45b6-8a4f-87183144b287;Quiz 1363 - rapporter;24;43.61;384
24c58518-29bc-4617-b206-a99ea4b12951;2153a76e-ce16-48ee-8d6c-af2080a1aeeb;Quiz 369 - sac;28;38.85;283
24d6cd88-5576-45fe-88a4-63533fbc26ce;087ed8b9-d270-4e19-951c-269a29f30533;Quiz 539 - appuyer;5;80.74;-2
24ddae52-2de5-4e1f-b260-0c927b2de5d1;4cee42b1-36ea-404f-9d9d-b69772aab61c;Quiz 4702 - poids;26;79.6;40
24ea8c8e-3b50-4e72-9669-0748b487ba47;27468bef-f9db-46f3-9573-513701373e58;Quiz 1673 - masse;29;11.57;-3
24ec6a12-f570-4446-a4c5-11d982e20f92;4462f8b4-43ea-4345-b8c4-07d3f91a97e5;Quiz 2255 - expérience;7;46.81;27
24f4cea2-4f71-4133-9376-db417be00936;7b8895a0-fa45-4838-87bd-c915c6182c3e;Quiz 4932 - ignorer;19;47.45;39
24f587c1-b639-45d3-b08a-83aee3f03e5a;9c6976fe-fb52-4e44-bfd1-017073b04c92;Quiz 3508 - feuille;14;72.93;478
2514b913-7c04-4bd5-aa67-c5c6b6d93938;75c1097b-817d-4efd-b316-7459260f7e75;Quiz 591 - mémoire;25;37.22;312
2527845a-c3fd-470e-b838-cc0ef4492246;f6c4f496-d876-4445-bc25-9cf348cb332d;Quiz 4990 - accorder;25;94.15;12
2550e40a-e668-45e8-84cf-173ada119ea1;f1f860dd-2183-4850-b57a-20a2c619eefa;Quiz 4390 - rire;30;10.38;44
25555c54-31f5-458b-bba1-5fb1b6880f38;730cd275-a4a8-48be-863c-2070272736b4;Quiz 4118 - derrière;18;73.96;15
2560bb0c-786b-427e-b3fc-2921d4b723b5;affc70a6-cbc8-483e-bb16-8ee43e849143;Quiz 2289 - d'autres;22;66.17;65
256b147c-ee82-497c-a48a-04329dfc1b88;069377c3-29cc-46cb-8294-92d5ace79253;Quiz 2188 - au;13;51.51;-3
256bbacd-b991-4387-9076-dcc76eb9d3c4;d473f415-0e96-4f46-b911-9b323354e5e6;Quiz 2605 - détail;24;93.54;55
256dd436-80f3-4ce4-a5f8-b5a9bc3cd561;84ec9a7a-a9a6-4052-acb4-e1aee1c4da82;Quiz 1143 - endroit;19;90.81;377
2571bc87-99f8-4c9d-bd10-b3afaca50d1a;184260fa-ef43-489c-b1f9-5dabd99898c3;Quiz 4923 - voie;15;25.87;32
25853e9c-823a-477c-a59b-b7a2bf760967;2edb2f2f-a169-4cc6-885f-5f4197685c4c;Quiz 4470 - morceau;7;62.96;-1
25875f85-ba0e-4487-ae52-041a20a7741c;d5382abf-1e7a-4d5a-a029-985f7d8e322e;Quiz 4186 - quoi;8;49.64;438
2593dbda-eafb-4836-a023-2b428414f0cf;b1c6ba7f-97a9-474a-9845-5c8656350bb6;Quiz 804 - apporter;26;91.51;248
25a71fdb-1f4a-4055-ab92-a47616a9ef5f;84218caf-bc36-4b2b-9b15-76d4381adbaf;Quiz 4783 - mer;9;56.64;6
25b5c240-57ad-40f9-8355-0b2d6749e08a;b668870a-7981-4d05-b360-8563d5ab05e4;Quiz 834 - remplir;30;38.36;-7
25b7dbd0-ad65-44bc-8b00-4934f663f84b;672050dc-c3c4-45a7-8f7e-acafcf0c2ea5;Quiz 2455 - lourd;23;98.93;37
25c04801-316a-470b-9df3-a5d67ab2ad1a;4e2f44a1-3c74-4335-81b6-5a45d0e48ff7;Quiz 2750 - partout;25;65.45;62
25cdc7f6-fb8f-4c68-b111-7ae15b17dc72;92bddb29-2fcb-4bb1-8667-0c1327acdac6;Quiz 3314 - parole;12;76.08;-10
25d99e96-0deb-4d07-bcb1-7f3b412496bc;a24a99ee-5d9f-4202-bdbf-b0061e1acb12;Quiz 220 - français;18;26.62;116
25dec9f3-52bb-4548-ba03-7a9ca11ab716;86e8279a-dd37-4145-897e-8f0d226525eb;Quiz 4817 - aimer;19;50.26;26
25f8e0b3-1204-44aa-ac22-e4c55ded60e7;76e5b35a-5780-47f3-9faf-f4a1ce972ada;Quiz 2140 - ennemi;15;99.75;466
26022143-5338-450d-b95e-509c19c5b90e;939a0233-9556-4576-aa5b-f4ef97c0d2a6;Quiz 3228 - jouer;27;34.43;-9
260768ca-ccfd-4f66-a44a-199954c7da4d;64d663a0-b423-4d6d-9d96-705a606009a0;Quiz 2652 - où;11;27.89;101
260d3409-725f-4260-b807-8d9a6db6b929;cdcd0260-7cdc-4a95-9a85-9ac835521d5e;Quiz 2444 - impression;15;46.76;59
263d383c-f087-4c09-9e1a-99ca8362159b;ce17389f-51e9-4197-bfa2-a9391787074c;Quiz 1232 - déchirer;21;11.81;95
2647423b-ec87-453d-a44d-5c0fa129de75;5b842c89-7875-4d1c-a014-a3496e91b2c4;Quiz 4911 - avant;10;60.02;-4
264a87fb-c336-4b68-ab08-c2536d694cd3;7cefe6df-0334-49f1-84f4-3edd09c1c514;Quiz 3791 - refuser;21;49.54;-7
2659003f-bb06-4ba2-9280-8414121dd708;9f98994f-0406-4d06-8863-5944e65231fc;Quiz 4571 - doux;19;21.53;337
2660e146-829c-4442-8ed6-dd935f61f137;305055c9-fea9-4a80-8eed-320399a52b82;Quiz 1160 - auquel;25;47.72;0
266a17f8-aaef-4330-b3a6-bb4aba6b8b78;0b25bd38-5b1c-435f-89ba-ab80761e6905;Quiz 200 - admettre;17;71.13;-5
26771483-d328-4d8b-8fc9-79b0987cff32;62b2fa02-e303-4351-b65f-ad6e72e7a264;Quiz 2996 - gros;20;47.2;472
2689f24a-05c9-433a-9af3-6290d2d10743;bb3c9e69-70a6-4a2b-9f03-f6919083f89b;Quiz 2010 - cacher;26;96.21;398
268a6342-8a8f-4e62-8db9-07516dda467a;aaa5b4f7-9205-4977-bb35-b6fd5981e7bf;Quiz 1497 - plante;15;21.68;17
2691f35d-8266-4733-9b18-7b4c43e9f196;59554f3d-9fe9-4b14-84b5-053c225c4310;Quiz 4497 - vers;7;18.52;38
26a0784a-a091-460e-a431-28d030cff795;534abfef-68ca-40e8-851a-a20e54021aec;Quiz 1403 - poser;7;72.74;71
26a81f63-5d04-44f3-9881-cf2663aa825f;7ab25d19-abb8-41d0-aee8-c6cc4c37e083;Quiz 1894 - vivant;11;40.11;-1
26b9f09a-1350-4033-8405-74682f9a30a0;a794ceb1-5aca-41a2-9f1e-03b9a70b7c09;Quiz 4247 - parent;21;80.68;114
26d0e291-9d61-463d-ac2d-821ad8d4d667;1011c592-664c-4c06-88e2-7e35a48944f3;Quiz 23 - plaine;25;81.62;323
26dbc583-3d9b-417e-91da-adeeedbf3660;48978411-57d3-459e-86d2-9f6e48b07e10;Quiz 3747 - parent;7;85.11;356
26dc7e99-8d51-4fed-9e8f-7da9a2aaab31;63b9e475-70e1-4f72-ac63-e683d221e84c;Quiz 3607 - peser;8;43.91;-8
26e51129-17b5-437f-b4d6-9e89503a0dd6;8bdb8e12-fa54-4c9c-887c-7308cb25bc7e;Quiz 3801 - reprendre;27;69.55;96
26e8761f-6c13-4648-b004-faae39a1bfac;a66433c1-899d-4606-85c9-ca3fd214bcbc;Quiz 497 - curieux;7;74.94;73
26edcd28-56d3-4632-98a7-62455c54ecca;7ae7c6e7-9a7b-4921-8426-ff423a58be19;Quiz 4627 - relation;15;20.46;362
26f78b64-165c-4c10-8180-b5dfafa70434;4f9d12a4-5e18-4cc6-b109-7f37f8846456;Quiz 3209 - réunir;26;94.31;-1
26fe1f30-8135-4921-b115-54baf3a73e75;0c27bb14-f6e2-4086-9908-1bb37d7d99cd;Quiz 3971 - chair;20;67.36;78
27067289-87dd-4179-85b7-eb7c02c14fe1;484cc9fd-ea9a-40e6-afc8-3f1b3141453f;Quiz 4225 - amour;26;35.82;58
271d0c81-3195-4e1b-bfc8-5996fa8a1013;6d743add-ccc0-4f5e-99c0-251604f96d98;Quiz 1295 - voile;12;59.05;107
2729b4b8-6d0a-46b8-88b3-48de19810ef8;59e2c0bd-93f4-49e2-b596-daafc7921e81;Quiz 2650 - pourquoi;7;17.76;202
2734a1c6-ac69-4315-bd38-d50e784479f6;9ba745b9-59d2-4fc4-a0aa-4916cc811ae9;Quiz 1308 - déclarer;18;74.85;32
2736958f-1fac-405f-9445-f522d0e98ac1;2a004c15-55ec-4ab4-9fb1-4bf318a1f0da;Quiz 387 - roi;27;60.53;-7
273d0dbf-1d44-45aa-bf49-ae674f41a2e4;77a5c181-c73d-41be-afc9-5dcb29ce8fad;Quiz 446 - mettre;9;13.35;388
273d6b63-67be-42c0-b875-d8be8e077adf;714442b6-d10d-4b84-8af5-33211d14f69a;Quiz 4727 - marche;22;56.14;-1
27437c9f-6e80-4163-8f96-33603c66499a;0a35269b-b9e6-4fa2-ad3f-d7d80861612c;Quiz 2635 - cercle;7;94.58;120
2754e8f8-ad71-4b88-ac9e-db0aa7e8f8dc;fed50cf3-72e0-4f9b-ba87-54e81b8ae28d;Quiz 3068 - pendre;27;22.96;83
275db558-e127-493f-9438-74f290ce3765;ce17389f-51e9-4197-bfa2-a9391787074c;Quiz 412 - somme;16;88.07;63
2761b378-7768-4103-b844-d23f962c4471;46428790-6cc8-46d2-a85c-330c844eb351;Quiz 4890 - fond;10;86.73;-4
276b72fa-adeb-4b75-9bc1-de0ed35e78f2;6a0f6925-562d-4e43-a743-f8ec762f0e8c;Quiz 3660 - quant à;25;90.69;474
27736e65-ea1b-44ba-850d-888640f3b0d9;49a60371-7a2f-4cda-b202-c3f35865ec01;Quiz 4278 - reprendre;30;83.67;267
2796b3a8-292a-4010-a6b2-2b8905a7efbe;e31ba867-4467-4092-8b68-0ccf4e312350;Quiz 510 - désir;21;88.51;345
279a2f4b-db40-4b38-9435-068274d3f692;092a687c-7403-4324-9c18-842abba34245;Quiz 4976 - violent;16;46.7;476
279d3ccd-39b1-4dee-b072-0266ab9ede10;56ef3f0e-211c-46e0-9e81-0874eceb5e2f;Quiz 1379 - avenir;5;59.59;406
27ac518b-3e6d-43b2-a551-7404f9c77cbd;e9972558-f676-4989-bc37-e4dfecd4c05d;Quiz 4122 - livre;6;94.47;248
27b03aef-d115-4cdd-a97b-757eda2e0ab9;7be74029-db82-408d-abc1-771e0b6a0bc8;Quiz 1869 - silence;25;46.13;266
27c3697f-27b4-455d-b50e-d3466526c33c;54093466-ee90-4c11-9f76-ef6d201a6b52;Quiz 3704 - imaginer;21;80.17;17
27cef962-9c34-4290-b854-e35165278447;bf2e15f4-9680-4912-a506-baf54809ec9c;Quiz 1738 - autrefois;17;10.19;-8
27cf1fe3-c386-46cb-af5f-54d5a47e2a34;7efd5184-e49a-4ac1-ada9-e47e1bc65d0e;Quiz 2447 - sérieux;25;98.61;21
27ddc1eb-7841-402a-8c1f-bb2376aba375;a126c963-dc13-41ba-adbc-acfa65c4f6bb;Quiz 3486 - terme;14;99.23;-10
27deaeee-9814-4eb1-8130-47b2158c2187;b68f7d73-02c1-4628-9429-a13630232dcd;Quiz 2376 - endormir;29;24.08;406
27ded9ef-3368-443c-9be4-e513f8dd5073;8325796b-f994-4c71-ba74-0d4b88f1a7ca;Quiz 3567 - horizon;16;78.37;408
27dee648-90c5-4477-bb1a-2f572b4836bd;7dcc2c5a-a068-40dd-af3d-321ef4da942b;Quiz 1876 - police;10;91.47;67
27e2991f-5142-466a-82da-d1a4753462c8;3b8bca88-9c3c-489e-b568-6d8b1924b341;Quiz 1671 - libre;28;75.77;-3
27e88c25-1fff-4845-a7b4-29e17a400550;322efaf7-76df-4550-b16b-c34233a22f74;Quiz 1784 - haut;20;48.78;-3
27eff718-1d61-4c4e-9c06-569203a64bc0;7787395d-32f7-4e4d-9f73-d65f9a58e640;Quiz 2380 - mien;15;51.28;84
27f9d8ec-2f10-40d5-8d89-f00dc3f640bf;bd7e7151-7e1a-48f8-9d92-7fe58998e9b3;Quiz 4985 - cas;10;51.63;54
28170c44-07bb-4dd5-b266-4aef9b88d8ac;3276a8d0-81d0-432e-912a-2fd8c35285ac;Quiz 4413 - oh;14;28.28;37
281badbc-d50a-4acc-831c-a5144988d139;f6b20483-32a1-4177-9de9-daede108531a;Quiz 1305 - endormir;20;19.14;-4
28382c19-7e6f-4b4d-94b9-9878f9bc783e;8711089d-00e5-4bb1-97bc-66ae10ee5ba0;Quiz 1112 - trou;21;63.18;88
283b3d7f-ba2e-41a6-9283-cd4feb966fe1;545bead1-b4e5-49cd-ab8b-d84c68c3a610;Quiz 2973 - accompagner;20;21.24;93
283ef356-90bd-4a05-bd6d-ecfebe3f7c5c;bcf96738-d98b-45a3-b392-7eeb01cb7aaa;Quiz 406 - social;21;65.89;-10
284f732d-8193-4a13-abbe-7a2ce7d54d50;97a1208d-55c7-4c0b-b10f-429c1d9ac049;Quiz 2393 - reconnaître;17;92.38;242
2850d2dc-24a0-4af2-ac04-8d41371865ab;ed2c2fae-d407-4254-985a-ca4e003d4ecc;Quiz 3410 - quoi;8;60.89;29
2851fbbc-9b59-4bfe-ac44-f9ef1eebf01c;82437a31-36f8-4a95-bd16-a3cb9e746a19;Quiz 857 - sujet;16;76.05;109
28555eaa-06b4-4a99-97d6-4cc41f4d8a80;ba01385f-dacd-4be3-a06c-b709b8ad41b8;Quiz 4636 - avouer;18;86.55;106
286e538b-258a-485d-9522-eed27b00aff7;f9acede0-02bc-491a-b8ae-f0fd40c56ca2;Quiz 4920 - saint;23;15.97;24
2881df3e-7edc-4d22-a664-c9b0f58b0d1b;93c69d93-a115-4f2e-a6ff-dd399af9151a;Quiz 2470 - si;25;62.85;333
28820df9-f950-4c6f-b7e4-00dd610ad8ce;33c92fad-fe8c-4793-b45d-84ac055ebb6f;Quiz 2194 - retirer;20;46.33;71
2897e336-8a53-4aa5-8da7-e316f06e81a3;c6b6b11c-c3ab-4781-974f-0465f617dfa9;Quiz 1193 - roman;23;96.19;-2
28b32a49-f07b-465b-9e11-9818d19b7c37;37143099-35ef-41bc-bb99-a1c42db0337a;Quiz 1950 - visage;12;82.06;90
28b9d1d3-95dc-4e39-94fb-3d63d3fcaa1c;f76226ad-70a2-496c-94d6-0b07dc366dd4;Quiz 3904 - front;29;34.97;-7
28c17d26-707e-4456-bb87-8029d1dcb7d2;10b536e9-15ca-4cbe-a76a-28848901c1f1;Quiz 2103 - entre;7;54.84;453
2902c7ef-95f7-4d84-9fa7-e59994763269;f5e534cf-4b22-4a17-a4d7-2c272123dbbd;Quiz 1203 - glisser;5;56.2;479
2907c0f1-4f43-4296-81a8-0e857740c557;0815151f-d345-4b1c-8f17-83936916ea28;Quiz 1984 - sommet;27;33.68;43
291be00c-a785-44dc-8325-d74bf5088ad1;f57bb74e-ff66-4ca8-8890-cf9117b57f48;Quiz 2060 - événement;27;43.73;88
2923779c-1a50-4fa7-abfe-531321f1b387;f0a5b9e8-6c67-4898-af9c-e0bdf8db3af9;Quiz 228 - chiffre;8;54.25;-8
292b537f-362f-414b-977c-162ef853b83d;fb46677a-e146-4085-9189-5276734c7b14;Quiz 3202 - remarquer;16;53.99;390
2932a4e6-0bf6-498d-85d0-f82c91e9c48f;75c1097b-817d-4efd-b316-7459260f7e75;Quiz 2511 - dans;13;14.38;-10
296fbbb1-bf71-4cc7-85c9-c512a3258e64;f1f860dd-2183-4850-b57a-20a2c619eefa;Quiz 2156 - distinguer;30;25.2;-4
2971a6f3-8f44-48c6-b26f-c8f14fe2bcaf;3d7522c5-c46d-459c-9e1e-7dce6b0bf115;Quiz 2749 - joue;18;67.48;464
29894e12-ab28-4be8-a5c9-319f7f62d08a;23b845c8-23b0-432a-8051-b877decc8ead;Quiz 1955 - delà;25;74.27;-6
2996c80d-eee3-4f7e-87e5-82ac7aa67f3c;65601b12-9feb-44b7-815d-ee4304145324;Quiz 4241 - champ;17;10.17;14
29ac20e1-31a2-4658-9b5c-79923e5d8b4b;ca2f16ef-fd7e-4604-9542-d6208155bd32;Quiz 4715 - étendue;29;96.62;402
29b5dde3-670a-4fc1-a0d7-eff5388eacc7;8269b253-4997-43f1-a78d-3b9e7a14a62a;Quiz 3432 - système;30;55.28;101
29b80b76-f823-473a-98f0-d4a1f2c1b664;11cf5411-2a9b-469b-b16c-070c96f4e024;Quiz 3938 - important;16;61.29;445
29c77e6a-3b08-4379-8edd-b04518fa9e9b;081a029a-e492-4e69-872d-d05f90085f93;Quiz 3544 - étoile;29;86.56;474
29ca7556-0268-43a2-881f-9e22368e0cde;ba01385f-dacd-4be3-a06c-b709b8ad41b8;Quiz 3064 - six;9;75.12;32
29db167d-36fe-4699-9b0e-0c4aad3b6640;7c35a312-a098-498a-82c9-1a2ce4087082;Quiz 1564 - chaleur;19;88.07;-9
29efe07b-4678-4e26-85bd-ec685944d04c;b10d82d1-c04a-4b5c-a9fc-6642eb775f0e;Quiz 4711 - présence;13;56.71;-2
2a2392e1-a918-487e-9ff2-7e90e4e9358f;fa87c582-d700-4854-a5d9-95215bc101ac;Quiz 2846 - visite;28;27.71;93
2a2f83a2-e6ad-41ed-8b24-5c006203cf5c;841c922b-6bb5-49a2-8096-1970e2744b9c;Quiz 2932 - article;30;57.54;24
2a3284c7-612c-4772-8262-c207c3e3a2e9;7f9e10e3-7686-437c-a771-6fcabb943358;Quiz 3672 - blond;8;19.42;97
2a45b040-d0ab-4cee-9cf7-4ad386d08110;89f5af14-7496-40e5-bdb4-960f29d7eea5;Quiz 4770 - ombre;30;43.43;282
2a4a711e-40bb-424b-9544-437541cae2dc;940413c0-3983-420a-a9f1-3695eca977c1;Quiz 4355 - épaule;13;19.42;62
2a52e8d4-ef78-4ceb-9e63-57093c66a6bb;19adfad9-7d58-4939-944c-13bcb88d2474;Quiz 3073 - confier;23;37.53;-4
2a5c2b66-743c-41c7-ad96-42a886480cec;01d27047-f636-4bb1-a237-4f3e06df0bf9;Quiz 4739 - vaste;14;16.4;0
2a5e0a9f-d14b-4f7f-b899-e69928191279;4e01e0e6-0778-4091-841d-da6a888204a9;Quiz 2350 - lune;23;75.21;65
2a6cf9da-492d-4fe9-aaf9-3427788fae46;fd7f30be-c5d0-43ae-b853-9c2102cf73fc;Quiz 417 - immobile;16;34.1;-1
2aa58cb3-a5c0-4c7d-a404-be09de4bd25e;735289bd-70b9-47a9-a5ad-f315abe24eb9;Quiz 2002 - soudain;9;93.03;-8
2aacc897-34d4-449a-84b8-f7c11479845e;195ea19e-b0b2-4b25-95e1-b60e0eded238;Quiz 1361 - avec;16;21.55;-8
2ab69f82-53a6-4e7a-b12c-89611ccd84bb;f43ffa1e-43c7-4723-9e30-9f039665e364;Quiz 314 - voler;24;50.01;-10
2ac7bad2-00e4-479f-a1a0-bc9546fb6763;67d5fdc6-5f0d-4ac3-bea1-a124d136a2d5;Quiz 3466 - gris;18;77.08;360
2ac9f609-a2d7-4c3e-ab60-e9a751f1d7a7;9b82492d-4ed5-45a5-ad0e-92876bb1f85b;Quiz 331 - amener;25;60.27;465
2acc2965-6e04-4547-9da5-34b0e382864b;e98fd7d2-39f1-4bd7-9359-b3aaf470906f;Quiz 1477 - étouffer;22;53.74;-4
2ace842f-5708-41eb-acf3-5f0396a9de5f;bdfa25b7-b7cc-4e80-9d62-2dba987eb979;Quiz 3690 - autre;12;44.92;59
2ad51610-44db-4673-8e45-fc732aadbeaf;e1bd078d-6c0e-4446-bd43-91038ed51a57;Quiz 1802 - souffrir;21;96.14;-2
2ad76fbb-0033-4616-bc9c-0b5ddeb24619;551e09a8-35ce-4b90-8892-04173acc8b8b;Quiz 994 - marcher;7;11.31;290
2ada0378-c28c-4c56-a807-c39f339a4458;9c34d8db-83a7-4989-84d7-198cbed8a2db;Quiz 2672 - étranger;27;48.36;-2
2addc750-e139-47c4-ab28-5761be871c66;2abeb70f-e743-404b-8b95-ef5b50679a65;Quiz 2347 - moindre;15;51.99;-2
2adf492f-4a7d-4c9d-a0e9-1a74d1ce1098;cb8ec203-d8ab-4410-87da-150e4673913c;Quiz 247 - dieu;21;10.76;439
2ae0340e-e272-4fad-a92b-29b34392eee0;9581c636-4fda-4c37-8c78-5d75909a16f4;Quiz 4507 - action;5;65.99;91
2ae0b435-b18e-4c4a-8c0c-c6ba935cbc1f;439a2658-7215-44a3-857f-db8471a9cecf;Quiz 3661 - parce que;11;88.95;278
2b15c153-3f52-4427-98ee-6bd0b494957e;39d28c50-e9ae-46ec-b6ce-d56a17b56730;Quiz 1259 - retrouver;17;30.85;-6
2b308796-2dbc-4f0c-a719-ddec5ec02163;b8de46f5-f092-4d53-90c4-938459cf78c2;Quiz 4514 - trou;27;88.87;466
2b37a3cf-c668-46ee-b99e-dded89cb220d;4a4e3005-d90c-4256-ad9d-c83e0478690e;Quiz 4258 - entrée;22;34.98;81
2b3aa8b8-fb6d-4f5b-ab45-a77246c27b0b;cf502008-3ecc-4ba1-8904-2827cb2b9915;Quiz 561 - colère;25;92.95;-7
2b481c9d-b4d1-4b9b-a824-80b7b936f75b;b5f30285-c30d-4ea7-b593-0bc23f01f960;Quiz 2346 - grâce;19;70.56;412
2b57382d-98a3-404d-97ff-17e71d686282;7ccd3143-e589-4d77-bde9-07f3682f7c43;Quiz 1595 - sombre;7;76.45;105
2b5861e0-e6fe-47ae-99c1-f4cf743df6e1;7b8895a0-fa45-4838-87bd-c915c6182c3e;Quiz 4736 - voyage;24;32.01;50
2b5cd0d5-aee3-4a4e-b588-54d82a368902;8b78331f-11a6-45a5-a3af-24b90b3fd763;Quiz 327 - douceur;12;42.34;-10
2b5d3154-afe2-43c7-9ff0-10af55926b0f;4c70c247-9e47-4530-b552-bf1dee059e54;Quiz 4332 - vin;27;11.06;21
2b720cc5-cbf4-4d77-8e0e-194884188fe8;9602fd36-950f-4ad9-b017-18989d999483;Quiz 1528 - on;29;75.13;443
2b7c98ae-bc1c-4fbe-bfe8-592b139dbdb7;c5a6bd10-759e-442f-98a7-2fb2c77a724a;Quiz 2144 - roche;11;83.18;36
2b89ea9e-4447-426d-817f-2d97709d4893;5777b81d-2b45-4637-82cc-7c23f6809ed1;Quiz 3188 - absence;25;41.85;-10
2b9a8b02-cf03-4419-b132-e4f1ffdc6f5c;553a9716-b572-4be3-b2d8-1c9cd477f5b3;Quiz 1184 - regard;19;48.31;212
2b9c5904-df58-4e38-9974-d329483c3d67;8f2d75a4-d67a-475c-93bc-570ca1eb24d4;Quiz 912 - aller;15;80.8;26
2ba923eb-8caf-433d-a07a-a83496a31db6;9a952d45-5149-404d-be40-c9c38f18790f;Quiz 3179 - sérieux;8;75.74;63
2bbd7727-13db-4f1b-bd55-86d7f49fb083;16d8769e-22df-410f-bce4-d3f292bf72f1;Quiz 259 - avancer;8;17.85;116
2bc6c1ca-a797-44a6-9278-5508e16b049d;74282bdd-75e1-46e4-8fa0-930772949675;Quiz 1447 - nuit;24;40.48;-2
2bea6f53-7baa-4960-9426-40d8b622c73c;394d4684-3d9f-4f9a-a98c-6f9dccf3340c;Quiz 3497 - groupe;21;10.55;-4
2c059f8a-cd40-486b-99a7-d70b4f9d290a;32ed3446-7eae-4b43-a874-82f364b99e01;Quiz 1312 - jaune;20;71.05;330
2c09face-f6d0-45f4-8b14-08ff72e1ed65;11f370da-b2d5-44fe-aeeb-d9c12037866b;Quiz 4883 - vent;30;72.73;-6
2c0d8b8a-0a66-48d1-9cc6-73a9570c1e27;b4767fe7-155c-4d6a-9b1f-a0529d06fea9;Quiz 2937 - arrêter;24;14.02;-4
2c119b16-0ad0-457d-a738-9c58bb0abcc5;76a357cc-5d2d-42ed-92ee-2304d23188c9;Quiz 1254 - cas;13;41.88;281
2c197922-dff6-42cc-b15b-7ed39e2b5f56;a6dfc040-6a9e-410f-8c2c-5365b4ba1095;Quiz 4757 - habiller;9;35.87;-6
2c231aee-b458-4062-bd7f-24b940ad7a94;056cc6f1-0ad4-4011-80e0-2dd1700ced2b;Quiz 3905 - fortune;30;79.61;5
2c454385-537d-4a91-a4eb-ffed2e28a6e8;c5a6bd10-759e-442f-98a7-2fb2c77a724a;Quiz 4017 - homme;26;50.69;-2
2c595908-1f62-46b5-9b41-25cf36a6a699;ee5a90b0-3f8e-4a2a-b9d6-ddaac72e3107;Quiz 2923 - émotion;29;62.86;-5
2c61b499-c564-498b-a178-f8e29df7b2b6;c20a1481-e9b2-4951-b08e-2a76abb145d0;Quiz 3445 - signe;26;48.11;405
2c667d49-d4f1-4e88-9656-ff5ad8e07f21;730cd275-a4a8-48be-863c-2070272736b4;Quiz 4871 - rencontrer;19;68.97;0
2c6aa4b9-96af-4545-9417-e20e9f944a94;101646dc-53ef-4a6a-a798-2c71c6234081;Quiz 2957 - signifier;26;29.12;-8
2c6cba71-c1f8-4569-8549-05f53e25ac4e;0f003329-0804-490f-ae4f-c5d1a480b985;Quiz 4694 - grâce;14;15.34;467
2c7a5e3e-5b78-4e1e-87c9-57e8d30246d9;cd542103-39a1-4000-9add-3dd989305c96;Quiz 1848 - devant;9;17.83;104
2c7d6fde-9486-4150-8c11-856edaf5d090;79a6d1f7-c1e5-400b-a007-7bcf83fee907;Quiz 4015 - enlever;8;62.07;227
2c8ba90b-04b9-457d-9f78-3659652cfd3a;6d60643d-4372-44ee-b329-7d803e31ff64;Quiz 1146 - front;24;13.73;58
2c8e137a-4422-4a9c-9f96-4289e298f2fe;0b1363d6-ca04-4cb2-afd6-8dd86131d0d1;Quiz 4452 - ceci;21;56.26;-8
2ca316a0-64dc-4ea2-bd53-19f93b07b853;e8b18866-4173-4b56-a61e-82955e595813;Quiz 604 - commencer;29;33.15;417
2cb2655e-bdd8-416a-a962-910c7b130ae0;b5f30285-c30d-4ea7-b593-0bc23f01f960;Quiz 762 - seulement;21;18.01;84
2cc4108a-4b94-4865-bcdb-cf3b7f6d4929;9317f675-456d-48c3-a930-e4d213d14e58;Quiz 4835 - fuir;9;32.25;104
2ccf990a-5d2c-4992-ad84-b131f390508d;e5389e58-70f2-45b9-b4bf-ad67a65a53c8;Quiz 3095 - mémoire;29;71.13;477
2cf56377-9ab6-495e-96e5-25fbb561dd65;0ca044b6-b983-44f0-b8ac-eecb4b8dde2d;Quiz 3409 - année;22;39.1;-2
2d144339-7575-4a8c-a19c-0959ea8be2b2;f6b20483-32a1-4177-9de9-daede108531a;Quiz 817 - signe;29;76.99;54
2d1487b0-e4c4-457d-a5fd-9116e224fe2a;2153a76e-ce16-48ee-8d6c-af2080a1aeeb;Quiz 4035 - soit;20;85.14;-2
2d1813fe-700f-4af5-98d5-f9b6f3311889;c5a6bd10-759e-442f-98a7-2fb2c77a724a;Quiz 1097 - dimanche;24;72.03;424
2d18d1bf-a6c2-4457-838c-b597ecebc7c7;0f33cec9-2def-4aee-9fc3-a0590eb0f8bf;Quiz 4366 - route;11;63.96;449
2d23eb99-f5af-46b3-8743-014284f06071;eeec9135-a32f-4eb2-be42-1bfaff57eeef;Quiz 3240 - midi;23;19.68;23
2d34f169-565d-48ff-9f56-9bfc1b39f9be;826b9cfa-5b40-4689-bd1c-42e3ed62b9e2;Quiz 2518 - fier;6;95.97;304
2d371fae-730b-45f2-b891-517929338d2e;942d6ffb-4a46-4078-aac6-9d3d6bc88ab2;Quiz 878 - mariage;20;65.96;62
2d4ffc2c-35d3-4b68-a2b5-fb20a8de7800;ceb8a1c0-8439-46b6-86a5-539914217538;Quiz 2829 - masse;12;40.47;450
2d541165-e0b8-4dda-8dc5-b3e8ffeb0fd2;3d7522c5-c46d-459c-9e1e-7dce6b0bf115;Quiz 3706 - pierre;26;57.57;-9
2d6c2aeb-763b-4214-a5ad-e649e5ca58ac;77085eb7-da39-4f67-9d48-31bd78e8bc94;Quiz 3617 - forêt;7;69.23;429
2d7f9048-d47f-4ca8-a914-0d5a65a08249;c865b50f-7feb-4689-9900-c5c34cb2d4cf;Quiz 2935 - désespoir;28;24.65;222
2d9f2a5b-10fc-4e9c-a2b3-09000cad7d15;ade10cf8-ade8-4a31-ba01-22f5d97deb88;Quiz 1801 - poche;9;55.87;111
2dad2c57-a324-45d9-bee0-222f856eabf8;8269b253-4997-43f1-a78d-3b9e7a14a62a;Quiz 2336 - neuf;18;93.68;-8
2daee45d-4d8b-4060-93b1-f884f82fcf34;cc73db24-0a87-4ef3-b00a-09f5f8402696;Quiz 2317 - an;14;67.18;224
2db4b33d-41a2-49ff-80e2-5679d9c91268;1768b552-9c73-4442-ac82-12d480052a8b;Quiz 4030 - jour;24;59.94;428
2db6bb96-5a9a-46ca-9427-242fab6f359b;19757271-ccf3-4323-b2f7-e0fd7e02f50d;Quiz 2479 - empire;17;20.92;202
2dce187f-c04b-48ad-bb6e-b1be506436d1;01d27047-f636-4bb1-a237-4f3e06df0bf9;Quiz 785 - or;23;82.98;259
2de614ab-bf8c-4d6b-ae3d-2e14404e4cca;632568b6-5118-48ba-9e8c-900617b9167a;Quiz 1752 - précipiter;19;87.15;322
2df962fb-3a56-4675-b3aa-7341777562b6;9a50277e-4b94-4486-9f6b-f51ee515fd20;Quiz 2967 - fille;18;82.45;-1
2dff55c3-1895-45fd-88b5-122db7a2b0b9;59513112-0cd0-42ad-9df3-bf93ed4b4f18;Quiz 3308 - haine;26;91.95;247
2e17d88f-6474-4531-b7e5-49f85b93ee8d;96c1961f-5012-49f9-9f14-14bc1545720c;Quiz 3062 - magnifique;14;55.05;78
2e29b4f4-e001-4afd-8403-e06c7774cf2c;afb2b7bb-552c-4d0a-b071-f77f2378e669;Quiz 848 - rose;22;32.09;18
2e2af15a-1404-4512-afd5-9a907c34219e;32145d13-43f2-49f1-b8df-65eb84e3c90d;Quiz 2206 - chaîne;27;88.18;260
2e2bfc55-6f2c-46d4-ab7a-c591d68ff62b;95fdbbe6-c259-43c4-95cb-62515d208ffc;Quiz 2046 - système;11;62.81;279
2e2ef4bd-a707-4506-9b1a-7f5795f0ba71;a196b466-6812-4505-b559-b5eb1590e95b;Quiz 2655 - soir;5;54.75;3
2e336773-2951-46d2-b56b-7a7c35eaec60;e7f0fcb1-b810-4aef-97e4-23a7068d1b77;Quiz 3343 - mal;30;61.09;12
2e3e9602-1105-4f2a-934a-95f04c3c9684;c3a7f298-1575-4b83-bc3a-dc0ff62d9300;Quiz 2246 - bruit;22;64.51;463
2e77cfa7-2a27-4f53-a459-d68d4ff35f39;70d1cf2a-51d0-4c8c-a0cb-195762a17e43;Quiz 4561 - froid;17;87.84;225
2e84fa85-7a8b-4f22-b38e-bb830bfff2f2;b9342244-a3a1-4125-ae8f-a83838e7ac9a;Quiz 4074 - fuir;28;60.18;0
2e8f15da-f5ef-44f8-b508-fea7371b2b2f;a38b589f-9838-4948-9b96-9b40d92ee004;Quiz 3732 - premier;30;74.76;244
2ea44851-29dc-47f0-ab58-fbe3d15d2797;ff189453-2027-408a-8c08-bf377b6883bd;Quiz 696 - écrire;6;76.25;-10
2eb0fde7-e065-4b64-91d0-e4bd2428ad79;74282bdd-75e1-46e4-8fa0-930772949675;Quiz 1412 - sonner;27;18.49;20
2ecc1699-1fdc-48a3-9abb-6277ac0fc704;3e5f5450-b572-46ef-bae6-a0b86b9af0bc;Quiz 3832 - apprendre;30;83.29;-6
2ed1e48d-dc16-45cf-8e7f-c13cff30e2f1;0de333fd-9020-4a05-8ca9-67535f57baaa;Quiz 2681 - celui;27;38.91;469
2edc16a4-050c-41fa-9a7b-3880d21f4f14;d3b07746-a193-4dbb-8502-0c7a9c999c06;Quiz 2307 - liberté;23;11.12;492
2ee85fb5-6114-4d14-9a12-f71fef4e1ef5;25416003-389d-41b8-89f3-d33303895cd1;Quiz 1055 - couche;14;99.32;272
2ef3a987-76b6-4c5a-bcf2-026b3b723b4b;5239b19c-81c0-438b-87dc-66d0244da2f5;Quiz 3525 - étudier;24;46.67;73
2f078d68-9d2a-4265-ac4a-1733cefde791;c0f06e2c-9776-45f5-aed1-5c38476a7cd8;Quiz 157 - anglais;29;93.34;-9
2f0a576e-f99a-4589-a3ed-82507ef9a49a;a337daa7-41ee-449a-a3c0-35092c758c90;Quiz 4003 - aventure;23;52.11;59
2f15b906-1026-49ab-8f50-04bb74c2e7e8;cd3493fb-4ea0-4644-887a-50d421d8b09a;Quiz 395 - calme;25;86.01;13
2f2b038b-5fb8-4682-b40d-5159c613b568;84639015-df65-4a90-aed1-a6c93d99a418;Quiz 1407 - désert;27;35.23;29
2f3e9ef0-0af2-4714-bb3a-677f54fd55b9;bf1ad179-0652-40d1-9d88-19f5a844cd18;Quiz 145 - remercier;19;76.87;94
2f471e21-d715-4a2d-85e1-9f2fb40d3a3b;b543ec04-5e8e-45e2-b6af-dee99893f9b3;Quiz 3912 - cependant;7;16.35;4
2f644948-a5a2-4609-a524-e84cf2898b5c;36eb766f-8d08-4b1d-ab71-b052723328db;Quiz 643 - visage;13;41.57;-1
2f688a90-71ed-4235-9dd3-4d1fcce33fc6;940413c0-3983-420a-a9f1-3695eca977c1;Quiz 2909 - finir;28;43.15;-6
2f74cdc6-a333-498e-8a24-038c65ef5c9f;ee16d3f9-e41c-45b3-a5df-27adf3c9e3ea;Quiz 2475 - franc;23;23.73;353
2f7cc23c-cc4e-4bde-8968-a35fcd1b43d7;6b57668b-09eb-439c-b188-18f215cc1942;Quiz 3208 - rue;28;76.23;78
2f7d8bcd-a987-4c99-ab77-9b95f3f833f7;f00bab09-c4ec-40d6-837f-e7b7a6f3e597;Quiz 606 - presque;15;86.3;-4
2f813d75-f9af-4b22-9752-80f9afb5f064;32145d13-43f2-49f1-b8df-65eb84e3c90d;Quiz 2953 - mauvais;7;35.57;105
2f887e55-a751-4bd5-8207-404d7701cf96;02ebd002-b584-4d22-b4b9-08d45f09645e;Quiz 2928 - tenir;6;87.17;-9
2f9ae9f9-d25b-41e2-a466-b7db7511d583;83b5b93a-d7b8-442a-a493-beee64fd4eb6;Quiz 4415 - prêt;19;14.79;34
2fa9ca67-89a0-4617-aafa-6b5d0708c507;e52f42a4-7c36-4ea9-abd7-efd3fef3959f;Quiz 2587 - cacher;28;99.78;39
2fabd1a6-fbd1-4d6c-964c-25cfda24c220;a188a5fb-59fe-48b7-9c5d-e7871623d5f3;Quiz 1170 - tout;25;28.67;88
2fb14691-5ee4-4723-b517-b0cba23e1e8c;b8404719-7b0f-405e-8a90-4d653ec830d0;Quiz 437 - sauvage;14;25.22;-10
2fb1f681-bc37-4234-b24f-89c8addfe856;e46056cc-1323-4725-8e52-ea9da22e34fb;Quiz 2912 - sauter;21;26.32;101
2fb3a763-d041-41a5-a389-9288e2cbfb63;7ab25d19-abb8-41d0-aee8-c6cc4c37e083;Quiz 4628 - sous;9;77.52;-1
2fb6a195-30ee-4a9a-b636-18b231c83d89;8e26408c-052b-4887-b100-f2e37c0b6b1d;Quiz 1620 - résoudre;23;63.86;314
2fd4b817-70d1-48bf-83da-290b0793766c;6ce2a6c1-dd45-4e81-adb8-00bfa82964de;Quiz 546 - doute;30;65.8;-5
2fd7ea53-b257-431b-954b-183a3ac5aa57;431615d0-0e3c-4c51-8dd3-afb49213c7b8;Quiz 1898 - début;22;87.74;49
2fe3f844-a128-4053-8975-c53d5f795307;c3843bcf-1f58-4e18-b103-269f80578cf7;Quiz 2527 - barbe;27;82.4;28
2fe5cb2d-a1e1-4828-95a5-af83407de279;4904f107-c7a0-445d-abf7-d18248e0597b;Quiz 3880 - dépasser;27;73.75;-10
2fee310c-d3ad-4b8a-89c5-b9a94928ae32;9f9fc98e-b443-445f-9cf0-a8cff9d52d15;Quiz 1612 - monsieur;8;82.58;274
2ff861c4-4c24-4892-aee3-5eac4ded7f3b;e0a58506-4590-4dd8-b7fc-0be327422e23;Quiz 495 - paquet;27;41.43;246
2ffdf5af-e1e4-4e73-a514-0638fe08c5c0;3de0ab81-b712-4ca2-a037-75d95930e73b;Quiz 3861 - tomber;27;30.73;300
3013cf06-b3f3-4093-993d-99c3d7262aaa;db242367-da66-45db-bc63-e6088c8f5eea;Quiz 58 - rideau;7;96.31;4
30175557-2b31-4ca6-b55e-51f673e77052;b28b465c-935d-4618-a6d5-84c87e1957ae;Quiz 981 - angoisse;23;83.73;68
30412fbf-a304-4c79-8d61-928ef51e1e7e;9917377b-2720-4c9b-a965-f60a0881700a;Quiz 601 - etc;16;60.03;77
3057b70a-5d0a-46cb-a4c6-d137ac2a8bb4;e33bba35-8860-4444-95eb-4902ef966754;Quiz 2149 - remercier;11;50.43;22
3058ff8c-87b9-4a09-bccf-39c88e9e40f0;d2ea13b4-1119-4170-a5f9-c59f0fcfd643;Quiz 833 - compagnon;12;66.8;-7
305cd481-3763-4079-8472-106b145ee037;6d645b02-fed1-4691-9dde-2ad0e2b7ef0e;Quiz 4081 - fin;5;90.67;-3
30608169-b02a-4f5c-9f66-611391e656c9;163843e4-5240-447d-af66-3e22b66ea409;Quiz 3803 - fleur;22;42.39;-10
306359d0-fdbd-4107-a9e3-143577f18f7a;87e0901f-eca0-4927-8dc8-e8668c5e11ac;Quiz 3590 - déclarer;24;77.12;-8
306aea2d-5fa4-4e8b-b4d4-158038490069;e64bdd19-5578-4f33-bc14-5e33de3fed08;Quiz 1523 - heure;9;52.51;224
30881006-5b47-4c19-a024-c0bb3068cb55;322efaf7-76df-4550-b16b-c34233a22f74;Quiz 1434 - perdu;15;77.33;268
3089f1da-d200-4944-8850-ec38880c6966;f7b17199-3eb3-405f-948f-68ebcecf9b27;Quiz 1562 - examiner;16;97.15;-6
30985751-c487-45e3-aa64-50aadb2bbc5d;2ae021b0-3976-4533-a368-638964e181d2;Quiz 94 - user;23;38.14;-6
30c6e97b-45e2-4fc8-8d2a-169adfa2f5d9;2097a4d2-2453-4f61-8bf5-edc3e309cb19;Quiz 233 - ministre;16;30.05;29
30e5aaff-81bd-4521-b6fd-41d7c816ff19;be0fa0ae-0300-4596-b16f-fe7e694fd8a0;Quiz 3819 - sien;26;94.95;27
30ff3b54-90b1-4521-a55e-04cb19791f86;b9ec29d0-9f6b-48fc-8adf-4d367b6b7139;Quiz 3328 - cesse;16;35.01;402
313603fd-800a-4c91-9777-ce8555fb43e8;f94cf4f2-e56a-488a-9eed-17d69b5d60be;Quiz 1677 - dernier;29;16.82;-1
314bfd65-22d2-4a57-bbdf-292562c5d64d;161a910b-122d-4e45-8aff-5405e4fca82f;Quiz 1946 - traverser;27;76.0;-9
314f2ca0-b73f-4fd6-9910-f0327c606634;1a8ba412-15a7-4e3d-86af-ceaed4aeb4cb;Quiz 3609 - douceur;6;66.61;-5
3151c889-e45b-4239-b789-697be0bea131;8fa42a52-a6b9-47af-910d-573059985096;Quiz 884 - quelque;20;79.12;-3
315f28e5-574a-48e5-bc1d-839d4f588387;5a57e4f0-68b0-4a32-9bca-e5a6e33ef8e2;Quiz 4820 - sentier;13;87.41;-6
31724ffa-4126-4ed0-9fa7-4bcf137af833;ee34b464-2bce-4bfc-8c3d-78dbabe7df33;Quiz 542 - lire;28;83.11;313
317ea289-abde-4814-9684-2b2ce50b1eed;d4dafcb2-ace2-461b-a3c7-6e9da394adec;Quiz 2839 - village;16;56.25;94
31935743-6ebb-48b7-b953-bcba534b34a8;8dbae4b2-99c6-4320-912b-a28df7e3c77b;Quiz 1001 - aider;6;60.09;434
31996d25-fe67-498d-883e-1c73be89d7f6;b64d7342-081e-4ef3-b7fe-318fcca0ff66;Quiz 3937 - soirée;21;94.49;84
319fa648-dfba-4674-b472-ee3d0fcfba10;93ff9ce4-5ddc-4adf-bc78-0d2fd0e3c5d0;Quiz 891 - pensée;16;92.3;499
31af00a8-6852-4f8b-8c43-b4bec41041dc;1f3f5cd3-5549-492a-9ce8-3ae6f6041f46;Quiz 3442 - pareil;13;24.59;-4
31b6e380-a909-4b8c-9406-abc82d406ba1;50596fdc-caa1-433f-82a0-0aa705de5a03;Quiz 1730 - coucher;21;90.73;-3
31b96b05-21f8-4ae0-9f5a-ced6c944307a;672dc4ed-b845-4da3-8803-f610cac5187e;Quiz 4479 - pays;14;77.38;15
31c80ad5-6dcc-4667-af99-3addb271a97b;c3a7f298-1575-4b83-bc3a-dc0ff62d9300;Quiz 1139 - travail;22;74.69;334
31cd25a3-0bc6-42c2-93b3-ad1e0f865210;f5679a02-b99a-4153-b58f-746bf63453de;Quiz 4948 - ramener;29;77.15;-1
31f4fee0-fab6-404f-8f53-ed75ff527b58;9c44d1af-d1aa-4c49-afc7-b0b462e2586a;Quiz 2257 - maison;17;53.74;-10
31fbf65d-179c-4b0f-b9ab-51c71ecced6a;03b3dd71-b605-42fc-b0db-43dceb73a410;Quiz 1151 - souffrir;21;98.03;-8
3214bed0-0289-46c8-8ce4-662a485054f9;48a44cea-6b45-48cc-aba7-f2e02b792982;Quiz 3193 - pain;28;65.33;443
321a4078-e706-4a07-86b1-4eb216668c90;b8dae5ce-3fd4-4dae-b5bc-4dc05356210b;Quiz 4997 - dormir;13;87.52;60
323b67be-aea3-4421-afec-790ed32e4e23;cfc9846c-1cb6-41fb-9765-0139ea34ea2e;Quiz 3543 - jouer;13;72.35;0
323e208c-41ab-42c0-8921-3cf9f31151ee;fa6fc235-2b83-4ce1-8664-d348b0cec2b4;Quiz 3434 - emporter;24;43.76;352
3256f989-daf2-4514-a10a-c18bc5459d36;24700bcc-e3ec-43e7-8b62-b668bb106f94;Quiz 2767 - deviner;6;40.75;3
32a1a0d5-2683-435d-b362-299c74354378;9d182867-dadd-4dee-9ee8-789593d959fc;Quiz 4279 - milieu;7;63.43;64
32a4ff27-348e-4334-a051-2646eb37e23b;56ef3f0e-211c-46e0-9e81-0874eceb5e2f;Quiz 1273 - votre;21;86.78;-1
32b24d57-b327-49ab-af7e-7c9af186f0ab;86b0293f-9a32-400e-a50c-90c48b384214;Quiz 3212 - inquiétude;30;25.56;491
32b8e3e9-a251-4d1c-af86-af4290fe9c46;cbf99d73-1a64-4c22-817f-43e8e60254e0;Quiz 3737 - profond;28;38.08;395
32c475c3-15b1-48ad-ab30-aa986811f6d2;65601b12-9feb-44b7-815d-ee4304145324;Quiz 225 - roche;26;30.45;113
32c711b0-5e93-4ce5-8f40-71ec6c57a58f;e3dc9569-0192-4f16-ad42-0083153b1a40;Quiz 961 - désigner;8;28.6;387
32c7c2d4-9473-4b2e-94d4-3b3d2b11f2fc;b1fb1df0-730f-41d5-8e83-6c5a21dd9b1e;Quiz 2726 - énergie;5;45.24;14
33031c03-ed3d-4fba-b3fa-364aa037ad72;15045924-4361-4883-b077-78eeb8d71ab8;Quiz 3505 - perdu;23;10.97;-5
3330f14b-aaf7-4358-b01f-31654044c1dd;265f77f2-30ef-4a8e-99a9-b3dd9ecd56ca;Quiz 824 - grâce;13;44.74;107
33338edf-7004-4000-83a4-c0ebf3c31779;49bf5926-3984-4349-b3d7-930ad78a85e4;Quiz 3841 - branche;28;73.47;-5
335578dc-a50c-446c-97c2-69ed89fe9ade;1884b798-0c4a-4bfb-8380-a1b61da63b61;Quiz 647 - décider;19;53.51;-6
3355db7c-4102-4da0-95ff-0ec3ab1b65af;c46bbabe-72b4-4a42-a42d-b99c675ddb65;Quiz 408 - voiture;28;26.71;-1
335639f8-cae4-4144-97fb-541cd161183c;86ff72fd-a55a-4c40-98fd-6ed0d68b2d48;Quiz 1544 - cuisine;8;73.19;267
335e0214-4f18-4012-8769-e41a76f557f8;f0328675-6251-4838-8e14-134144dc5552;Quiz 3462 - entrer;5;73.01;59
33759c3d-bb5c-417d-a232-68d84715bcfb;f43ffa1e-43c7-4723-9e30-9f039665e364;Quiz 3623 - traverser;15;83.52;-5
3378670d-3354-4b2a-b8c1-00fbcc2bcfb4;ef3ea579-2400-40e6-a3c2-f81f68633670;Quiz 1729 - notre;29;17.31;335
338cf8e0-3332-4d69-9154-f3df841e8588;3b88183a-5518-4a70-958e-029b298d4eb0;Quiz 4048 - source;26;62.48;231
3396826b-a56e-43e5-86ec-c294cb337392;c0a82d80-2e00-4e73-94b7-c19b7fea7245;Quiz 4092 - achever;11;14.91;-2
33a832a2-e9d5-4e65-97a9-556fb3b52960;fd743916-c46f-4a66-b80e-79050eb5bf45;Quiz 4403 - faute;25;71.7;20
33aafd39-f07f-4b1e-aad5-1a57df47fdcb;9a6a32ff-039b-4af3-9eb4-6e392101591c;Quiz 3250 - demander;8;59.4;-3
33bd240a-8a47-4940-b46b-fd2dd31ba26b;b1434337-54d0-44dd-8509-7352883eaa3b;Quiz 1818 - finir;10;84.14;116
33c4dd5a-b81a-43a5-b2e2-2dcf18425db6;607b80e2-f7ac-4ce4-b289-2edcdccb5871;Quiz 3784 - chemise;27;79.6;-4
33c6de29-52d8-4b54-9a32-84e7530bb2c8;cf84e712-e27d-4d76-9c52-fce70ab0a2f6;Quiz 1357 - leur;14;63.68;-4
33ccb25d-c219-40e7-b877-e84aaf85438f;6c0e7669-4340-4f6e-993e-0a3aa59d2c50;Quiz 770 - mener;13;45.19;24
33d4be73-99dc-4a45-ab88-793ebf093511;2e66911a-fc69-41bf-b12e-222fed029c30;Quiz 3160 - tromper;16;62.15;437
33e427c6-2655-4d33-b97b-6641e1f40325;0b25bd38-5b1c-435f-89ba-ab80761e6905;Quiz 868 - effacer;22;49.08;7
33f22762-6334-45e1-86bd-cae7664298ca;98bc039b-1670-4eb0-81b8-2710c4c6e4b6;Quiz 4556 - oreille;23;16.68;72
33faab28-4c0d-442c-9954-efbb526a1989;b9ea755b-23a4-46ee-af84-795fef326fef;Quiz 1309 - couper;24;45.61;91
33fd17f0-51c5-4c6a-ad89-0b4338ee176d;4d3beab0-dfc6-4530-9509-76f12ca510bd;Quiz 873 - hasard;5;56.8;62
341c3e47-1e16-46ff-aa0d-c6eb25ce7750;21ac4ff6-445a-4c18-b6d3-787da12ec6ca;Quiz 830 - parent;27;81.03;330
34232169-8ce3-43c0-b6f0-f7a86319f19c;d37f0de5-1793-4bf2-bd38-58f85b2785b0;Quiz 3460 - loup;9;17.03;68
3426cda0-b0d0-4d52-ae84-d4fc9d295ca3;46646d51-df79-49cd-af3e-267184bfacc0;Quiz 4813 - rejeter;19;82.96;262
343a982f-4718-4c8c-9e5e-ae9473a1246a;3de0ab81-b712-4ca2-a037-75d95930e73b;Quiz 4999 - caresser;6;80.21;105
3441d1cd-2ae0-41bc-ba15-a92e373d819f;c2bc88f2-ba25-4deb-9dcc-4662f6630485;Quiz 851 - connaissance;25;49.09;0
3449e8a6-45c7-4106-834b-533336f6c781;947edb1b-9ff1-44a3-bac9-995866eff77e;Quiz 2138 - mort;16;46.81;-10
3459832e-e2ab-4638-b7b0-12eb1b2f582b;4bfe4bef-dbd8-4e1b-9356-1571d44f4951;Quiz 3161 - lors;25;46.79;0
345d146d-c5ca-49dc-ba7a-dfa915284afa;49a3b476-f828-4518-af74-353d48874a6d;Quiz 2047 - impression;5;18.08;45
347de228-a281-4dea-aedf-19d2b9146f5c;193558e5-dfd5-465f-ab4a-537b80e85c13;Quiz 2030 - apporter;8;19.79;-7
348fdffe-40ca-4157-ad35-2a9d4031b473;7ec0f6f0-65a2-4a23-bd99-9235e530ffb0;Quiz 4542 - capable;23;28.27;459
3494c1aa-351e-487f-96a8-e9ade4a22feb;94dd0b6a-40a6-4de3-bebc-3155f545a66b;Quiz 4478 - sourd;8;87.73;-4
34ae6dcc-5544-4db8-89d2-ad6bcd551f0e;ce135927-1158-49b9-bb9d-cc47d3c06ae0;Quiz 318 - planche;25;96.57;390
34b2cd95-6289-4b39-9d15-29e0515a95cb;925ba2ec-1b5f-4609-8bd3-1f90dd3f6e1b;Quiz 3452 - voisin;21;13.95;272
34b8bc7a-eeef-4782-a299-922a0f93cce7;4a31ac8d-24a6-41f7-910e-aa76314cbba6;Quiz 3140 - lisser;28;63.54;-5
34c25b11-44bc-4df6-8441-6d85257bfb6e;bbe6b8f5-ec41-49f0-bbd5-b6d4ad8e4717;Quiz 4324 - haut;25;72.08;55
34c63b18-5dd0-4bad-a787-e5b91bfd167b;38e6d0ff-18fa-4ee3-a70f-c7c6770e33a4;Quiz 347 - parvenir;7;45.92;114
34d2c002-3d78-43c1-92ec-40175516fe83;4674492e-d397-4be9-b320-bb5513664192;Quiz 790 - franchir;16;62.17;-8
34e4f5c3-ac3d-4f11-bac6-c2326748d74b;63c9ef03-4914-4bf6-b7ad-e67211306897;Quiz 1995 - répandre;20;64.3;-4
34f983b3-4704-43f2-ac9a-c60c95592ed3;2022cd8d-730d-4d4d-b149-c9bc70a6ff64;Quiz 1313 - diriger;14;57.15;-3
351d8d4e-8521-48ee-9259-af04671d34da;11d1845a-6e1d-4053-8da3-1904825a0780;Quiz 1972 - oreille;13;10.28;363
35236fbf-2db5-4773-8870-4baaa9f6d28a;c4bc3f6b-4ef8-4d7f-b5bf-9182cb9590e4;Quiz 299 - présence;27;35.29;-4
3530e08f-dd08-4bc7-8209-a8b960bf1666;6ce93779-c050-4c4d-a30f-60198fd17f32;Quiz 1065 - visite;24;39.78;0
3533d0e4-dd11-49d7-aa4f-66c2ba6827e5;ad47e2ae-841f-4fc0-8dbb-5b3bbbdbf43a;Quiz 3320 - travail;30;57.85;472
354e653d-e595-48cb-a96e-b63cf8c75ae4;935a1797-5a24-436a-8d17-30b839e565f3;Quiz 3435 - relation;23;28.3;64
3554e342-8a76-4cf4-b363-ba7cb4f98bd1;cdf9a4d2-f307-425f-b65a-03b021b4fc76;Quiz 2649 - content;12;50.76;61
3598cbb5-f9af-4798-beba-96fc09cddd20;7c2619c4-5491-4309-aff4-b094b58b9449;Quiz 1027 - tromper;19;91.39;-10
35a47c09-5204-47df-9203-376cd59e6724;c7016346-4dde-493a-95a1-fae636ce142d;Quiz 814 - sûr;19;32.66;-6
35a6dc3c-97bd-4954-8232-d5ae140fd7df;c45e5a7d-8831-4981-b331-bf7a72430385;Quiz 1252 - venir;21;42.43;-1
35c283c6-6363-44af-99de-9b32fd71f0dc;fb19ce48-63f2-459a-8f1b-a161a237baf3;Quiz 786 - tâche;24;93.82;-8
35c90d7c-0df2-4ec4-8309-e0e987d9ee6e;4922e1aa-23cd-414b-aba7-1ac984334ced;Quiz 1772 - oser;27;42.96;335
35ce3870-65e2-4c11-9238-14782e514b0a;5c8700cd-75d8-4f5e-838a-23073fa878f5;Quiz 2502 - dame;11;22.64;276
36031776-8f69-4892-ac50-662db077369a;81509d68-f4b1-4223-a6c9-1b97265fd53f;Quiz 2626 - sable;6;14.06;0
362f2097-d0b4-4564-bbe2-58d777628d66;b058a045-9f31-421b-96a5-5a03a172506b;Quiz 115 - accepter;23;52.99;-5
3635c3e0-0cb5-457c-9668-2469ab46bb29;ce5e1faa-6637-43ef-b4e3-29fe2519aabc;Quiz 2643 - entretenir;27;89.02;329
363fe5e7-171c-4cf9-a3c6-4d594f0d6948;7ae7c6e7-9a7b-4921-8426-ff423a58be19;Quiz 937 - notre;19;43.24;46
3645302e-aa60-434e-a789-2d9ee87c2935;c5f71d04-cbdc-4640-a99b-432463261917;Quiz 1515 - satisfaire;27;51.19;-6
3649e270-e08e-4b24-bbff-dffdbfcf67d6;5dfd11be-2ad0-4546-93bc-2f999bc1588c;Quiz 209 - masse;9;45.77;28
36754bbc-a45f-4791-9fc9-927b47c85ff4;0691cc1a-db8c-4211-86b8-0ac84dcb7a24;Quiz 4205 - vêtement;30;84.79;367
369415d3-ecca-49ad-ae4c-646fbb7984bb;f65e8567-c75c-4673-8756-deb48a2a0b94;Quiz 4381 - voisin;23;90.15;280
36b0a848-f4ef-4b12-a34d-890ad522234e;8542648b-a90e-45a9-bef1-91d91d19f336;Quiz 64 - auteur;6;28.02;491
36b3a59d-4bd0-4b6b-8d03-9c63dba59611;ae90f40d-3cff-49b8-83cf-7ce8738eefbc;Quiz 2578 - parfaitement;22;65.29;-8
36b68a5f-8708-4abb-8d50-2f8634228e18;bcde9dbe-ad13-4151-baec-1a47f0cb9259;Quiz 4964 - ce;11;93.47;382
36b911a8-1d97-4a5e-8618-61a6cf5b3239;af71f160-69fc-4e91-8e93-b31b469ee9ff;Quiz 3020 - chemise;5;77.78;69
36c78556-c724-42dd-af7d-b08343aa1ecc;a9bc6587-c3b1-4818-b5bf-df474b19c678;Quiz 3944 - toit;30;36.95;87
36c7e152-07a0-42de-adcf-fa58eeeae58c;0f1bf910-93a1-49fe-8bd9-87def386b12e;Quiz 2705 - appartement;5;70.64;328
36e44a58-50d7-4f53-9f5b-d3a1dc7821c4;939a0233-9556-4576-aa5b-f4ef97c0d2a6;Quiz 1093 - travers;21;27.05;251
36e623e6-1f3f-44d7-99cb-d146110609f3;260444af-e28b-4ba1-af3e-625c60095da0;Quiz 2913 - reposer;13;39.13;293
36ebaa59-307d-42f3-ae83-2fb135e573b9;324fe1c5-488f-480a-a005-2af861e6bb80;Quiz 1611 - d'autres;14;60.44;111
37050700-6379-49ce-8d16-41ac77113371;a337daa7-41ee-449a-a3c0-35092c758c90;Quiz 216 - ce;26;52.61;284
3705094d-750f-45b7-9653-9aed560ea9d5;6490013c-3d92-4ec7-a0b8-05f93ca82de7;Quiz 1375 - salut;20;77.38;431
370764db-77e8-4535-bb27-4dbeeb172be7;ca615aeb-4dbf-42e8-8a70-ca24548d8555;Quiz 594 - côte;21;18.5;266
37202a47-4101-4b74-b4d5-cba29af41ffc;0b1363d6-ca04-4cb2-afd6-8dd86131d0d1;Quiz 455 - port;26;16.29;115
3720bb7e-b477-46ab-a89f-dcb008ae09f7;1f157d91-8ea8-4a6c-bbf6-4e235c2508a8;Quiz 529 - bon;6;55.91;265
3720fe77-dd62-4a4f-b085-3da37962d53a;d7eee93b-ea1e-4e11-8b1c-77c1850390cf;Quiz 1327 - chaque;30;34.97;272
374bc89f-9096-45e8-bf77-b23508ab56c7;8711089d-00e5-4bb1-97bc-66ae10ee5ba0;Quiz 2980 - un;21;89.97;256
374c2822-ee21-40d1-b65a-f3e7c2eeb101;33dc8b95-0949-4bb7-b976-7042f2a59ce1;Quiz 2915 - vers;10;51.34;336
37770ae8-0d71-45e6-866f-4673cac62e95;c47bbc0d-16e9-4cb0-a85f-8ac1eebe0678;Quiz 839 - plonger;25;19.42;-2
37a4e83f-9a62-479b-92cd-b1a7cf9b12f4;e993efda-34f4-4ba7-ad6b-35bc7e2c24e5;Quiz 2074 - creuser;25;14.85;-2
37b8fda0-08e8-4bf5-831f-2ffa712395c8;e912946f-8dfe-4852-9c1a-f08597abb082;Quiz 118 - victime;11;78.91;341
37bce6c9-b5c1-489a-acaf-99bf14cbc40f;46f14721-d8e5-40d8-b968-cb07b3957988;Quiz 925 - atteindre;29;60.68;-3
37ca5fa4-aa2f-428c-8fde-7c7f4e94387b;09cf5992-420f-4023-9688-eb62973bc323;Quiz 2285 - résister;24;27.01;368
37d68a45-4ce2-4fd7-bf20-68be400f4101;17515393-40c0-4986-bfb8-7944c85e6c85;Quiz 140 - fuir;7;38.54;91
37df310f-e1d8-4453-975b-0221394f39bd;bb379569-90c8-4ff1-94e7-6d1a2621f047;Quiz 2223 - se;27;88.28;214
37ebd846-134c-4068-b5fb-fbe46766fcbf;a15daf69-83b4-4b50-a847-0b562b4718d1;Quiz 2660 - société;8;50.96;42
37f05c1e-6999-4c0a-b921-c311eb69efd6;92d9750d-90cd-4bbd-b323-43b5adb1bbe8;Quiz 4534 - parole;20;79.67;76
37f6b16e-b9cb-4724-a73f-602aaa551776;5ac5a666-8487-4063-96b7-8e0685e2bff4;Quiz 1614 - courage;20;56.7;-9
37f6c998-8a90-4953-9f34-7e62443fe417;ba01385f-dacd-4be3-a06c-b709b8ad41b8;Quiz 2386 - discours;29;27.21;83
380380ef-568e-4955-adf3-1c59965fef48;d2b0703a-5609-406d-95c4-688e93df0c75;Quiz 4709 - politique;15;35.08;222
3811910a-f952-402d-8dd8-998c0bdf48ae;98b317a1-0e6e-4da2-bb37-f8ef312cf12c;Quiz 1524 - dame;30;32.93;278
382f5a36-7046-425b-bf41-3e949cf7aaec;70a599c2-4cad-412b-bc4c-0a8cd9449777;Quiz 3270 - pareil;30;64.68;13
38497dfa-8d2a-4473-a10a-7f82f5235a37;729150c1-1ed9-4116-aeac-18ba6a579cab;Quiz 4882 - coup;11;42.31;15
3866f8e8-5ef4-4eb3-9e33-0fd381f7dc0c;414f0a7e-6b1f-475d-bb64-44bb99d94628;Quiz 597 - derrière;10;72.96;339
38824d18-57b6-4083-93f8-6ca5f7619f7e;435a39a8-96d8-465d-9049-e31e8aee9a9c;Quiz 1141 - colère;14;77.51;-6
38886b36-a509-44b4-91d8-eb4bd7457722;aaa861c1-cba6-4c7f-8477-814bddfd73e5;Quiz 685 - contre;30;84.62;292
38a88664-aae0-4bb3-9b32-0fceb03f8d36;0c5272f3-e303-4846-8065-53bdf736aeab;Quiz 555 - sol;14;15.52;-10
38afc09b-c1b2-4454-8326-d92a123a7326;c9d2f729-b8ab-4df7-bc55-fc8d4a8f9396;Quiz 4963 - curieux;22;44.24;260
38c0438a-edbe-40b0-bebd-8233a3017633;4eb877b8-28c5-4505-959a-b95d468fe190;Quiz 1018 - morceau;17;43.54;-7
38da4f5f-be98-4a9e-a0f8-607a939f14cc;b9ea755b-23a4-46ee-af84-795fef326fef;Quiz 146 - enfermer;7;27.43;-8
38e11beb-7c0c-4837-b411-08a083d05dea;f8c58ff7-3241-40a6-b8d5-2d48d4697641;Quiz 2173 - près;18;64.17;3
38e2cbc0-ce3b-4c0a-ad3c-d352ef3d01a1;9bcdb1a8-27a8-43f5-a009-72a17f9708e7;Quiz 1228 - soirée;5;14.56;23
38ef7f6f-d452-4728-92af-3981878c2cdf;99bfcb60-4f0f-48c8-97cc-986d4824a37d;Quiz 2293 - il;24;32.79;365
38f3e7c0-43b7-4f87-a1da-d23b5f346048;9299bb15-6268-4d22-a4e6-b4bb57b13f77;Quiz 3003 - nouveau;30;30.96;342
38fd2710-7952-413a-9c73-ec218d928080;563cd75f-4ca5-4817-8086-65606be78015;Quiz 1842 - oreille;17;26.25;-4
39131760-c974-4b0b-9e20-2f2df7325a04;743adb55-9025-483f-96f0-4eec2657c2ab;Quiz 1331 - sable;26;93.47;14
392815c9-fd32-4cac-b123-3c930bc25966;f85d5820-19a9-4aef-954a-9d1fc0a5daf6;Quiz 3913 - claire;29;63.48;351
394acbeb-3e3e-4353-ab7c-c4b9a1ceaa6a;b60840a6-66a3-4d9f-a9ad-9366e42bcafd;Quiz 1905 - horizon;29;86.42;240
3952201a-f9d5-48c4-8736-7a7e5bdd96bb;3fc878c4-bdb5-47e5-866d-b5ac9e2b4714;Quiz 113 - petit;18;11.96;85
395d68e1-b1bf-49b6-bb85-e243b9e0c0cb;9917377b-2720-4c9b-a965-f60a0881700a;Quiz 3142 - marquer;28;97.27;211
39609c9d-7164-43ff-a98b-10aedadb346b;9fe653b9-b4a1-4f97-ac12-ae3833a57202;Quiz 3921 - repas;26;57.42;444
3975851f-b007-4550-8d9b-674fccad104b;8c8697e2-dfcc-41d8-a764-5ec1d0302a3e;Quiz 1952 - signifier;11;28.34;201
39765fd2-d409-4c43-8e47-c608a5c475fd;2edb2f2f-a169-4cc6-885f-5f4197685c4c;Quiz 1760 - titre;22;11.08;101
39827e8f-f051-4d5b-b3b1-c46fbee302f6;10d4884f-4f26-439f-8829-c855d6dadfe5;Quiz 2811 - habitude;20;75.54;311
399c02a1-9f8e-4c77-9f60-db1d1b9f6bba;59554f3d-9fe9-4b14-84b5-053c225c4310;Quiz 3665 - révolution;22;89.77;0
399dc71c-777d-43bb-bd38-d919afd07b66;64663101-2735-41d8-b7b5-3e042b358e83;Quiz 2225 - frais;23;48.43;111
39b109c2-5027-4dd3-a9fa-222e9a3797c0;2133658c-1da1-4c6d-aa6d-10c6ba2aa88f;Quiz 3094 - tour;12;74.0;-7
39c3a6e8-26fb-45c5-b582-ceb14ea9f703;cc8456f6-47bf-498f-a788-0fdc5f639f36;Quiz 2022 - ruine;7;51.3;250
39e503f2-1330-4d5f-9ddd-000ee15b8e67;b781ff54-7d16-4980-94df-5ba56313ff6b;Quiz 3726 - arracher;22;35.59;46
39e778c5-7200-41b5-9a2e-05438d4a0356;23b845c8-23b0-432a-8051-b877decc8ead;Quiz 2998 - traverser;12;94.53;63
39f502ab-2ba3-481f-93c2-138a5595056b;c989d738-2d3e-4771-8543-c1341d932435;Quiz 3309 - sentier;24;76.52;458
39f5a607-f3af-48a0-ab62-4029c1d26742;b821a61c-6cfa-4e00-ac17-89d93df51cd4;Quiz 2644 - police;6;71.73;265
3a0d41d0-d00d-4999-acd9-ee893bf9a05b;8d56e576-117a-4c2b-b17a-11be60de1f1a;Quiz 1213 - rire;8;47.72;411
3a202211-b128-4198-8d2a-9ba0573f4e0e;34e13f0c-c49e-48af-9901-60b516650c10;Quiz 385 - serrer;14;22.3;-9
3a3b9c75-580e-40b4-843f-3732a7eb1950;d473f415-0e96-4f46-b911-9b323354e5e6;Quiz 3595 - durer;6;45.99;88
3a401274-6710-4d82-9f84-b3ce4cabf15a;0905d920-e77c-4f98-8f2d-12462c3b9ece;Quiz 2268 - difficile;13;36.62;384
3a4164a1-668d-4910-8c35-a45edf2563b8;3b3472c8-5b7d-437f-9bca-2ee191d78fdc;Quiz 4062 - face;15;51.67;357
3a47dff6-3ab9-4c69-8f76-c4a5143f4926;0975020f-3e9f-42f0-9813-d62e29e5a45c;Quiz 4274 - autre;7;62.14;361
3a512896-194f-4df1-b29e-c57b29d11b69;82437a31-36f8-4a95-bd16-a3cb9e746a19;Quiz 1484 - esprit;8;28.68;328
3a760e1f-5067-4aae-84bc-aae0575e8c42;a1814840-14ca-4420-b1b7-7dc56d72487e;Quiz 2930 - dont;22;24.68;6
3a880df7-9a6c-4557-b123-231e54513999;cd46af3a-64bc-433b-9678-d69d7c2374f9;Quiz 1336 - annoncer;18;82.03;-1
3a8b70cc-6540-4360-ac38-3d6e508a38aa;019cf366-ab48-4f8f-aa47-2f5381b4fd70;Quiz 1833 - demande;20;19.27;33
3a8f288b-9267-45f9-825b-71642a4f1e76;f5e534cf-4b22-4a17-a4d7-2c272123dbbd;Quiz 3596 - commun;14;98.48;86
3a9ab57e-3797-48a4-8ab1-b8dc64da5f70;ac1df6c7-981f-48bd-8f41-a208423c30e5;Quiz 589 - particulier;21;44.06;-6
3aa8c41e-3254-4cb0-8fa1-f76c222dbe90;8839d11c-29aa-4123-a25e-efde9dbee2da;Quiz 2866 - accepter;25;66.83;-3
3aa9c05b-8ea5-4377-8769-012a6d4d7c57;af806544-7b52-4d5d-9bf2-b66f4cd267af;Quiz 678 - taille;11;89.27;13
3ab28db9-f9e0-4747-98e6-860b7803f5ac;5c8700cd-75d8-4f5e-838a-23073fa878f5;Quiz 2784 - leur;22;45.14;56
3ae0159f-817a-48db-8682-8a85e556fa99;11cf5411-2a9b-469b-b16c-070c96f4e024;Quiz 4149 - paix;25;87.97;99
3aedaf49-b4b3-4b29-95f9-655a4e0c7d50;b781ff54-7d16-4980-94df-5ba56313ff6b;Quiz 2542 - plusieurs;9;32.66;4
3af5ab72-184d-4712-82e5-63a8ff2694a7;f352c13c-bf0e-43f3-ae57-68064f13f7d7;Quiz 603 - soldat;12;96.61;467
3b0f3e81-1567-4f86-ab8c-03641e926fab;f6b20483-32a1-4177-9de9-daede108531a;Quiz 4050 - marcher;18;17.61;0
3b129400-0778-4931-bace-d0b7f9bf03ce;3c19d9ea-43a5-4877-b126-b52f466712d5;Quiz 2658 - guerre;6;66.13;253
3b2ad8dd-22df-4d05-8160-271617c283ad;199a09f6-17ac-4d54-bb86-56fb2c6b596b;Quiz 4830 - forme;17;62.16;396
3b2cea02-b721-4ace-85fa-782e19f60391;e3476730-7198-44df-a3dc-c0e7bce7d6e9;Quiz 340 - journal;17;73.22;498
3b3d1396-6ebd-4379-a166-5978fc6c01dd;ae90f40d-3cff-49b8-83cf-7ce8738eefbc;Quiz 4779 - rejeter;18;45.61;422
3b4bd1b5-298f-44e2-9bf2-6e225bb8780b;ac1df6c7-981f-48bd-8f41-a208423c30e5;Quiz 4650 - cinquante;14;93.02;-9
3b721299-23aa-4c82-af46-9a9d105af64c;208ba8c4-091b-4a10-bc44-39794ec3bcba;Quiz 4621 - livrer;10;52.11;407
3b826f9d-9375-476e-a321-5d87e6987349;f12296d4-5bd8-4152-b3ed-f0f431335ad9;Quiz 2345 - toile;13;23.63;23
3b9000dd-bac4-4ceb-a49a-43c2c9d2002a;3d8f6cf2-96f7-4681-96f0-d22ac2351ef0;Quiz 2270 - révolution;6;75.89;-8
3b921a5b-634a-48d8-9655-549bdb755522;f876908c-6a4a-40f8-a023-5895856598fa;Quiz 3139 - désir;28;64.93;76
3b983731-ad35-4918-9922-64bdeae6b7f4;bfae2d78-149c-4b82-8620-c91064e032ca;Quiz 2424 - docteur;20;56.61;316
3b9bda3f-394b-4413-98f3-95fdabcfcaf4;2f96285c-2dd8-4f77-86a3-28c6dd5cd3be;Quiz 109 - militaire;28;50.67;244
3bccdec0-da12-4d2c-a8a9-f90ea72a56d6;35b25ed2-fa8f-42db-ace4-5a78e7437f11;Quiz 2097 - battre;21;35.64;-9
3be9ff67-9891-49e6-925b-6852b7ac17b0;e90bb46e-df97-424d-a285-3000f246d2c4;Quiz 3639 - choix;6;33.46;-4
3c03dc53-5b16-4a03-bbc1-6510a896d95f;1bb9913c-d9ea-4437-9e1e-41eed634333e;Quiz 1189 - matière;26;64.89;50
3c23d614-37bd-4d3f-99fb-bc1463c8fa3b;9602fd36-950f-4ad9-b017-18989d999483;Quiz 1386 - objet;25;45.78;-3
3c2651d8-5d01-4e87-8da2-6b0ebab486ae;00f9305f-0cbf-4d82-a328-c4f543dc1ea5;Quiz 1925 - besoin;5;48.98;-2
3c5705d5-058b-415b-be0f-0ffaffcd9589;95a9c472-501e-408c-b3b6-14ef720d2912;Quiz 1384 - coeur;28;40.07;-5
3c5776c3-f059-406e-8e86-c9102c818d35;b8ae9a8b-cc90-44e1-8f92-5f9e2b3bd873;Quiz 2300 - alors;17;75.16;404
3c64c48a-2c9f-40bc-af4e-f6a1922e05f8;abb91f4d-d5d4-4b1d-933b-efda3086fe64;Quiz 4248 - renoncer;9;60.68;-9
3c6efe9d-f936-4d8e-8cdd-0c454addd44a;c6e9f212-a8e4-483a-83cd-85ddc7aaee94;Quiz 1053 - dont;19;80.17;-10
3c75b05b-633a-46fa-a1e7-a9b1b705ef22;f8ea210a-7458-4930-9c9b-96ca75ec43ca;Quiz 1237 - rose;22;34.08;69
3c83d293-2485-4d5f-a5ee-222f58b7949c;3826163d-94d2-45ab-9dee-6b4292af0ce0;Quiz 2634 - trente;12;45.01;293
3c8cfa0b-b217-45a8-98c2-0a96e974fbf4;3871acb4-e050-42a3-ae88-931b7ee54d7c;Quiz 1464 - gouvernement;24;57.17;66
3caa82af-d2d1-451a-b308-56634b5307fe;9def6729-8a95-47ca-89c9-523261deaefe;Quiz 2391 - construire;19;19.37;89
3cb23594-eb1b-4bf3-9c8e-0e5e1c584992;5e23bd5e-b863-47cf-be8d-8433bdbb714f;Quiz 796 - trois;23;84.84;0
3cb3d7ae-7e8f-48f7-bb08-df1d55adba09;1011c592-664c-4c06-88e2-7e35a48944f3;Quiz 3646 - offrir;11;64.16;101
3cb81895-83cd-4f74-86bb-2def3d537949;4b4d0fe7-f1f0-46d5-888a-d9f3d1213280;Quiz 2535 - maladie;8;81.3;-9
3cf672be-1f04-44a5-8185-b0ec5e6e6787;e62e7327-7bdc-4d4f-9956-58191b1690d4;Quiz 2865 - naturellement;14;17.92;-6
3cfbbf4b-4e32-444e-8613-a8c2f35c8eea;888642c3-8ac9-492e-a638-24a5243e9c09;Quiz 3247 - avoir;24;80.46;-4
3d0ac413-9814-4bfe-aa9f-976c9df10aca;7e02319f-903b-415c-8a6b-2cdc0d1e0e9e;Quiz 761 - seigneur;15;73.69;88
3d14b595-44f3-4a83-b5ac-8ae80cfc30ac;c6bc4eaa-b5c6-46e8-8c79-c74b8fa13df6;Quiz 4827 - objet;11;68.74;405
3d236027-8cd1-42a9-906c-aa9e64c691c3;ab010af1-d9bc-4ae4-9ec4-50c28998d6f6;Quiz 1131 - avec;24;88.54;83
3d6e35c8-f728-4aa4-8d77-f30fc82e909e;0335daf0-377c-48b5-ae55-f7717c9954bb;Quiz 4346 - petit;29;16.06;25
3d8775e3-c2c5-463a-b2c1-8a4a37d0cfd3;61ce7fbf-f416-4c39-836f-dacd33116ccb;Quiz 509 - inventer;26;73.12;213
3d8b7b0c-1cce-4d4e-a122-a50449f8776d;77c450dd-8612-4889-bd45-c4931727ed98;Quiz 2881 - oublier;11;32.49;385
3d8f6e6a-c051-4340-b022-2319298f33ef;37c14507-1feb-4b38-97da-d6c4bf505bd4;Quiz 1968 - île;20;93.93;296
3d928582-ee76-4625-a7fb-9c4b335d43bc;400b7a2b-9388-4ebd-9888-dd2de9112451;Quiz 2385 - chemise;22;88.87;-7
3d9d2c9b-c980-470a-9a79-f8ae96dfaea3;9391fbe4-dc8e-4ece-a038-cbce66fd276f;Quiz 288 - révolution;11;38.8;275
3dabe249-c4ae-4f0e-81b9-630299f8889d;d3b07746-a193-4dbb-8502-0c7a9c999c06;Quiz 1849 - bas;10;72.29;-2
3db9d993-9b07-4e1d-b554-77c7afc20506;33c92fad-fe8c-4793-b45d-84ac055ebb6f;Quiz 2161 - forcer;25;67.71;20
3dbdd53f-a6b6-4ad0-832b-1deaf97e47bb;cb2b680a-0242-4581-90e8-10507aa35c11;Quiz 4046 - général;9;85.52;262
3dbfd7d1-9970-47e0-a7ba-39e42c6e6a14;96b5848b-08c9-4eea-aa61-7b27e8f643fa;Quiz 559 - dégager;18;92.64;-4
3dc0001d-79ad-4a4b-bdf9-8c9dd8bc4841;8dbf4265-1b33-45e7-b2b7-53ef1e842a8a;Quiz 3817 - type;10;60.95;1
3dcaf620-598b-4d85-886f-71548efd4696;da926c11-4cbe-49f7-b19b-2f3105ff256a;Quiz 4151 - étranger;7;16.67;-1
3dd75e5c-1f66-465b-a1e1-45ca0846d50f;0f9c4754-2e0e-4f0f-9526-fb03b8879f33;Quiz 2718 - beauté;21;64.94;320
3dd93f96-e72b-40e9-8c1b-7fe465194bfd;63fd0db7-44fb-4004-82e1-a554030ee311;Quiz 2443 - prétendre;5;62.3;60
3ddbca0e-e93f-4c74-bd50-d0f9390f8504;f8649a3f-1a6d-4dd0-aee2-027408a74789;Quiz 3035 - encore;30;47.95;39
3ddf010b-7dba-4280-8672-987e52024912;208cd164-a5c6-4f12-8107-7bbe0c69e8aa;Quiz 1800 - mode;19;91.85;431
3de8b043-9caa-4c52-9883-b66497f2057e;af5ba9ab-fb45-4da0-aa75-0886b6aacfe5;Quiz 4466 - froid;18;86.44;318
3e170032-48de-43b7-b1d4-686e9a4db850;82cae136-d066-423c-aff8-fa1808a50d5a;Quiz 4139 - d'autres;27;33.65;-9
3e176c7e-fcb1-435e-93e8-94ccc8e1d8c4;55af3bda-6d31-499b-ae2e-829934a22c2f;Quiz 1417 - coup;23;31.08;-3
3e181901-4c17-46b2-9f45-f10bdfa859d7;bfae2d78-149c-4b82-8620-c91064e032ca;Quiz 154 - passage;11;61.08;-7
3e1d2338-0e12-4d20-bc67-1e7b2169256b;74282bdd-75e1-46e4-8fa0-930772949675;Quiz 1371 - succès;12;95.45;-6
3e208048-8c79-4f7d-a693-33b9b4d5dbad;23202846-dfaf-49ad-8f21-da0b4501c53e;Quiz 3123 - public;18;39.03;364
3e2dbb42-82c0-465c-a2a3-391e49807c82;16c48457-0994-44bc-bba7-76d83fe34fdb;Quiz 3491 - impossible;17;95.58;-1
3e395d51-bccc-488e-9f5c-a6fc6cfb6642;a0aecea0-8803-4629-87c1-f88c4054cd75;Quiz 1727 - barbe;11;78.81;422
3e4068c3-216d-4cfd-9702-86cca73421fc;ddb80b08-2a6e-452e-a9dd-1401648c01c8;Quiz 3353 - colère;11;92.38;-10
3e5e85f9-103a-40d3-b95d-afbcc07643e4;7a3a20a4-c8eb-48af-ac0b-8990d2cb853a;Quiz 4704 - amour;17;61.42;105
3e662a37-c73f-4b19-82a2-10244971cecb;13d7f540-1014-413d-a7ef-78a9f6fd9607;Quiz 2038 - puis;17;72.44;256
3e6dca2e-310a-427c-8858-a05170563339;5e494ce5-3264-4c32-b6d9-c7dd5872c692;Quiz 3357 - fois;9;71.56;-10
3e7a9363-69f0-4d34-ab08-8694d4b01b93;8e26408c-052b-4887-b100-f2e37c0b6b1d;Quiz 3850 - roi;28;20.11;439
3e8cdb90-a67d-473d-bd54-1f2ba1f67c84;481ed526-3d83-4aeb-80a8-6db16910affb;Quiz 4161 - regard;5;32.55;90
3e8e9723-1a67-4efd-971a-ec7ed40ec62a;e90bb46e-df97-424d-a285-3000f246d2c4;Quiz 4400 - anglais;22;77.52;-8
3e97de0f-48a5-4d5e-a5be-02b59477eed6;0ede8f4d-bd3d-48f3-a919-fe552e2bfa15;Quiz 1078 - prochain;12;65.07;-8
3ec2f31c-7781-4566-8336-1f1cb9daa1d6;cabd5136-0687-49a6-9361-ca41520d2ab0;Quiz 3135 - d'abord;29;17.02;406
3eca1f88-e119-44aa-867b-68c79d020df3;629f0b86-db2b-44e7-8a59-4444356981a0;Quiz 2000 - sentir;21;55.63;-4
3eed6fd6-f11b-4760-bc3e-a191c4fd6678;2b1074c8-af05-4f33-8c2e-65e7db6483e4;Quiz 1246 - révéler;20;90.46;-1
3eee31ac-2c5e-4dba-840a-e317614b6660;a5187f3b-b213-452e-a899-87d1d555bad7;Quiz 1773 - ministre;11;18.25;492
3ef491ca-1153-42cd-a722-432062588b6c;61cfa330-a94d-4268-a6e4-caf9174d8af2;Quiz 1788 - angoisse;30;71.54;-4
3ef97b38-a02d-4d2e-ae43-519252ed1a63;012a0f3a-4967-4326-9c75-c7e229fdf0fd;Quiz 3011 - son;21;93.58;57
3f059b43-2fc6-4efa-a541-6ccaf6b00151;cabd5136-0687-49a6-9361-ca41520d2ab0;Quiz 3106 - neuf;23;62.58;-3
3f05e477-987e-400b-9c7a-dac56d565d84;3a5ec799-c2e1-4c88-bf5a-9ef193d39768;Quiz 436 - roman;30;76.84;-3
3f0c2ad2-51e1-487d-b24f-c9b825d0633b;6f81063f-62dc-4bfc-9c25-15ac80defe66;Quiz 2145 - plutôt;30;82.77;7
3f15b338-1e0f-488b-8706-07dfdbd73a3c;cd46af3a-64bc-433b-9678-d69d7c2374f9;Quiz 1320 - prêt;26;14.27;44
3f1c0aa4-002f-466e-a7dc-c88c315dc9d4;4c1219f4-c82b-4528-9efa-099aaa68a125;Quiz 1122 - entre;18;12.65;26
3f3ce6c7-a16a-49c9-ac11-51c9c7a2d28e;cd46af3a-64bc-433b-9678-d69d7c2374f9;Quiz 4300 - chute;12;18.19;9
3f3e59c2-3327-49db-af43-b3871317ab84;6156edff-6804-440e-a4ec-4caa168bb4a8;Quiz 54 - moyen;15;17.57;93
3f5c5bd3-623d-4910-b6a2-e9b84bf1cfc4;7aa30496-e5c6-4a53-b8fd-bfe922a54efb;Quiz 3601 - malheur;20;77.24;-8
3f60772a-cf34-4e0f-b8e3-2cf782d1c4ca;7e02319f-903b-415c-8a6b-2cdc0d1e0e9e;Quiz 4178 - fidèle;25;35.11;64
3f947778-3e6c-4709-a713-ee9e6290cc49;8ae4cf54-cee2-4ba0-93da-3b3ccf1ec98e;Quiz 2781 - supérieur;7;72.3;236
3f9a2ed0-f28d-4ab1-9796-ad43a6044b98;ef0e0b20-28fc-4123-94ff-44b8715ee396;Quiz 3559 - premier;19;21.3;349
3fa0c764-ed46-427e-9fcc-115438fbecc8;cc73db24-0a87-4ef3-b00a-09f5f8402696;Quiz 4319 - fier;22;94.42;90
3fc31fcf-f2dc-4e4c-800a-4ff464066705;244c33f7-6040-4c4a-ad5c-a2068ec3543f;Quiz 492 - réduire;6;81.2;41
3fd82dfc-f4a4-4b10-8256-d75529585d0e;1f121ce6-f71c-4507-83e2-aeeda85ff66a;Quiz 1236 - mariage;27;13.24;205
40031796-1b55-45ca-80b4-d16482e2a442;7811dcea-3193-47bd-bc14-58c47fd08982;Quiz 3783 - conseil;16;42.34;439
4005ab58-0d16-46a2-8b56-3352bc0d878e;e777d650-bb95-4b70-8faf-6a02ce0ee295;Quiz 4369 - yeux;28;10.07;45
4010fcdd-412d-4ab6-8df6-34dbe89c2f66;e993efda-34f4-4ba7-ad6b-35bc7e2c24e5;Quiz 4989 - douter;23;26.19;-10
40162855-e01e-41c2-9548-30e23c9eac94;f7c5ad00-24c7-47bf-a115-901ee6f0c86a;Quiz 2310 - un;30;37.97;86
402c65c6-2a13-4168-a1d1-81f50eef3549;6f731ba9-de17-4134-bf03-811aac13358b;Quiz 3449 - respecter;13;78.27;46
40354c9b-b875-4f4e-a0b4-58a542b412c5;59e2c0bd-93f4-49e2-b596-daafc7921e81;Quiz 4437 - étroit;17;11.88;320
403a81f0-bc49-44a5-9b34-75b6ef0bc5eb;562f52a4-4710-4011-9235-979251a95a06;Quiz 638 - mer;28;18.11;79
403b092d-9933-423b-b47a-b777824a630a;ccfb580d-ae40-46b2-94d5-be81a499fdfb;Quiz 574 - plus;12;20.82;40
4044e457-e37a-4494-9b27-f905d684e221;ff4871ea-2754-425b-b748-a93fecfd8a0a;Quiz 4059 - approcher;25;16.44;-9
404e4e11-954e-4e58-bf7c-46f8f94d5121;e9982239-eeae-43b6-939f-0ce296ec8add;Quiz 922 - tôt;25;96.45;88
4050c967-c64b-48eb-a321-3cdf639ca43c;21f959af-3864-4255-b8a9-0b18400138bf;Quiz 1687 - juger;18;34.1;68
405e9c5b-1b9e-4591-9c89-5ccf84779bae;11d1845a-6e1d-4053-8da3-1904825a0780;Quiz 3182 - simple;18;63.65;-5
406944a3-188c-4b4a-a178-66cf056b6714;77ed8d5e-0041-4be7-8787-ff415cf4d5f5;Quiz 3180 - sortir;17;11.13;-6
409908e6-c621-4066-b9db-2e78d5f1475d;3a00686e-7ac5-465e-991e-392ff32371ad;Quiz 4266 - vaste;8;32.87;259
409ed509-9de3-4da7-8b1a-b9d2d7e16ee6;c09b47a9-349b-416f-a3f9-9cbef979bb4f;Quiz 629 - oeuvre;26;26.39;80
409f6f13-f24b-40a5-b4b5-63b7682c5edb;e52f42a4-7c36-4ea9-abd7-efd3fef3959f;Quiz 1945 - français;13;32.11;344
40ab6beb-6bf9-464f-b29e-c8e9c620c398;2022cd8d-730d-4d4d-b149-c9bc70a6ff64;Quiz 282 - empire;23;47.18;-8
40ac132a-6848-4c8c-a549-2c334be2610f;3180d49e-0aeb-4997-a25e-b7b7abe8ab1b;Quiz 3488 - croiser;6;71.11;-3
40d7a279-92c7-4d6d-9e3d-ca8c4cc05c3e;77ed8d5e-0041-4be7-8787-ff415cf4d5f5;Quiz 31 - meilleur;26;12.36;21
40dced44-09b1-41c2-ae5d-3a632064a6e7;18763cdd-d843-47da-9b9c-67400acaa767;Quiz 4796 - un;15;63.71;-7
40dfb3bb-e3c2-48ed-86d3-01a1a526e6a7;751d54eb-0736-4875-8b00-a409461a9b6d;Quiz 3965 - appartement;24;66.11;-10
40edda8a-c555-4ed1-9717-4459e13d328e;8debd695-1ba0-4261-b5a4-69915f2af610;Quiz 2954 - intérieur;18;41.65;-7
4115e558-45c3-4341-ac77-5d6c830181bb;6c2b69ee-dc67-4153-8aa6-4894f7718f62;Quiz 1354 - réserver;24;34.23;200
411fcb35-6fe4-46c3-aee6-40261fb142b8;7e7d095c-a083-4027-a25f-c62a8213d3b4;Quiz 4145 - pied;22;89.61;323
41354c88-cc94-4c61-b905-0992b699dc4c;3150cab9-b765-4a25-89dd-0a70579ef543;Quiz 4850 - ouvert;5;74.84;-5
416a1528-554f-4c3d-a5df-dbb45ddd1549;7d263ed6-70d9-423f-b383-c81cded627bb;Quiz 1402 - théâtre;22;67.45;-3
416f0375-adfa-414d-ad95-83559b0579e6;1fe83c29-e49b-45a8-af45-d25f19042b9c;Quiz 4379 - dix;25;22.99;415
418f1ccd-2cfa-4bb9-b59a-f0ce493f4175;2b5ade79-934b-4fb5-a429-ec915290f6cb;Quiz 897 - de;29;97.46;0
41a2b805-afc8-4d98-a661-c39048e62f01;ddde5c2a-0e2c-4616-9603-0cb26ea17503;Quiz 3406 - secret;10;32.41;324
41a9d552-00a2-4525-8eb2-0f8a89fe799c;53967eb3-9bb5-4909-8265-80ce570157b8;Quiz 2661 - froid;29;70.41;-6
41b86536-28cc-4c5a-90ef-0f89ffa88ae3;0c4bfb01-9023-4824-a49c-7315adca5490;Quiz 3702 - tourner;11;42.73;-10
41d6b593-0227-4006-b07e-052915af7707;5f2e9ae2-102e-42d4-84af-c7a380eaa5bf;Quiz 4982 - dame;18;92.51;310
41d93089-ce86-43bd-9433-c7675a582cbf;8573fc82-1ae4-4630-b294-8e3043438e3a;Quiz 405 - si;11;49.08;-10
41dfc14a-6b33-4dea-86d1-6f08d8ac08fd;629f0b86-db2b-44e7-8a59-4444356981a0;Quiz 3852 - terrain;14;43.09;-7
41e08a22-de19-432a-95bd-ce77423b5ccf;6934d052-9d35-4be0-87d4-e88738b774ae;Quiz 1553 - leur;15;99.34;214
41e2e440-f7c7-44f1-9409-dc210784fb7b;77a5c181-c73d-41be-afc9-5dcb29ce8fad;Quiz 3047 - sauter;20;55.14;11
41f03c3e-0a47-4387-b326-565ec9e56155;4ae8402c-9d58-4fb3-8db6-9ac6e828d3f4;Quiz 3388 - cour;22;25.5;380
421f17d1-2ec5-467f-bd23-7cad26811936;3d5471c5-ce9d-4d57-a913-df5b96af6e4f;Quiz 2326 - minute;8;89.02;305
421ffd1d-fd38-432e-bb55-2e8f152ec6a1;4c70c247-9e47-4530-b552-bf1dee059e54;Quiz 3472 - consentir;13;64.08;-5
422378b4-23e6-46c4-afd1-542ac43948bf;c07fd777-7891-4d5c-ba4d-343fd9efb70f;Quiz 599 - finir;28;78.87;8
4233a8c7-0ad7-4482-9d4d-a16c5d24c7bd;5be4c3bb-0f7b-410d-ae35-fa9e67a785de;Quiz 3253 - juste;11;49.98;99
4234d6d1-f2f3-4663-b515-71b8b80a436a;be192faa-69e6-433a-897e-3fe4bdcde0b8;Quiz 4433 - écraser;5;26.04;-3
423abb9b-9e71-4959-85ef-bef6fbe7b4c2;b781ff54-7d16-4980-94df-5ba56313ff6b;Quiz 14 - sommet;9;91.17;19
423c1067-f70b-4355-bbaf-2ea369c90210;46f14721-d8e5-40d8-b968-cb07b3957988;Quiz 4592 - dimanche;5;23.0;68
42418bf4-bc3a-4109-9a6c-17e944d7a585;0a94edba-c8ec-44c8-acbc-d76f80ac98c6;Quiz 3054 - encore;30;49.23;232
424f1ffc-0a64-49c3-9c87-81784f271a96;c20dec3b-27ec-48b2-a714-2510e68e6e0e;Quiz 4655 - tourner;26;85.17;-9
4264db09-15e0-4758-add1-a31495eb84af;f00bab09-c4ec-40d6-837f-e7b7a6f3e597;Quiz 1863 - grâce;26;17.78;377
428168e6-6df2-4dd4-a2a8-0a5ecaf376ef;3b88183a-5518-4a70-958e-029b298d4eb0;Quiz 2552 - siège;7;13.59;383
42873cc6-1cce-4464-9228-e3b1153d8551;feb44e3a-f217-4644-8345-8672991c1b41;Quiz 4173 - métier;7;48.19;89
429fcac3-71b9-4ced-95eb-da6914f2e330;db423e01-2473-40ae-88d2-555276c22c79;Quiz 3898 - poser;12;81.63;-1
42a51ea9-6ca1-4356-96f2-d3d53b8f1b50;a9bdee04-28c9-4f1b-a3e9-7a614d89f7bd;Quiz 4734 - rond;7;51.56;84
42a5eb81-2429-417d-be0b-ff7958c8088d;f5655805-e9c7-474c-b2b8-ce3352df87cc;Quiz 2700 - quelqu'un;30;56.19;120
42d1b629-4214-4a14-8a91-12ea4754b456;294d2240-c06d-4d89-a08d-bcce85851c5e;Quiz 2519 - cheveu;7;83.17;76
42d3b567-46e8-4f19-af85-3c0ba19734ab;63c9ef03-4914-4bf6-b7ad-e67211306897;Quiz 1152 - de;20;78.81;-2
42e22a32-578e-46b6-b669-cabe39479763;45d7bd79-b2a6-4622-a334-e68726403cd4;Quiz 531 - âgé;6;76.33;-10
42ed1f81-fbc5-40a0-9f43-d00ad11c5361;244c33f7-6040-4c4a-ad5c-a2068ec3543f;Quiz 3104 - passé;24;87.86;113
42f22668-5a49-4d4a-81ef-d771c0c0fe6a;c07fd777-7891-4d5c-ba4d-343fd9efb70f;Quiz 2764 - police;29;72.7;0
42f33579-1a3a-4e93-b458-33fd0a48d7e2;208cd164-a5c6-4f12-8107-7bbe0c69e8aa;Quiz 4422 - inventer;14;38.71;33
42f59db7-2604-4dce-840f-6f9a4050f669;1bb9913c-d9ea-4437-9e1e-41eed634333e;Quiz 987 - poser;18;27.65;-7
42f6a38a-6648-4800-b623-388132b08b90;b0891f93-36d7-4140-b54c-3ce43e3ff5de;Quiz 1328 - muet;12;43.29;314
42f968ef-963e-46d9-a52d-d82dead34ae7;c6b6b11c-c3ab-4781-974f-0465f617dfa9;Quiz 4141 - devoir;10;45.72;69
4305cc1e-8e16-4317-8d38-f7eb89f32df0;9963cc7d-40a2-4867-a90a-976d902bb9e7;Quiz 4037 - aussitôt;26;10.74;30
43291b92-8642-491c-bed6-2bfca895a956;54328911-2fe2-44bc-8b06-bd0d981602dc;Quiz 996 - valoir;20;71.81;0
432e6be4-792f-4b9f-b91f-ec47eb9649f7;a938a85a-4ba3-47fb-86e7-a0dedeef63aa;Quiz 4763 - arrêter;9;73.67;460
43411c98-1268-426f-b259-a8ecb0fefc9e;a66433c1-899d-4606-85c9-ca3fd214bcbc;Quiz 2500 - étrange;12;18.84;325
4350c2c7-ad22-4f1d-a781-086688aac10d;115807a2-e3c3-49eb-8581-8699cd6b843d;Quiz 238 - mentir;19;86.84;85
4352777c-8c2f-4bbe-9e58-4f7d8f1604b4;6433244d-2d4a-4e38-a412-7ebffb0f1ee6;Quiz 366 - ancien;30;59.22;90
435a1c5f-d329-47de-a6f2-975528a4bb44;871b9d05-b1b8-40f6-8dd1-7ad2805a6dad;Quiz 4460 - nul;20;85.99;3
435e700e-f8e9-4d8e-a9f6-8b2de2d38571;d066645a-18aa-4bed-9d65-da927082f9d3;Quiz 1287 - quelque;11;55.21;-4
43655cae-faa4-459a-baa8-0c70e2663209;6862e894-5f0c-42e3-8568-b28ffbd9b645;Quiz 3534 - fier;30;89.88;73
43681019-cab5-4787-93e2-4731ec475852;9d2dc9a5-f998-4f86-96d8-da752c1a47eb;Quiz 4859 - continuer;22;71.02;-5
437b7065-fd43-424e-bed6-9f353db21e9e;a6dfc040-6a9e-410f-8c2c-5365b4ba1095;Quiz 344 - lèvre;25;21.71;384
43832529-e631-4fd7-b896-054d32c73e35;b3ab2231-33af-4426-80b8-ca0111783ce7;Quiz 624 - traverser;18;86.46;51
4388d1e3-db9d-41de-bc39-635733cf93a4;16d8769e-22df-410f-bce4-d3f292bf72f1;Quiz 1204 - fer;25;14.43;443
439d8a68-5366-4f8a-9f22-c1d35dac652c;6f0a3717-7d7c-4ce4-aa62-b6bebe58d122;Quiz 4530 - songer;21;86.47;24
43a109a2-c883-40b4-8f81-a15121bc89bc;553a9716-b572-4be3-b2d8-1c9cd477f5b3;Quiz 1922 - saluer;26;87.37;-1
43a8cdcc-fd5c-431a-a15f-4c4341b3c8de;d8c84680-b0c4-4630-949e-5810b47f7489;Quiz 4212 - espèce;25;81.77;56
43ac03cf-4302-4a2b-8d2a-f978c1a17c3d;208ba8c4-091b-4a10-bc44-39794ec3bcba;Quiz 1020 - créer;29;90.16;-7
43bba18e-1b6c-4468-8efb-fdda0d198434;9ba745b9-59d2-4fc4-a0aa-4916cc811ae9;Quiz 1264 - voyager;6;37.57;-9
43bc38c1-244b-4e13-b36e-624139b594ea;ef3ea579-2400-40e6-a3c2-f81f68633670;Quiz 3859 - apercevoir;21;93.06;-4
43c3956d-1d32-4fae-9518-c7aeb7d54f04;532d9575-8ee9-4c57-b1b5-bd2553900ccc;Quiz 4238 - chef;14;93.14;0
43d39b28-6391-4d39-82cc-0cf043da92da;793fb694-16d0-4a43-8708-f98a904cf090;Quiz 1103 - aller;26;72.83;74
43edce66-b213-4c8b-9c9a-2b71a6f76ecc;54fc6240-e45f-4b98-8e77-2a7b30b3c32c;Quiz 51 - vous;26;30.39;22
44049fed-d1b1-49df-93e5-e01168926f49;940413c0-3983-420a-a9f1-3695eca977c1;Quiz 4162 - printemps;28;12.07;34
4406d8fa-6f16-4099-a443-439bff3285a1;5c8700cd-75d8-4f5e-838a-23073fa878f5;Quiz 4033 - siège;19;64.08;118
44072bee-06b0-48ff-b5f9-1ba2af153f58;a66580b8-bd16-4d50-b180-dcd15bef0dd6;Quiz 4547 - plus;21;36.15;97
44097dc0-d8a3-46b5-82c1-ec649ccc8e72;dd7b7a4d-ccad-4cee-bcf8-d9f0c1d49e4d;Quiz 869 - songer;28;30.36;103
440ddee3-ad77-45db-9bed-5ff4c0c05930;4dea29d6-7b08-42b4-9f43-1bbff7c727d3;Quiz 4456 - commander;18;69.78;-2
4411e2c9-22c3-4923-8cba-871b089deb14;e375d324-cab6-42e0-bd97-3376c4595fd2;Quiz 1836 - achever;10;46.56;111
44122169-a16d-43a4-ba40-ec937b73fa66;86032cd0-d20c-4ce4-a15a-30cbc8dc711c;Quiz 303 - plusieurs;13;21.23;306
44133682-2cbc-4b3f-b81b-7c9f16f417a9;2130ddb3-1a30-4531-b690-20fea9490789;Quiz 2261 - pas;6;63.17;5
44158506-71d2-4d1b-a1e6-2d1656daeddb;3bae1fac-3e2f-4067-97cf-0feb1c365a04;Quiz 4299 - moins;15;81.96;53
4415b3dc-070e-4a04-8d77-f3879c390ca3;0932937b-411a-4c2c-8e88-a3d1d4c9ee1b;Quiz 1031 - maître;28;56.2;290
4415d60a-83f4-4eaf-a835-a399c5ea7c41;bcde9dbe-ad13-4151-baec-1a47f0cb9259;Quiz 4522 - livrer;20;96.78;-3
4429d572-67c8-45ef-951e-5c07b3885c5d;5ac5a666-8487-4063-96b7-8e0685e2bff4;Quiz 1533 - mer;25;96.29;290
442d974d-3f9b-4ecf-ad60-3b6ce5783627;b1c6ba7f-97a9-474a-9845-5c8656350bb6;Quiz 2189 - réel;19;29.67;-8
4436f11d-3885-42fa-af2f-de889c0b44e9;ed80ce1d-0298-477b-962b-584338eea22d;Quiz 1268 - général;19;79.84;334
44372319-f0df-47a8-8929-f17a3f9bdc7d;27a11ef2-ce7f-4e42-b851-6971e205c131;Quiz 4951 - deviner;27;73.39;-1
446d5b0d-95dc-4afe-b31a-e50898779648;80e77016-0c08-4189-bf06-402c0a457462;Quiz 2135 - jeu;11;28.64;214
4478ea84-5393-4d1a-8649-c155d85ed0aa;91573393-0544-460e-ac8a-056818cccd3e;Quiz 3337 - trouver;27;24.07;-5
44863619-f5f0-47fe-8c01-18697c761f0f;1d62e38d-2298-47cf-b8d9-284e7147bc79;Quiz 4897 - face;26;95.15;442
448712cc-a503-4e56-bb41-39ade098f82a;d789e5d3-d215-491a-a12d-4e15bfe820f1;Quiz 4791 - bon;23;14.22;-8
44a413fa-272b-4cd2-8e3d-bc385d280506;939a0233-9556-4576-aa5b-f4ef97c0d2a6;Quiz 2992 - coucher;5;88.31;-1
44a7467f-dba1-4e55-b018-f1215767403c;eadd8ff9-35d5-4d41-99bb-a3bc14dfaaf2;Quiz 460 - absolu;18;86.63;460
44b01ab5-e636-4270-99c0-dbe6d3f061ae;030a4770-e41c-48dd-8cfe-148d832629bc;Quiz 36 - lire;22;57.21;104
44b66a55-6212-4df1-926a-cfcde872f4e0;0a94edba-c8ec-44c8-acbc-d76f80ac98c6;Quiz 335 - oncle;24;26.56;104
44beb297-b00a-4716-a426-b53e1537ab06;48867ddb-504c-496f-bcfd-5140dbb9b934;Quiz 4917 - sein;11;99.73;-4
44bffa7b-e096-409a-a494-564c92d250e5;fd26ee83-8be2-40b1-bc38-73e889fb1ed2;Quiz 4488 - appartement;15;55.08;-10
44c63844-3048-4cce-91e6-5a0e6dd6c664;c3843bcf-1f58-4e18-b103-269f80578cf7;Quiz 4716 - chute;15;94.97;220
44c9ef3e-4dd0-4aea-aa53-669d152a6b46;f89233a8-e4a8-4b29-8fe2-692136d6ecc6;Quiz 4755 - maladie;21;72.93;352
44cd34c8-a7e0-4bb8-9135-f7a926f4adef;bb3a7420-811f-42be-b934-af72f528b2f9;Quiz 3546 - sentiment;16;90.35;105
44d0862c-ff10-412a-8ea6-e894680a980c;a4911739-ec82-4b0b-8501-3712ca717eea;Quiz 1235 - écouter;20;85.09;79
4506d571-d246-45d5-8e2f-3d650bf31908;6c0e7669-4340-4f6e-993e-0a3aa59d2c50;Quiz 2824 - nécessaire;20;68.87;62
4510ee3b-d204-4341-9316-ae4f7d8d750f;64335f28-6694-4bda-a6cf-92f7b234e475;Quiz 792 - scène;30;68.34;114
45113a37-f470-4189-b7d0-0b2e445a1e7a;7375a627-19f1-487c-86f3-f89f17e3502b;Quiz 2098 - confondre;7;41.36;-2
4521f5a4-02b9-44ae-9fab-1658c43a7c50;4eb877b8-28c5-4505-959a-b95d468fe190;Quiz 915 - fermer;10;89.25;-3
4524e00b-c2c2-4e97-8216-2b214c4bd4c9;b20361e2-72db-4ba4-900e-725bf8028ae3;Quiz 4105 - surprendre;18;71.76;-8
453bd034-4ae3-4056-af96-6f6f8de581a5;37b864c8-0b05-466e-ad93-35188456fe8c;Quiz 3925 - connaissance;12;79.44;406
4543925a-e72d-4f26-8ff0-e1ff8d45e993;6b9b68e8-4bd6-4212-bb49-3c36a4ca0ec8;Quiz 2349 - montrer;7;75.96;393
45467163-0f92-4401-80e2-46312f810813;d2b0703a-5609-406d-95c4-688e93df0c75;Quiz 4293 - durer;7;94.92;-10
4570c6ab-0b64-48bb-8612-e10c3f16d292;eea21102-7686-4408-a4a6-e0b9d31fa604;Quiz 67 - début;28;86.18;49
457a2580-05a5-4f05-bfee-9c7abe230b88;cd021892-3fa9-4919-9098-64184ebb3fdd;Quiz 4847 - déclarer;10;48.22;453
4587dbaf-d627-4f73-9b9f-a2d74c12125b;c35d75e5-2b61-45c9-ae89-57d86bc12787;Quiz 2517 - saint;29;16.58;-7
45972224-1aac-437c-a0e6-c69b16f6e199;d37f0de5-1793-4bf2-bd38-58f85b2785b0;Quiz 3097 - sauvage;19;43.95;472
459d86af-6bf4-4952-b37b-62a030939b01;20c3fc43-89d7-4691-85ba-bfb60eee93d0;Quiz 3480 - forme;22;43.41;115
45c6ec21-3421-4c35-b47d-6a4d9b4b3c08;ad8fe1e0-298e-4260-8a3e-6c6f4dffba41;Quiz 240 - avant;6;73.89;43
45c9ec7a-c9d8-4bbe-b98d-b252d1fce756;ed2c2fae-d407-4254-985a-ca4e003d4ecc;Quiz 4112 - danger;24;92.03;337
45ca1403-8261-491b-a213-7af0e8c325e6;d045cb2a-9bf4-4ef4-b3f5-9544d5faec60;Quiz 158 - oeuvre;21;13.16;441
45d089e9-6a32-45d0-8f70-442c0fa15a0b;a43f1335-ffb9-4bdb-9e25-5b7e7d71af25;Quiz 78 - crainte;22;10.94;25
45d51819-c69e-4576-9eb0-ae4f9051ae78;e912946f-8dfe-4852-9c1a-f08597abb082;Quiz 2744 - répandre;6;40.51;-10
45e4169f-3848-4edf-ab88-5f35887739db;06c16063-99fc-490f-ba66-229676925965;Quiz 4480 - magnifique;17;84.29;15
45eb063d-7725-4c4d-97a7-4815f8f3a193;5401467a-a6fe-49df-b8c8-65981bc14264;Quiz 3564 - matin;5;87.34;418
45ed0e4d-1661-4144-9c6c-4cc9305e4b01;5727fec2-10ff-4136-bfc0-84f964f89b83;Quiz 4838 - éloigner;13;88.51;91
461077cd-92dd-4cfc-9ac9-372dd39f6118;1e8d632c-e5f6-4860-bb9a-a305f67e4609;Quiz 56 - pour;27;31.06;-7
461accfb-e23a-4096-8871-184ee1be3717;00133c7f-486f-4705-9782-f3fd62dd9dde;Quiz 646 - aucun;22;75.9;-10
4623186b-4d77-455b-a3ef-87d746ca295b;1e923e68-f2ed-4999-9eae-0a3fa2575e75;Quiz 4902 - tour;22;42.58;366
46295498-6985-4d33-bb3b-a59a040ef1b4;5c3da150-2947-4458-a67b-6a0e4faecbf8;Quiz 469 - deux;19;13.64;282
4631124d-2b71-4fe1-b3c1-f2fecc320e41;3292d16f-3b43-4ff6-8f2d-01b45e8fc8cf;Quiz 1175 - bout;24;60.25;18
46397e80-0b9c-412a-ad2d-59ea7aefab5b;c5a3104f-4913-430f-87f6-30720a088eb1;Quiz 4159 - mode;21;33.43;111
465a3253-b4d3-4ea4-9c76-edd0a4ddf521;f5aec88f-b278-47cb-9344-e9a9ee2d2811;Quiz 4918 - premier;12;16.11;-1
466033ed-12ce-4c2e-ab3e-c4ffdf36ba54;06c16063-99fc-490f-ba66-229676925965;Quiz 3996 - résoudre;29;13.77;468
4666619f-7dc1-4f30-8478-9b887b5ebd43;322efaf7-76df-4550-b16b-c34233a22f74;Quiz 2683 - oeuvre;11;59.09;238
46807ab4-a226-4146-9e13-f25c95b8d34c;7a9d33d8-9b51-4362-af20-82e0028ac8e5;Quiz 677 - cacher;24;94.73;-4
46899ba2-d5fc-4baa-bd76-99673fcb3a1d;b280fabe-e47a-431b-8c79-154b26317ac9;Quiz 207 - mentir;15;63.17;60
46899d2f-8dec-4a06-8afd-ddaee2908186;0e36176b-74e6-407a-8d5a-7fb5b4d888b3;Quiz 445 - signe;28;28.78;-4
46bdf7e1-e4eb-4bfd-ab91-dc583cd98901;ec33f8a1-4649-4c65-911c-35a025b91766;Quiz 394 - ailleurs;21;99.13;386
46bf4cc9-344e-48e6-b9df-4826eb576d1c;b20361e2-72db-4ba4-900e-725bf8028ae3;Quiz 4860 - façon;19;85.33;-9
46cee41d-c3f6-4652-a53d-5baac39edeed;99faf585-8819-44c0-a7b5-3b8353f637cd;Quiz 1182 - exemple;5;10.35;-7
46e28703-c0a1-4853-bdde-d5ac057980ab;7cd2daee-2234-4320-9b71-3f0c0446c498;Quiz 2773 - courage;14;65.72;98
46e68d1a-3222-4fae-b881-4d98b97538ac;9b1056f1-cdd4-43d8-a1ec-1b551745ffd5;Quiz 3024 - lier;16;46.99;438
46ea5ba2-f81e-4dd4-b027-4c3b3b20837c;a38081e5-ea94-4aae-8917-4b52bdb02971;Quiz 32 - depuis;30;43.79;0
46eaca63-cd94-4409-8673-187fb69c87b1;82cfe027-00a1-4c59-aa0f-4b62238f55ef;Quiz 4876 - groupe;30;66.34;297
46ebb1f2-cd52-4484-9428-ed00a5b7d7dd;5a867106-641b-4190-a20a-5f3c8470368f;Quiz 3988 - votre;18;14.81;-5
46f3ac6d-ad3c-4e49-8f5c-618ba4c9bab1;2fe32fe4-9acf-42fe-94d9-e0823cfc1e0e;Quiz 2370 - en;28;35.39;293
46ffdf92-960a-4e81-b42f-bdbb55362f9e;cd496cbc-0b31-443a-be81-bf9a4d04831f;Quiz 379 - supporter;23;98.74;-3
4705c300-b4f6-4b4f-a8dd-0e2290f97ef3;1f3f5cd3-5549-492a-9ce8-3ae6f6041f46;Quiz 2592 - jamais;5;16.54;-5
4713dfe1-14f2-42c8-bc12-b901020c0a56;6b9b68e8-4bd6-4212-bb49-3c36a4ca0ec8;Quiz 2524 - difficile;20;86.75;66
4716db4d-0874-4865-b904-c0a0f7aa06d9;081a029a-e492-4e69-872d-d05f90085f93;Quiz 2394 - étude;6;50.88;-10
4734fdcf-f9a3-4ce2-ae69-3f1c7032030f;e7470ba3-e077-4be6-8137-28e05d6a6d08;Quiz 3122 - beauté;5;79.18;317
4739aa1d-5a4e-4665-8859-5900a08a23fc;8f1b6507-c30c-4a0c-9c86-d0e03220f20b;Quiz 2092 - tracer;14;91.75;254
473f007e-4659-490a-92d9-e19651ede27f;9963cc7d-40a2-4867-a90a-976d902bb9e7;Quiz 2546 - admettre;26;13.45;44
474ce397-19fa-4508-ad6d-85963b119c07;6967ed03-19e9-4463-a2ad-f0d6791fe7e9;Quiz 2917 - frapper;16;53.59;391
4765ba36-ea25-49cb-aeb1-a5f5ad9c9feb;afc817ac-51fd-400d-a092-806a0b2edee8;Quiz 2986 - permettre;8;54.91;-5
477285d0-7d57-4dd6-9880-2fec2ec47801;71ad859c-fc24-4ff8-a1b7-fc6319c6c4f1;Quiz 2008 - inspirer;25;83.36;42
47a17847-db55-4af5-8453-f12b01ab3418;606c593e-fd1c-472e-bbb6-052e1e0b5bb9;Quiz 4147 - vide;25;45.86;-6
47a94a0c-e75a-40e0-a8f0-4575019d8c70;6156edff-6804-440e-a4ec-4caa168bb4a8;Quiz 3552 - je;14;69.9;-2
47a98cb4-94b8-4a18-a376-3b758e38d7ba;1ae8ee79-7e57-4e8b-8e1d-0640a1804028;Quiz 2990 - travers;21;39.48;-9
47be5982-0197-422b-98bc-a40b83ed3d65;6758cbe6-6df0-4dd9-801f-964d9a6fd7d7;Quiz 1135 - homme;15;37.61;1
47bf5ee4-4ab8-4a4f-87aa-c50da234d6e4;6d16f155-837e-4641-ba9a-0bf65ee31f7e;Quiz 4930 - sentiment;7;49.18;381
47e090b1-b8fa-4af5-896c-61e9d588f522;c8dc6cc6-8771-4fc7-b4ea-2d956eb4557e;Quiz 3448 - rouge;25;78.25;465
47e422ad-6252-4215-905d-f6422a62afdd;72658910-ac2f-4aa9-a7b3-6366ce56b3c4;Quiz 1469 - école;20;42.91;343
47f3a9f4-57ca-4eca-a9dc-52788293d0cd;76a357cc-5d2d-42ed-92ee-2304d23188c9;Quiz 13 - cercle;12;99.11;-10
47fe47a2-a3b6-4407-84e4-bf761ce84ef9;b1e1be5c-0002-4dc9-8505-ca114d608091;Quiz 2802 - disposer;16;21.54;286
480347eb-0225-48b6-b81e-df0bf5b5dd14;c69989ff-9b85-4887-a337-4c585ecc9b99;Quiz 3529 - masse;9;19.44;-5
4805f5bd-2f3f-4979-9820-5a88033d4a8b;5fc4a8b8-d5c5-47d0-9d7b-8663f20892c0;Quiz 4240 - risquer;21;84.41;306
48072566-59d5-4097-b9dd-e1a27958e882;005f853b-fbf2-4b98-a51c-e04307edd95e;Quiz 450 - sept;7;22.18;88
4814490f-30d1-4c1f-a4d1-0a48011d4f05;2a326d51-3cab-421e-844a-6893f62d73b3;Quiz 4232 - maintenant;6;80.55;277
481687e0-808d-46a4-8c14-9e2c751be406;a588f928-dfbb-49cd-b8ea-b3e8c873b689;Quiz 2807 - changer;6;27.49;-4
481adda6-31d5-468d-93ce-f20c593b347c;5c3da150-2947-4458-a67b-6a0e4faecbf8;Quiz 1628 - rouler;8;57.89;65
4820d903-16c9-4939-b9e9-fef64bca705e;e955f0de-1916-46ae-9f7d-60ea0cbc3285;Quiz 2483 - leur;18;25.31;-6
483265fe-0f1a-4b4a-8a7b-867e54009939;1fbd93f7-f98b-45eb-8271-757e996b0e91;Quiz 4665 - gros;9;21.6;107
486214a0-d294-480b-b3a9-decd1cdc8aec;78e4f666-ac82-42af-94bf-412e775bc610;Quiz 965 - autrefois;21;33.21;-9
487df757-6bc9-4cdc-ab4e-9b0bd971bb1b;901f4b5e-7ae6-4577-a01a-9c967a6cbd58;Quiz 3048 - rouge;9;39.41;-2
48836621-ea05-4902-92e1-b103c7bdc601;e01405d1-d728-4bb4-8d2e-3f05039a0b00;Quiz 403 - armée;6;81.12;78
4885b75b-5cec-4cd9-a1e4-351faf102ec4;0e116174-622d-44a6-ac4a-4de7828aec0f;Quiz 2981 - politique;29;81.05;1
4888224e-fac8-4d13-a82a-48a787089c84;5cad878f-57eb-4c9b-841f-ffa39258953c;Quiz 296 - mais;26;70.61;415
4889c8a6-72b3-4f38-854d-d668caa52d01;be192faa-69e6-433a-897e-3fe4bdcde0b8;Quiz 3830 - courage;9;21.28;120
48a3e2c4-5dfa-43de-ba59-ed48e8c3e66f;4aaef702-7647-495c-8bad-0d0f86966fca;Quiz 2411 - mieux;21;12.46;82
48a8b77f-dbf8-462a-a82e-82f068ee1619;96862c76-f5b1-4599-af99-47f25978c5f4;Quiz 2490 - étranger;18;68.53;289
48ad5ea0-1d54-4d65-9eb1-7ee94c698846;c4ae2e5a-403c-4cfd-b80d-27782bcbcb82;Quiz 4508 - un;11;39.7;46
48b5116b-908b-4ef5-a57a-acde9c87ed8d;0c27bb14-f6e2-4086-9908-1bb37d7d99cd;Quiz 320 - retenir;13;11.0;354
48c926d3-cdba-4da8-a2b2-6571f47d75a9;a1e9a507-c153-4e9e-b7c2-3b628940c376;Quiz 4486 - joie;7;28.53;72
48cd8a5d-d377-4605-aae4-b78e4782a582;82437a31-36f8-4a95-bd16-a3cb9e746a19;Quiz 1824 - faim;15;20.46;497
48e5c912-4d2d-45ac-be1c-51cfdfc9f190;65a0d3ab-c198-4b77-9a7e-821cb8504036;Quiz 4272 - métier;5;36.36;206
48f200cd-aa9e-4d2d-8da3-da876ac4efd2;1f9b6268-ff0e-464b-82f1-efc6e5cb3019;Quiz 3493 - inquiétude;5;11.31;36
490027dd-2444-42e8-a6a8-85b31d4c72cf;db968aed-bc1d-4b33-a0d4-126b2446bcc2;Quiz 3344 - guère;17;92.25;18
49135e74-c3ff-474d-94d1-9397ea962d82;9edbcda4-dca3-4a71-9912-52ca2d715a01;Quiz 1038 - trace;23;50.57;-5
4919655d-02a3-42cf-b534-ca8df0b6f6d7;a2625082-c8ca-4c1e-9e10-12f05cefc471;Quiz 4740 - petit;15;29.07;77
493ddeca-11db-4742-bbb2-add9e86dad24;b9e0901b-e1cf-4016-9fca-ebc7d22a8a53;Quiz 1196 - retirer;7;15.13;0
4955ce45-c9e4-45e9-9ec5-f959275fed9b;8911f2d3-ed35-4a6e-b116-88b7d235aea6;Quiz 3404 - figure;18;70.62;411
495ab347-6662-4998-9f34-dc461b6ef9e7;435a39a8-96d8-465d-9049-e31e8aee9a9c;Quiz 48 - histoire;22;39.93;97
49651602-d2cd-4fcb-ba84-20711752b9d4;31fb1746-31d1-44cb-9c98-d761df28ea51;Quiz 2547 - règle;20;92.65;-1
4977720b-291d-4e5b-90c3-f23510621d50;9edbcda4-dca3-4a71-9912-52ca2d715a01;Quiz 1947 - sueur;26;85.3;-9
4982935e-4826-45e7-943d-ffc40365cd76;f14fd977-95d6-4fce-895a-d40931609fb9;Quiz 352 - cesser;5;27.64;422
498505cc-2363-44e9-adb9-b7d5625125f8;ddb9ee95-35cf-4795-bfc0-a257dd6e98b6;Quiz 126 - saisir;6;74.54;73
49880aa0-b555-40eb-8805-a68ec67d30f2;fc086813-ea04-4d5f-ac3f-1fd3286cc6ef;Quiz 3383 - grave;26;64.49;-2
499d7409-9531-433b-98ec-9ba14fa4bea6;ca92986c-a0eb-458b-8959-fe7dcbf609e6;Quiz 4286 - étendue;23;44.05;36
49ad7afa-dde9-4c5d-972a-76eda013ba24;916938af-4fd9-4302-ae81-2ee13aa61ae9;Quiz 478 - appartement;9;54.26;279
49b138a2-d85c-4bf6-8877-4164f47101be;470b8bf1-8ef1-4720-84ba-ce92e67e94b0;Quiz 215 - blanc;26;63.91;310
49d73df7-2414-457b-8268-80846b9d20b4;b94bedac-a795-4a7b-af6b-20b67e9ea3fe;Quiz 4303 - hauteur;7;35.96;469
49dd48cd-0451-4e43-a3c7-81cb2dacd1d7;1e923e68-f2ed-4999-9eae-0a3fa2575e75;Quiz 4467 - fusil;10;47.34;200
49e05404-ab55-46dd-a891-86e52849f80c;6a8f65a4-66ec-4077-a5e0-be62b6d4b847;Quiz 4095 - devoir;20;42.27;-4
49f2338f-0c2f-4678-bd88-cf34f81bde9f;069377c3-29cc-46cb-8294-92d5ace79253;Quiz 2600 - enfance;17;95.25;-10
4a05bb05-7258-43b8-8f36-16987fc6c6d2;95382c0c-7822-489b-bcf3-98bef56e8e89;Quiz 393 - retenir;22;37.09;476
4a12cf10-4b13-45c5-9825-ac5400a38603;2a8b11f3-152f-48eb-bb5a-122022cf056e;Quiz 780 - chat;6;30.41;115
4a2bca08-de67-4048-93e9-00347d88598b;4192827f-b557-4c1c-92b1-96a3493c68a4;Quiz 1797 - queue;25;61.58;-1
4a3de539-8f78-4436-9046-3357d8e65e6a;fd7f30be-c5d0-43ae-b853-9c2102cf73fc;Quiz 3528 - obtenir;30;33.75;48
4a44ecbe-9f1c-491c-8a7d-6d7b653bb836;4a186ddd-306f-41f8-a3ef-4579c36ea9b4;Quiz 3796 - léger;30;40.75;-3
4a4b4308-7d4a-4063-9949-6f04bc6e384a;41114c4f-c1e4-4ff9-8b39-5aeb437da94d;Quiz 596 - chaleur;26;37.43;0
4a53042c-f81f-4f74-95ed-bb4a2d6eee14;161ec375-d2bc-4eed-a379-597cc81a657a;Quiz 3167 - souffrance;28;74.28;-9
4a5cb1b3-e52f-4fe7-9d9b-07f578a6be1c;8542648b-a90e-45a9-bef1-91d91d19f336;Quiz 985 - penser;20;64.97;-1
4a63bc10-0d18-4b2b-a819-e326f561e05a;15f0aeb8-9992-41bf-b3cb-e17dee847b3c;Quiz 440 - vite;18;91.34;93
4a927d63-860b-47de-9844-47ea0b6a0b81;11cf5411-2a9b-469b-b16c-070c96f4e024;Quiz 3178 - malade;23;24.48;-7
4a93c20a-210b-4a3b-b2a3-a7b81bd07d2d;8e01ff26-33f9-4289-8ec0-eba8a192b952;Quiz 1516 - peser;25;20.63;38
4a9d7817-25a6-48f5-a00d-329adcbc9a04;907645aa-4235-458d-a1cc-7adfd2bf859f;Quiz 3807 - même;30;74.56;-10
4aae74a4-afb8-4ddb-9cdd-a1299e9b6583;fdd76d38-89d6-48eb-b7ac-562697db0964;Quiz 2084 - savoir;17;62.23;116
4aaf7b0f-01a1-41f0-852e-29723f316787;dbe711bc-ed72-4b9c-be6b-9bdee4e6dfbf;Quiz 3541 - fait;8;18.46;495
4abe7e74-f7cc-4075-b357-c44617ef5fb8;0d5e37f7-c287-4584-bd2c-cb8b3b89fb62;Quiz 4421 - présent;15;26.34;386
4ac9c493-7fd6-49b9-a950-a464da96c170;bbb3ac3c-0032-4005-868a-50496b7a6cea;Quiz 3763 - rencontre;17;46.52;115
4acdd2d8-98c4-4fc4-8a34-d16dda7dc2fe;c684bac5-3a82-468b-a2a4-8ef063f7a3e2;Quiz 2192 - soit;23;79.0;435
4acf58bf-a44d-4f60-aebd-4caec9254595;430e1691-288b-4439-9b02-de40acba6f0d;Quiz 3964 - bon;12;67.67;45
4ad783e9-9aac-43f9-b688-fb6f895f224c;855c5cb3-17bd-4a2c-9f2a-6dcc9fbf2797;Quiz 4220 - arrêter;27;13.48;210
4ad957fe-3549-4901-a5f3-c50269c5120f;115e416c-6569-4d01-ac87-ef10665e8801;Quiz 3490 - circonstance;12;71.85;-7
4adf50d5-4dad-4de2-b430-24344c4f39cb;9fe03427-7dc2-4088-9d83-7f46180518ac;Quiz 2034 - succès;17;72.77;86
4adf87d8-e629-47c8-b742-b74e3ad577b4;672050dc-c3c4-45a7-8f7e-acafcf0c2ea5;Quiz 4578 - lutte;18;49.04;399
4ae05198-8e9f-478b-a3f6-5344a7e8cd55;8b58c930-9751-4e53-a2ce-52a3b80db36b;Quiz 4246 - sembler;13;22.23;212
4ae1b317-e4d3-47cd-b8b9-92656528c835;b05c3b80-b051-4a76-8ebe-94861a3cb20b;Quiz 38 - vieillard;20;80.85;20
4ae84d40-1647-445d-87c2-f42814b78e99;6eac09a5-46cb-4659-aad8-89022306e192;Quiz 137 - visage;7;73.66;281
4aea09e6-5adc-4254-bc44-a29c2313cf77;78ce264c-d1e9-4fd5-9741-689213a87981;Quiz 4538 - croiser;22;55.59;-4
4af591a2-f732-4e07-ab04-2d9aefaddbfa;0bebf681-3fa5-4776-89e3-d5b50941a1c9;Quiz 2377 - commencement;28;81.24;-3
4af83a6c-5746-4781-b12b-b37807149e8d;532d9575-8ee9-4c57-b1b5-bd2553900ccc;Quiz 1188 - remplir;9;51.89;239
4b00eb03-9c86-4b50-94c4-3b32805dc524;76a357cc-5d2d-42ed-92ee-2304d23188c9;Quiz 605 - ruine;6;80.64;38
4b0ea9db-c2f8-419f-b9ca-50f6654b21af;99ab4bc4-d29a-4654-a219-d6da0aa8e4a0;Quiz 1517 - mine;25;28.78;-1
4b34346b-a6f7-40de-a313-0c2c090ce3ec;77da435f-d22f-41e3-b2ad-b64a352afb67;Quiz 2267 - clef;16;63.3;-8
4b384c6c-e243-45d5-8888-149a8c1ee9b2;9d182867-dadd-4dee-9ee8-789593d959fc;Quiz 1548 - sous;21;16.44;77
4b3b382f-1c78-4a24-ac92-faea4d3a9f0e;de313ce6-cf5e-481e-8f40-ca1f09641dce;Quiz 3858 - déjà;29;69.93;-3
4b3f9376-6332-459b-a6f4-d531a3216583;c46bbabe-72b4-4a42-a42d-b99c675ddb65;Quiz 3633 - demande;11;49.71;480
4b567b32-266b-4536-a5b0-d5636908fab1;41a02b28-35a8-42da-9df4-982b7a078f39;Quiz 3800 - déposer;23;85.17;362
4b5c7e00-503e-415e-9055-d7e7f77b4e92;a1120368-8aea-425d-8848-bb631b8a7765;Quiz 2015 - accepter;18;35.83;3
4b6343cb-2401-4f55-b6fa-9aaa3b143a26;ed4eb220-4da2-426d-95f1-2a697a241714;Quiz 2182 - quinze;9;13.47;234
4b698ad6-a33a-447d-9ba7-34b29d0b68ff;aa5db194-687c-4e91-b795-278a2b830f8b;Quiz 1296 - militaire;17;32.21;218
4b72ce96-00c1-4a51-b6ad-22ddf23dc3f1;6d60643d-4372-44ee-b329-7d803e31ff64;Quiz 772 - impression;20;63.99;106
4b7f711a-bcac-4bea-a867-00ff110f7e18;7d8b8eaa-b2e6-4912-95a3-a6a7d82819b7;Quiz 4378 - mériter;16;72.84;421
4b8691b4-9ce7-4874-b97b-6f8b17638456;daa0188e-c095-4bff-b2c4-6ce4f973964d;Quiz 3373 - nombre;11;66.83;-1
4bb2fe2c-75d4-4a6f-a293-c0263d9b41b4;acb2747c-056c-41ec-9988-731bd43be161;Quiz 3875 - mal;5;69.52;64
4bc1e3da-c8bd-489b-b2d5-dee9e11b26aa;f1f860dd-2183-4850-b57a-20a2c619eefa;Quiz 480 - dehors;6;92.28;-4
4bd1438f-fc6a-40ae-b5ca-7f1bd0982be8;ddb80b08-2a6e-452e-a9dd-1401648c01c8;Quiz 693 - distance;28;24.82;203
4bd7934a-fb02-44d9-863e-94172e684b39;f9c8bc7c-6466-425f-8a50-64a872d6c23a;Quiz 703 - famille;14;28.39;107
4be781c4-ff76-49df-b8a0-74ef6d994a0a;b9ea755b-23a4-46ee-af84-795fef326fef;Quiz 618 - mien;27;39.38;-8
4bf1df9b-c2ef-4488-9929-5eaf23bb10c4;ffe7e0d7-c080-42e9-a47e-d45c0ade2db7;Quiz 1895 - classe;30;69.69;23
4c0c95e5-1ea5-4990-9794-d453a5d244f0;31ada668-7d96-43a4-99de-15bfd26409d2;Quiz 3300 - malgré;28;93.57;-6
4c5e4a35-ebb2-46cc-88b4-c2da4606df99;147b3453-947c-4400-b95f-139f3de902c7;Quiz 4933 - plutôt;24;38.16;-3
4c7a69f3-8636-4813-be2a-61114a2a896a;696ce24a-75cf-45d5-8299-70f85b36325a;Quiz 3052 - côte;8;87.31;-6
4c7a8ac8-4755-44e6-b510-b88adb818201;a35b2f03-3278-4c91-a7a4-eb845e735bf0;Quiz 4841 - comme;16;28.95;0
4c898c4c-d2c2-42af-afbc-936660496824;8debd695-1ba0-4261-b5a4-69915f2af610;Quiz 3092 - mener;23;95.9;84
4ca01437-eb2d-4f16-a627-c85bcb4c34a5;9f98994f-0406-4d06-8863-5944e65231fc;Quiz 1926 - figurer;17;23.64;65
4cc925a5-fa59-4415-b7da-01c880cdb84b;f7985fc9-3542-4f58-b476-fa45b82f1c13;Quiz 1382 - sein;28;84.67;330
4ccdbc79-cc96-48b8-b35e-4e1b6842943d;15f0aeb8-9992-41bf-b3cb-e17dee847b3c;Quiz 4729 - deux;7;91.52;23
4cdc227c-7ff3-48cd-9362-5d78333f4a79;b58f7f37-8285-4997-9e7b-d58b11df205f;Quiz 1224 - détacher;8;41.76;27
4cdcf3a1-c2af-4f0c-9f9a-529e71b0c453;aaa861c1-cba6-4c7f-8477-814bddfd73e5;Quiz 2611 - commun;17;46.75;354
4cf05b8a-3be6-4296-af8c-aad60a4f3906;a66433c1-899d-4606-85c9-ca3fd214bcbc;Quiz 4027 - exiger;22;50.24;451
4cf06416-5db2-4d14-9866-5379a2a7ee7a;8c910c2f-9c18-486a-b697-db379f30388a;Quiz 49 - lire;26;95.52;393
4cf0a7f2-d1bb-4400-8a93-b4f574756bf1;96869ded-0cf1-486d-a86c-7d0f4d737cfd;Quiz 2036 - défendre;6;34.07;278
4cf32e16-8b80-420d-a70e-3443b9c0ddff;0b0d3678-1c43-4bcc-89b3-6e4ae880383e;Quiz 2532 - frais;21;91.19;432
4d1f6dd0-538f-4d46-8085-5cb64010993c;a1c13462-4d6d-4748-b795-c74a72d38b7a;Quiz 4397 - silencieux;7;74.88;355
4d209a02-c7fe-45e0-b17d-15f31254dd89;6c2b69ee-dc67-4153-8aa6-4894f7718f62;Quiz 104 - saint;27;96.47;218
4d232483-edb0-423e-bb1d-8a0c3f701a61;f8b3a86b-cdfa-4c82-88a1-2ed432450244;Quiz 2526 - affaire;28;37.51;-5
4d3a8fd2-49ba-450f-bdc3-0045b24792e7;5f20f10b-c654-4cd3-8f65-b97c64970473;Quiz 317 - prier;20;25.72;81
4d3bb7b0-2439-46d9-9d1f-9c0bb08b3bd5;dbe9e551-cd94-4a5d-b271-1c9e3f0f2941;Quiz 3501 - noir;29;57.78;17
4d4dc1c0-d61b-4561-90f8-9051062f45d9;affc70a6-cbc8-483e-bb16-8ee43e849143;Quiz 1660 - obéir;10;65.59;368
4d62d8f0-e0eb-4a5e-932e-1203e9634ea6;4156671e-4c5c-42a8-9176-c5a8e3b7c13c;Quiz 1856 - l'un;6;12.98;424
4d649045-c9b4-4992-b417-15eb69611bcd;b114f508-b3ad-4fbb-980d-05819ed8f4b1;Quiz 1042 - heureux;14;56.14;446
4d6f6f30-747a-4d15-88b8-d527b21dc151;7d263ed6-70d9-423f-b383-c81cded627bb;Quiz 2335 - prouver;29;81.18;-3
4d7a6ce9-a843-4acd-9c95-dd2041040f39;088d4cbc-b051-49a1-aba1-738fbed14b3c;Quiz 227 - voici;30;17.05;-10
4d832616-a4f4-4703-96f0-6f91fc552c12;33b7b65a-6fa9-4aa3-a960-63e9456a69b2;Quiz 2112 - fer;23;49.47;79
4d945f79-e445-4426-992d-9b4d78b993aa;b1fb1df0-730f-41d5-8e83-6c5a21dd9b1e;Quiz 139 - âge;6;82.06;-4
4da047c4-27d0-455c-a736-1e647c742300;6f731ba9-de17-4134-bf03-811aac13358b;Quiz 1069 - bientôt;24;12.97;3
4da6c449-3341-485e-a75d-92ed6ec1cd75;6c49715e-b2a8-4d37-8b48-be959308082a;Quiz 2579 - après;6;86.36;260
4db9856e-50d1-489e-b7f9-8d060297788f;856bc378-8080-4c1e-806f-ac0ce2350af1;Quiz 92 - terreur;5;46.34;57
4dbb4e5e-4be5-4dae-9e43-eed815eeda9b;ef1389b4-cc4d-4c37-bfdb-d7b6ac178e5e;Quiz 1153 - honneur;17;97.27;-1
4dd38e85-6e00-444f-a070-1f89c056dae7;45679460-3785-4ed8-a5b6-414817dac1d8;Quiz 1810 - déposer;17;48.37;-7
4dde2040-e86b-48b5-8a75-1013ce21533d;9e72bca8-74d1-4772-bcc4-b43a9147cbf1;Quiz 3843 - charge;11;78.43;409
4dde9e34-3347-446a-8afb-371f637d8e04;154241ef-ae13-48ee-b184-14816b75c9f3;Quiz 1377 - fer;12;87.3;219
4deeb1bb-d15e-47cb-bd36-933240daa6aa;6a0f6925-562d-4e43-a743-f8ec762f0e8c;Quiz 2863 - absence;14;85.68;-6
4df0d527-30a2-48e4-8b65-b2cc60272ece;4eb877b8-28c5-4505-959a-b95d468fe190;Quiz 2316 - campagne;13;95.49;354
4df8e785-2cdc-4a29-8452-b1b8cdd23376;7d263ed6-70d9-423f-b383-c81cded627bb;Quiz 404 - retirer;23;11.31;-8
4dfc8fec-6ce4-487f-a2b8-feb174163c33;34e13f0c-c49e-48af-9901-60b516650c10;Quiz 3742 - écrire;26;24.26;-3
4e00113f-650b-4f63-b7f1-6bc1aee37322;1bb83558-7920-4d01-99d0-a08dcce2ac22;Quiz 2024 - vent;14;85.68;34
4e126110-18e3-480b-8e2e-c6b0937b9c1c;1accca2f-2d41-46fb-899c-26567c7a9031;Quiz 582 - soulever;10;22.18;9
4e12928f-34a4-4cc9-b51e-690e2ef56c30;8f93f7bf-58b2-48d4-82c6-8e5a293e638b;Quiz 2842 - trop;29;73.15;479
4e31be93-a206-494d-b816-cde7d1b66ec8;2aa266c9-83a5-4659-8b17-897441defa12;Quiz 341 - signe;26;25.78;1
4e380336-a0a5-4117-9fd7-741f482b0654;8839d11c-29aa-4123-a25e-efde9dbee2da;Quiz 4973 - mensonge;29;47.41;372
4e5b37e1-43ac-4e05-88a2-222e95a683b0;b5952523-3cfc-4c7e-aa66-4b50b45e3c70;Quiz 4207 - écraser;25;64.05;-8
4e5d0b6d-7efd-4b90-81f1-797304391113;63142430-fac1-4261-b443-ebd64717f177;Quiz 3619 - vol;20;58.94;82
4e6e5c25-9de1-4fb4-9291-bbc03170eff0;9cff733a-fcf9-41ce-bcad-f650e0c07027;Quiz 4775 - accrocher;7;73.35;86
4e7ca18b-9812-457d-a62f-3cb991434d6f;3658f811-85c4-40e3-b0b9-c8a0c1ef79ec;Quiz 1315 - dehors;30;45.53;-4
4e8dbf46-fbd0-417f-97d1-eb086e5218e5;81509d68-f4b1-4223-a6c9-1b97265fd53f;Quiz 1963 - sourire;16;64.37;290
4e8fc588-2e71-4a96-969e-655b03758772;237d8284-c97a-4e79-85a2-3a0d8612e9eb;Quiz 2309 - planche;22;85.33;406
4e981071-f204-4bda-8e7b-284965bfdacd;4462f8b4-43ea-4345-b8c4-07d3f91a97e5;Quiz 4239 - imaginer;17;13.19;325
4e9c4168-29ae-49b8-8af6-a02aa44d636a;20c3fc43-89d7-4691-85ba-bfb60eee93d0;Quiz 3991 - cesser;10;18.37;2
4ea2d577-011c-44ba-b660-28ec11e568ad;42c8ae77-04ae-444f-a20b-505545eebffc;Quiz 2301 - pareil;7;22.44;12
4ec3b7df-1f03-42fc-982c-829e79166819;4877839f-0032-4af4-9893-ae3945a2b895;Quiz 2186 - notre;25;27.26;43
4ec765f6-1d20-41b9-9208-41e413a85c76;31fb1746-31d1-44cb-9c98-d761df28ea51;Quiz 3628 - près;7;54.84;-2
4ed11dc5-5149-42a8-b75d-cf1d662cb0fa;affc70a6-cbc8-483e-bb16-8ee43e849143;Quiz 929 - valoir;11;34.07;-4
4ef1bb83-1668-4c0e-a6d9-9944cf5541f1;0815151f-d345-4b1c-8f17-83936916ea28;Quiz 3839 - même;10;61.03;445
4ef2b2cf-1985-40d8-b19b-378058f1a7d6;0f39985c-3dc5-41ed-bcfe-f8d9c532d33f;Quiz 908 - pour;8;41.09;-9
4ef708e3-4417-4bdc-ac70-1100469bf8af;d81d2c84-87d3-4d9b-8ad1-6400a8ddc13d;Quiz 2131 - commander;19;17.9;224
4f102064-db18-407a-8b79-b636ff558265;4df498a0-ca58-4a1d-a225-7b4de48096d8;Quiz 3108 - presser;27;25.91;-1
4f19c227-6dab-4c05-9a5b-320fa591839f;38b15aa6-9e9c-45f2-8230-f91eea1084e7;Quiz 1934 - sourire;23;30.63;-7
4f1a3eb9-e3fc-42ce-a207-f4b7755c1213;33dca22d-3d8f-4464-8304-c8c333e44a15;Quiz 716 - hôtel;25;72.33;322
4f1af3f3-437b-4bb4-94ce-97474dd4cae0;11a0394a-919a-46be-acf3-d4c553dc8856;Quiz 3500 - acheter;25;27.04;39
4f26a479-5d71-4b85-b09d-fbbd4c10f33a;389c99ba-3196-4ed2-8b1d-3cf45c88e53c;Quiz 2191 - époque;17;20.92;365
4f3a3a22-f4b7-4828-b50d-4838ad773967;d39171bf-28c1-4879-8de3-3ed7d8278583;Quiz 2618 - où;16;44.65;485
4f4e5e2f-6fe9-4ebf-a473-554b2d7e0f3e;dbda68cd-5eb3-46a8-9292-a9740307fe95;Quiz 1776 - eaux;8;67.45;114
4f5816f9-213c-43dc-9c4c-d16f446b2137;6bae3300-498d-453c-8b39-d4ee178533bf;Quiz 117 - révéler;25;79.56;-9
4f65e656-c5cb-4713-afd5-acec9daf3824;b6e10b74-ad22-4cfb-a488-5ce718e54b7b;Quiz 4537 - pousser;28;12.99;22
4f667daf-eb69-4484-afbd-c207bdb9042a;d7895795-73b0-448c-807f-c88dcf9cf06e;Quiz 3285 - demi;27;97.62;117
4f6e6cc7-47df-4e51-8dec-beb66f3e3e11;1ed5f68a-98e6-4bec-a9c7-c0a66b2d1ab4;Quiz 4445 - ça;10;66.02;240
4f73a2f1-26e8-4cca-9d9f-0d462928d437;d4f434e2-e226-4f66-9199-1654b4d680d2;Quiz 3265 - son;22;58.91;352
4f768d64-cf08-4066-9172-1884174797d7;cdc518f4-d859-43e3-bb76-35f39fa761a1;Quiz 4691 - certain;5;86.37;0
4f81e6a6-790f-42fc-824b-5d9b3819471f;2f961e8a-7386-4c38-b0d9-e41defc69688;Quiz 2854 - hauteur;8;32.58;109
4f97ddb6-edf3-4563-985b-358d15c07e5d;b8cf97b2-b344-4472-87ac-871591496e76;Quiz 1860 - demain;15;56.88;39
4fae5d76-7ec9-4828-bc15-93977a21a3df;251c6e3c-e365-4c95-9b7e-7acc94fa7105;Quiz 37 - table;17;43.83;289
4fc1af17-655b-4017-bd12-94edf345b575;4b88eca8-a499-4fcf-bf87-522e390083c0;Quiz 1634 - existence;14;81.3;-3
4fc4a1ac-8c80-469b-a513-4c5adacff836;f4b3a53c-0582-4ad7-beff-1559dafaa6fc;Quiz 2166 - pourquoi;9;45.18;10
4fc52c03-cbcd-417c-b279-5ad929423fe0;2dcdfedd-4a51-43d3-a211-f8acefdc835b;Quiz 3917 - devant;16;48.97;-1
4fcc0e84-1486-4a78-b65c-7cf41c091cad;f0554504-5b3a-4d8a-9397-81925165337d;Quiz 3837 - note;19;68.68;106
4fcf2ebf-adfb-49e8-ba01-1ee621d76afe;ee16d3f9-e41c-45b3-a5df-27adf3c9e3ea;Quiz 4368 - passage;11;56.53;87
4fd87165-6ae4-4944-9185-a150f90e9da9;bae26ac4-ac44-4fba-9ce2-3e75b863098f;Quiz 4396 - fois;5;25.83;387
4fdd36d5-b593-43de-a346-cc9eaf36735c;92048586-7fc0-4970-91c5-d8aebaa6f078;Quiz 4358 - moyen;6;42.56;81
4feaeeb8-fb62-4ac0-891f-70cd39cae7a3;9d7fe4e8-8cd0-4b46-849f-3a1ea56b2647;Quiz 1008 - nature;30;11.54;340
4ff146a1-ff3f-407f-93b3-69f51dbb82a8;c29b8fd0-daa3-4891-960a-572051aaa3cc;Quiz 2235 - être;7;39.27;-5
50127223-f898-4226-9837-7021c3dad9aa;d88b6bba-d978-4424-afca-848686089c37;Quiz 1223 - ce;28;87.98;398
501ff791-258e-4df8-afc4-b861a2ff527d;ae38b90b-3118-45d2-9f84-7d95fbc8498c;Quiz 414 - sens;8;71.54;41
50331fe0-85f5-4c50-af70-bcfff8d3ca50;b937975f-a8ab-4c3b-b93f-30ae023c9ae0;Quiz 4130 - montrer;12;69.84;460
503aec6a-c2d7-4dc1-b1ad-538d86c4955f;45d7bd79-b2a6-4622-a334-e68726403cd4;Quiz 3790 - autre;13;89.54;327
5043b4cb-09ea-4b51-bd0b-0f3fa3bf7b46;d31b46ee-84a7-4100-965e-2620bada94d7;Quiz 1692 - regard;12;18.01;109
50649794-81b9-43ba-b139-d42eb0ef2864;c28e4f38-bb44-406a-b438-406aa618fae6;Quiz 2703 - crise;26;85.42;-5
506f5a51-8e68-418f-80f4-f0c6f2bd1d1a;ae2e7107-0bc0-4f5b-8b88-8e128ddffbcd;Quiz 2496 - séparer;19;41.42;111
507c6c10-41ff-462a-807e-ea88b151155d;08b4ff8e-31e3-430e-8ec1-2b8c6449c0b7;Quiz 547 - trois;30;25.28;241
5080883c-b4f9-43f9-8df2-6acdee456b86;84ec9a7a-a9a6-4052-acb4-e1aee1c4da82;Quiz 3183 - hauteur;20;66.19;429
508d64f2-2de2-4ed1-973e-272218447089;de313ce6-cf5e-481e-8f40-ca1f09641dce;Quiz 2701 - tendre;18;55.23;445
5096e138-ed16-4e1f-a7f7-a58f4e8aeb4d;c37d4a75-837a-425d-85f1-eba3206e6105;Quiz 571 - poursuivre;30;85.77;-2
509b2cc8-3702-454b-bed1-d3be371e4e8b;322e68fc-1887-467b-8f0e-1a926ec146e0;Quiz 2734 - professeur;16;34.54;87
509f6af7-4b0d-4753-8dcd-636d92477c15;b32529cf-04b8-4f7e-816b-1205aed3e779;Quiz 3734 - devant;23;82.31;59
50a040e8-b43f-460c-ba2c-d1a992d1c025;cf84e712-e27d-4d76-9c52-fce70ab0a2f6;Quiz 4570 - intérieur;28;45.78;465
50a509ff-9343-4dfb-a1de-f18d77529765;ed292c50-6faf-4853-8a13-af474ad3601f;Quiz 1490 - avance;27;83.7;-1
50b1ffa5-d9a3-4669-a453-9300eae8d1ed;c1c34041-d4d1-439d-b147-6b6a3717e684;Quiz 4644 - deviner;19;92.85;14
50bad391-392c-4e40-bc1b-e61cf5139b63;1acb6e19-82fa-47e0-9189-cdd831853831;Quiz 1099 - devenir;11;67.54;453
50cf4797-436c-4a36-a943-a63c3cdd5ad8;826b9cfa-5b40-4689-bd1c-42e3ed62b9e2;Quiz 3105 - planche;9;61.77;100
50ee44b2-308f-42e2-9859-5928e0d604ba;a4078061-a628-451f-8538-a0d7a2f29152;Quiz 4265 - suivant;25;90.06;-4
510aec52-8195-4bb7-9fa4-d6acaa0fd157;80a7bcdc-131a-4115-99b0-e1564571d04a;Quiz 1394 - cerveau;9;28.93;71
510ec802-e084-4fcf-a78f-318a866835fe;b668870a-7981-4d05-b360-8563d5ab05e4;Quiz 4503 - escalier;19;30.37;403
5112ad6c-7989-4322-91e1-3cd93ff02872;edf14b64-dd0b-4cf7-8680-23119ec7841f;Quiz 3592 - imaginer;28;43.58;388
51278cc3-fcdb-4696-a784-5ca6bb25f5c5;e4d3d072-c880-4ad7-9739-452ebb719461;Quiz 90 - certain;8;28.9;-2
513593de-a4a3-4f6e-a300-858b522a7bc7;6d16f155-837e-4641-ba9a-0bf65ee31f7e;Quiz 2804 - tout;28;75.52;-10
514555c5-a57e-4890-8ee9-a31918e413e8;e98fd7d2-39f1-4bd7-9359-b3aaf470906f;Quiz 4616 - sauver;10;79.98;67
5145dae7-be83-4933-8b29-fa9d5ac129e4;bc873314-2b77-4a1a-b12e-328622934a81;Quiz 4099 - certainement;7;37.19;-6
51486d59-84e6-4c76-8aea-658951815f82;93ff9ce4-5ddc-4adf-bc78-0d2fd0e3c5d0;Quiz 4938 - simplement;14;22.25;-4
51595813-d38a-4959-8e62-ad251a491f1f;11ce819f-e5ef-4230-95d8-b70985dfaf45;Quiz 1000 - remplir;15;44.69;252
5159f964-988c-46d5-bc65-405d71ea7248;fc519ffd-1532-404e-87e5-986db65facf6;Quiz 2583 - fier;22;19.11;101
51620884-451b-4141-a61a-90c788960c21;43ca150e-61a3-4cc7-8a01-ed711fe8e003;Quiz 1835 - nerveux;30;19.8;441
51659a3f-2ec9-4176-9751-e9f9a2e203e7;bcde9dbe-ad13-4151-baec-1a47f0cb9259;Quiz 1873 - noir;13;39.21;411
5165e9d0-1ad7-4b5c-9d4c-4042cd14442e;1ca1ab7f-d962-44cc-991e-25ca2f4c5840;Quiz 1314 - bas;13;11.82;71
516dbf6e-e84d-4a6b-a11f-d4f81fa6bd9f;68822e30-8b5d-45c5-ae57-35a6e2fa8647;Quiz 4406 - pointe;25;17.03;0
5170760e-5097-40f9-a9d8-e2f2cb70dac8;624775fb-7e09-47d1-a611-ea06c2946893;Quiz 4868 - réponse;17;42.35;17
5175113f-7e11-4e8f-a8fb-c7c5f868bfa3;7a148f45-8778-4750-b176-03cce707fb69;Quiz 3936 - animer;18;58.5;230
517689fb-7f25-4a1c-af36-844c0ab7d817;2c4da10f-ad20-46c4-bd98-838db18ea612;Quiz 3664 - tirer;6;63.53;212
5192d9dd-f9c7-48f2-b062-6c665b41dbb1;c07fd777-7891-4d5c-ba4d-343fd9efb70f;Quiz 752 - traîner;26;97.97;-5
51992269-9867-4c85-86fc-2bb32da22f99;4b4d0fe7-f1f0-46d5-888a-d9f3d1213280;Quiz 1002 - parfaitement;10;10.78;347
51a536f5-c58b-4f36-9bba-691904bae9a6;54d1172e-da52-44fd-91ff-bca290e5c9a6;Quiz 2505 - mentir;9;23.8;17
51b003e1-3422-497d-b2a2-9c5746c79299;1406fe74-1735-47f0-936a-9b03072b02f4;Quiz 1743 - véritable;5;86.54;327
51b6e74f-4f45-4553-b84a-27ea72d74c0e;31ce5fd0-02de-4abd-9eef-4eec2f5546af;Quiz 1454 - épais;16;10.54;-7
51c3646c-2742-4433-a6bf-46faa83e84bb;bb8948b8-8aa7-42e4-907b-cb4024ed2183;Quiz 586 - silencieux;23;72.71;59
51c397ae-b209-4b05-930c-0e3e0e5066ab;632969a3-3dbf-4fa4-8316-29b693ddc8bc;Quiz 2421 - fusil;5;97.36;304
51d27108-0f53-426c-a560-26ace69cfee3;e375d324-cab6-42e0-bd97-3376c4595fd2;Quiz 3173 - dur;17;94.52;356
51d5218f-05bd-4001-be54-a851ae78e69e;c5bbe4fe-7846-44a9-a2b4-c38cb9f1b998;Quiz 4224 - rappeler;5;30.1;0
51fd80a4-922b-4624-a989-3a6181da915d;2ce19360-2f69-411f-a219-0f3047c174b9;Quiz 135 - mériter;9;63.3;-4
52056f85-5eb1-4ffd-a16d-8044d645170b;101646dc-53ef-4a6a-a798-2c71c6234081;Quiz 2908 - entraîner;17;15.75;35
521232fb-376e-40d6-a002-c03c38390cd6;8a86503b-445b-45c3-a98a-7a59e7b59a45;Quiz 2044 - vrai;21;58.23;81
521318cc-13d1-46fa-ab79-a3e48b890994;5699ccae-628f-4b4f-9e8f-c5abf508f99d;Quiz 2989 - du;12;34.43;340
522259f2-bb59-4f80-94f9-ae3f822ef65d;d37f0de5-1793-4bf2-bd38-58f85b2785b0;Quiz 1157 - trou;17;43.02;271
52266c0b-0d8a-4a9d-b740-4fd2b90aecbc;208ba8c4-091b-4a10-bc44-39794ec3bcba;Quiz 4297 - avance;10;94.67;-4
5233fc23-4637-49a3-a52f-1a8d6bbfadd7;ef3ea579-2400-40e6-a3c2-f81f68633670;Quiz 3893 - commander;23;81.64;44
52418f7c-f4fd-463c-adb5-0f94cbbc5e39;69fb2f75-6fcb-4fd0-89fb-c3a1850f0388;Quiz 2035 - gris;28;64.36;60
524d3475-f9fa-4ba7-b8b4-e0f472cd69ce;f9d6d5f0-3131-4bd6-b5f4-66a4ad5879b2;Quiz 4318 - promettre;17;44.48;-10
5259e6fa-e065-4f63-bd75-6427b699aef2;f6be0f11-6848-43ac-aa92-0b1e79444c1d;Quiz 1045 - dangereux;18;60.68;100
5285c605-5227-468d-adb0-b0b32b1cfdb8;bfd41e92-ffdf-44c2-982d-b94900b929c7;Quiz 2680 - être;8;41.82;98
52885bcb-e2e6-4416-a7e9-b2ec98914216;8269b253-4997-43f1-a78d-3b9e7a14a62a;Quiz 2476 - tard;19;64.51;-1
52919676-20fa-4ae5-b7f4-a6a5d64017b0;1cdad90d-239f-4cef-8e40-e8b8efc43121;Quiz 4075 - loi;30;38.24;-2
52a9b067-e5d7-44db-b655-1c3d0fa8538c;237d8284-c97a-4e79-85a2-3a0d8612e9eb;Quiz 1458 - accrocher;23;49.36;321
52b28cf4-32fc-4baa-a2d6-352eb5cd9c29;d2ea13b4-1119-4170-a5f9-c59f0fcfd643;Quiz 768 - froid;21;57.98;388
52b82909-d3c6-48c2-b269-01fd42b3765b;bf624fd1-f682-4c59-bc33-2aa5c5e36b9c;Quiz 690 - on;7;68.68;431
52baa5e7-52fa-4d2d-a8e4-2c04ca37c0e8;08895b6f-6d05-4ff4-9090-1096313d17df;Quiz 4380 - chat;9;31.41;31
52c41542-d621-4861-ad20-9d47068c1f1e;6eac09a5-46cb-4659-aad8-89022306e192;Quiz 4006 - usage;17;58.76;-4
52cff4cd-d788-4ff3-9b62-4799b0dc3c89;d37f0de5-1793-4bf2-bd38-58f85b2785b0;Quiz 4987 - rire;7;61.49;-7
52f6d4aa-bd04-4154-b5c0-6cbc78241bf5;4a186ddd-306f-41f8-a3ef-4579c36ea9b4;Quiz 4106 - sujet;22;22.91;109
52fb84a0-7649-41df-bd94-12cae042eb30;05e49a43-8cdb-44f9-b66e-ee246dcb5268;Quiz 3281 - remercier;14;99.95;75
5303540a-6950-4fd6-a539-c6c3c67a0929;7477a7e2-56b4-430f-986b-b7efadecfb9b;Quiz 1555 - forme;10;66.89;273
53258495-296d-4f5d-9779-b076a058be94;8b746c32-e93f-499b-a511-60391bceb714;Quiz 4519 - prouver;29;93.66;51
53297cb6-b19e-4be2-9fc6-225209eb2b10;44b7877c-3c99-4297-a89e-63c0f3c00158;Quiz 2025 - retomber;15;97.96;14
533d5c52-6bf0-4849-9da0-8f1d71fd17d0;1ba172c0-0865-4658-a7d9-5c73b3c3630a;Quiz 1721 - cabinet;21;39.71;29
534386df-c534-46ed-90fa-c84dcd6d9987;14c6e806-5922-4d1d-8659-a4893778e14a;Quiz 1662 - certain;9;98.15;-6
5348b3be-1707-440c-9249-c86a493f7aed;ca2f16ef-fd7e-4604-9542-d6208155bd32;Quiz 2371 - lui;10;46.17;83
535f5f5d-dda7-474a-af2c-680ca7bef8b2;4ffbee30-6458-429f-8031-5f99380f25ae;Quiz 2250 - expliquer;25;62.79;236
5370ed66-e6e6-4c86-b159-4e08da6b31cb;16d8769e-22df-410f-bce4-d3f292bf72f1;Quiz 671 - nombre;18;68.88;376
538229ce-d013-43e1-af0b-8e89ad882cf3;052474e7-08a4-4a1d-8938-c67f5ccebffc;Quiz 3915 - clair;6;50.06;346
538ccea6-aff5-40e4-b735-5540e53b5b8e;caf87dd9-2594-4218-9439-b3df912722d5;Quiz 4961 - me;23;33.53;-8
539feb77-8ce8-4fc1-83ad-dfe4ffdb1d64;34e13f0c-c49e-48af-9901-60b516650c10;Quiz 976 - habiter;17;39.18;261
53c6e0f3-b438-4285-bbd4-a18993053228;27a11ef2-ce7f-4e42-b851-6971e205c131;Quiz 3041 - goutte;29;43.84;-2
53d0f6cb-03fd-41c5-9e9a-cc70e0d788b1;3978b6df-1a7c-4fe6-979c-f40ee6511172;Quiz 1832 - jeune;23;70.48;-10
53dd0037-b4ce-4f74-8797-ff1577e62d25;af319fce-60ed-4b2d-abd2-06001a54c57c;Quiz 3413 - remettre;21;66.78;113
53e3e691-4129-46fb-8a2e-d79b5e9f82a0;f76226ad-70a2-496c-94d6-0b07dc366dd4;Quiz 1615 - avec;21;69.34;87
53e7284f-241d-4a3b-9725-9d5798df62b0;43ca150e-61a3-4cc7-8a01-ed711fe8e003;Quiz 2499 - monsieur;23;68.3;265
53f96834-018b-4bb9-98a5-4e8a6711b959;434244f3-b327-4114-983f-15a4171c5041;Quiz 4527 - moyen;16;67.57;-5
53fbe865-af1d-4cd7-b345-babeb7c2a043;11f370da-b2d5-44fe-aeeb-d9c12037866b;Quiz 1290 - ancien;22;99.28;446
53fcd96d-b0be-4d3c-a5d2-e14a5a68be45;95c3053c-fa60-4a83-bd89-557d492f03c3;Quiz 4505 - neuf;12;55.51;-10
5405dde3-6f4d-4eb4-9c8c-741a58e85f8b;12a22f41-51dc-4625-be1b-788de5e61bca;Quiz 832 - apporter;10;63.95;394
5407a3ea-22f5-4efe-8f91-5f6f66b7b999;4e223f1b-81e9-4fff-b8f1-daa258b453fa;Quiz 4234 - printemps;13;89.82;88
5409228d-b4c6-433e-889b-036a8fd8b8e5;f4b3a53c-0582-4ad7-beff-1559dafaa6fc;Quiz 2929 - plaire;7;54.21;401
541d28ab-6fc7-49c5-9a3c-f41dd9393794;72658910-ac2f-4aa9-a7b3-6366ce56b3c4;Quiz 2006 - hier;8;44.21;411
54469588-c6df-4561-857b-5a17de39d3bf;11ce819f-e5ef-4230-95d8-b70985dfaf45;Quiz 1552 - tu;9;74.71;-4
544be16a-8eb1-495b-80da-41ac5ac6c11d;7eda5b4b-eac3-49a0-8e38-9b0cc6205119;Quiz 563 - chef;22;39.19;247
5460d59c-7505-4047-8a19-257a9b5cb809;4a50f4b4-a3ff-42e9-b443-4e64ed558c5d;Quiz 1286 - manger;30;78.84;257
546209bd-1aaf-4ab4-9d71-321a65911c8e;ca1a545c-af6c-4d87-be7a-187eae8ef12b;Quiz 4219 - police;13;67.35;63
5464d77a-2ed0-487c-8caa-a04ab839638a;a007c02a-8c18-406c-9e19-0a2ed0e28128;Quiz 309 - faute;7;34.13;-3
5474b1db-7842-4dca-98b8-d95b45862dbf;290914d4-e374-479b-badf-4ec1a52d13ab;Quiz 4201 - mari;14;79.04;489
547f794d-7229-4b2c-9b57-b3437f1eef00;84a16206-8e45-4ed4-a4ac-b832b72440ec;Quiz 4367 - arrêter;27;52.75;29
548e54b0-ed37-4cfc-9896-10bac1bfb57d;8f93f7bf-58b2-48d4-82c6-8e5a293e638b;Quiz 1014 - interrompre;27;86.1;-10
5498eea7-d6b0-48d3-a073-f57add0b6929;8542648b-a90e-45a9-bef1-91d91d19f336;Quiz 2053 - bout;26;47.79;60
54b86339-0f11-4434-b958-41683001d458;ce9d03e5-23c4-4e8a-8aa5-3a8a32d360cb;Quiz 1043 - lendemain;17;48.25;91
54ba22a7-5f94-4448-bce8-f87b33e7ba31;fe68bdf1-11d8-4127-a964-ea52d687d9d4;Quiz 2685 - sueur;27;31.5;483
54be3c5a-f92b-436d-90f3-dc15066af758;b63d578f-13f2-406b-a334-d4785b743b9e;Quiz 2108 - recommencer;29;69.92;-9
54c3113e-61b4-4ed3-9e7e-f761864f7282;c3b088c5-0465-4cda-9639-94a0a8bf328c;Quiz 4416 - le;18;59.97;214
54d9c60a-4304-44ce-a3b3-dcaa182879a0;2de0ad2e-e29d-4284-ba77-82db31447e1e;Quiz 1775 - abattre;24;10.64;2
54f03cdc-6931-4fb0-9fc6-23d65d8ff622;f9ebc5fc-1fac-4e80-9c41-9f772c3afc36;Quiz 4957 - reculer;18;39.36;52
54ff564c-4c02-441d-91ce-7b6865278bdd;a4195370-6039-4573-a331-da809d85aad6;Quiz 2216 - année;22;85.69;48
5500a175-41e5-4499-bb0b-5833e41d3a06;82161537-721f-4227-b75e-94d32257d584;Quiz 4870 - entre;19;79.76;-1
55015f16-d3ea-437a-af75-769bd0458810;49bdcb32-8915-4172-b08d-1c64bf582730;Quiz 2276 - cuisine;5;61.24;63
551399e2-340d-49f0-bec1-8bb539344e92;83f269f5-c47e-4cae-aa43-0d0073ac2883;Quiz 4131 - six;10;94.5;293
5530d1c5-9f90-4c6e-b953-b0d48d09b457;d6f7cb2e-833d-4add-9fe6-ccebd22a5dcd;Quiz 2088 - voici;26;37.01;0
554518ae-f6c1-424b-874c-8137915341eb;5b3af18c-1a50-4d86-a3a4-55f20946b66a;Quiz 3941 - lit;30;68.17;77
5559cf5c-7822-4182-b94e-3920653804b1;72ade18b-9a96-4e60-8d99-70e45a0f1c71;Quiz 634 - repousser;13;59.21;225
558c962b-eaf1-44b8-a390-e73e025b4d73;34ad77b6-accd-432b-8a29-abaf06b42fd6;Quiz 2627 - volonté;21;22.76;33
55a4bd10-95f1-4809-8bc1-d99fb557bf23;562f52a4-4710-4011-9235-979251a95a06;Quiz 2233 - couper;14;60.94;-6
55a70986-6c22-4cfe-a541-0564584a22b6;e6941286-0957-49f6-8fb5-12d797c2de89;Quiz 3255 - juger;9;66.2;-10
55bbb821-e554-40cb-adaf-a8b43e722cbc;c0f06e2c-9776-45f5-aed1-5c38476a7cd8;Quiz 3826 - brûler;11;12.45;422
55c95440-0d31-4123-90be-51e465f3d53e;6306f36c-5c36-4a90-b028-58ec4f4c08e6;Quiz 4326 - dont;20;65.67;-4
55dd0675-38d4-4e54-97a6-e5ee318eb9c7;c9d2f729-b8ab-4df7-bc55-fc8d4a8f9396;Quiz 1608 - chaleur;27;30.81;344
55e8c93b-d877-44d8-9b5a-f8b92ac0fdf8;7835ea87-6588-42a1-b4fd-d6635273f02e;Quiz 3398 - sous;8;34.83;-3
55ffff68-cf18-4749-a4e2-162909f28ec5;8c12b3e3-5d36-4949-8b4d-60f2f66566df;Quiz 257 - ruine;23;96.1;-6
560007d7-cfe4-4abc-99c2-79bd5a50f9db;ca2f16ef-fd7e-4604-9542-d6208155bd32;Quiz 2452 - souvent;30;57.33;5
560fe077-e290-4619-aaa8-b69aeed75f5f;4d45a631-1a59-49f8-96c1-97d79c080389;Quiz 2390 - glace;30;89.37;212
562f764e-f5a1-46e8-97f1-b56447af7137;b20f69c6-c7aa-42a7-b9ac-97022fd0355b;Quiz 973 - voie;12;15.35;1
56305d6f-4b45-4f55-8d60-0c9a01664b65;533eb572-564a-41a1-90ca-c4c27be41b31;Quiz 4945 - presque;21;15.78;283
563c3863-30dd-4384-86f3-588490b21caa;c8dc6cc6-8771-4fc7-b4ea-2d956eb4557e;Quiz 1685 - bien;18;18.94;487
563ddf0c-af41-4a00-a73e-747521cf228f;4ff2e74b-6f3f-4b1b-92c4-d7e28f75170b;Quiz 212 - animal;28;17.54;-5
564dc5dc-9098-44e1-bd08-9e1c3a671245;fa6bb27c-2478-42af-8973-b0495cd8c8fb;Quiz 1066 - sourire;9;68.76;-4
565c9069-14c7-41d5-899e-3286331cc658;23fc4e9b-2486-4d06-953d-55c3bbc45bfa;Quiz 2187 - employer;21;21.11;253
5663692f-3bc0-4571-a6e4-6d3f02f1ffc7;344bd162-4ede-4b88-b029-334a0e25a9ee;Quiz 763 - du;21;71.7;357
5664994f-0a52-4e6b-bf8c-e4cc8b1b425c;ce17389f-51e9-4197-bfa2-a9391787074c;Quiz 1739 - fort;22;97.57;-8
566e1037-1858-4e9e-8e3d-d2f5477c37db;42ffc391-7334-4481-bcd0-85e2c6b0b232;Quiz 2220 - promener;20;99.49;-9
566f131d-6f5b-418c-ad7b-928a32fa0551;59b4b8d7-0a78-4a36-8b2c-e7ddb2b62e04;Quiz 4022 - exiger;19;60.77;232
56813fae-aeac-49ec-bd47-cbcac6853254;bed775c2-d0cc-4226-ad91-3d056e2bda5a;Quiz 4848 - bas;27;37.16;228
568d045c-9676-4189-aa3f-bb184e9bab7f;044af995-768e-468c-b373-d3e0795d5c2d;Quiz 3292 - chambre;25;23.15;90
569e05a2-305f-4829-aeb5-a70f1236c760;fb85a484-bdb4-430c-a258-9d9335e1904a;Quiz 610 - mouvement;25;80.46;-7
56a3ba4f-c13d-4e39-bd2f-314777694997;cae4ca90-1c7c-49da-8c29-69d679c1914b;Quiz 3403 - manger;24;93.2;28
56a4bd8f-d7dd-4adb-b11e-409c0394c079;d957630a-2d05-40e5-9ad2-8bd3e04c5037;Quiz 767 - printemps;21;84.1;473
56b81280-e442-4662-bc85-6201ae75f76a;6056d026-4b1e-4e19-ab8f-2f3f36ddf116;Quiz 674 - parole;15;38.22;338
56ca8827-2fce-469a-b41e-0c9ba528df33;f5655805-e9c7-474c-b2b8-ce3352df87cc;Quiz 4649 - cheveu;30;57.3;-10
56cbef28-2fa0-41b0-ba3e-b3261077b586;9d58cf65-c3c5-41df-b6d9-78e17c9ff519;Quiz 3278 - falloir;20;45.85;0
56cd080a-f410-4b25-8f5e-afa5a9fd2b16;dfbb7843-8f8b-42a7-a498-1fb99cf68bfc;Quiz 1994 - lien;23;60.58;385
56d578bd-d47b-42a6-a4e7-ee8bd62d3464;65a0d3ab-c198-4b77-9a7e-821cb8504036;Quiz 4889 - emporter;16;60.17;271
56de25e6-039d-43db-90c3-834b74f070a1;c5f71d04-cbdc-4640-a99b-432463261917;Quiz 89 - puissant;14;13.3;-8
56e56e48-54e5-443b-885e-0d17c21eb9e5;6258ae84-09a7-4372-b6f0-64e7372b1f3e;Quiz 4794 - jeune;18;45.52;-1
56eb6d5c-cebe-4f6c-85b3-897f5f56e240;a196b466-6812-4505-b559-b5eb1590e95b;Quiz 812 - silence;19;55.89;444
56efa727-6e16-4e60-bb8f-e003d87dea15;a126c963-dc13-41ba-adbc-acfa65c4f6bb;Quiz 3877 - facile;10;97.28;389
57080135-44df-4358-bba0-c02ace336710;1ca1ab7f-d962-44cc-991e-25ca2f4c5840;Quiz 2241 - chair;13;11.74;-8
570fb7fe-b527-4495-9427-ab5ebdca4f6d;f7be1392-a53a-4bf4-9f04-1f8f5808468e;Quiz 4331 - respirer;26;35.44;43
57166414-ea6c-4cd3-b2f5-1da7863095af;89bca11d-a00e-44c8-8b0e-10fd6351d63e;Quiz 2580 - bande;19;98.78;13
5721384d-7737-4cde-b1d8-33595d17ef1e;f352c13c-bf0e-43f3-ae57-68064f13f7d7;Quiz 4823 - troisième;21;53.56;-1
575a7434-82ea-4e12-8824-1542964f973e;6a0f6925-562d-4e43-a743-f8ec762f0e8c;Quiz 50 - ignorer;9;82.27;-8
575c3f1e-b8a9-43ba-a731-27fce1f3e6e3;cfc9846c-1cb6-41fb-9765-0139ea34ea2e;Quiz 418 - sur;30;17.54;44
575f0156-864e-4270-a371-960c0b3d0aff;07bf455d-279d-424b-b718-c0eec4cc1941;Quiz 2127 - goût;19;42.2;52
575f37dc-c9de-45c1-95f8-168f9ca46e3c;048ef989-53b5-4936-8b5b-ae2c67a7c5d8;Quiz 1980 - parmi;6;44.02;-4
57b27e32-3fc1-4cdc-ac80-932016913225;a106c2f0-848c-4da5-b92c-e6959b68d8ef;Quiz 3457 - habitant;28;58.7;369
57c53dbe-9993-4ab3-826d-eaa70d08b337;b32529cf-04b8-4f7e-816b-1205aed3e779;Quiz 3588 - briser;26;54.66;67
57dae4bd-d6d8-4272-b428-92dd2cbc2207;c7cad4ac-14bd-4d7b-add9-5a06bb47f80d;Quiz 2820 - souhaiter;22;46.73;-6
57dc106c-7830-49de-ac1f-a41f55198f3a;bf2e15f4-9680-4912-a506-baf54809ec9c;Quiz 4747 - étendue;13;72.94;498
57ec1e63-f650-4936-880a-dd255dfc5227;63b9e475-70e1-4f72-ac63-e683d221e84c;Quiz 3760 - source;28;43.11;-3
57ec4c5e-f22d-42d6-a764-d046ec02f618;4ac15fc1-ee5e-4a6f-bf58-25e74b72faed;Quiz 1116 - franc;13;19.95;305
5826cf15-e391-48a3-8212-e9a94ad84fa8;c07fd777-7891-4d5c-ba4d-343fd9efb70f;Quiz 694 - exprimer;13;46.64;287
582f7357-62d3-4d92-b193-4d63d1471d07;f8ea210a-7458-4930-9c9b-96ca75ec43ca;Quiz 4418 - autrefois;22;60.14;-5
5853b86a-a93d-4c36-b385-f7fcb484543e;9c6976fe-fb52-4e44-bfd1-017073b04c92;Quiz 1912 - traîner;14;40.41;29
5866f4b1-e6f2-46e8-a970-89eca54d549f;47fe6c74-b3db-4d00-a84b-bd23945bd722;Quiz 3614 - désespoir;11;74.69;115
589c6ff2-1589-487b-b8a3-c02fb62b6e6a;69d42ecd-ecb0-41cc-a651-e40dbe482c1b;Quiz 4733 - rappeler;24;73.33;211
58a6ac57-0bfa-4bde-b1db-3e7691b934f8;32145d13-43f2-49f1-b8df-65eb84e3c90d;Quiz 1233 - former;9;65.43;-6
58afb087-8a85-4565-bcb8-2bcfe873198a;a743a864-e929-4458-9f29-0f6f2178392a;Quiz 3718 - étage;19;30.02;281
58bb1fa4-2141-47de-b21b-12e2bf52dec1;8269b253-4997-43f1-a78d-3b9e7a14a62a;Quiz 1940 - demain;23;66.4;-9
58be1d38-900e-486f-9e0c-095277ac02e2;a66433c1-899d-4606-85c9-ca3fd214bcbc;Quiz 4251 - sentir;5;83.33;-2
58c5661b-5e36-49e0-b3f5-839cecc7246b;b64d7342-081e-4ef3-b7fe-318fcca0ff66;Quiz 855 - tellement;11;41.82;20
58d6412c-733b-49d9-822e-dcbb4f9151ec;6967ed03-19e9-4463-a2ad-f0d6791fe7e9;Quiz 1342 - temps;28;77.71;305
58e84349-36f4-4214-ac70-c0bee92d4bcf;76f8aee1-ae54-49fd-a71c-6996efe5521f;Quiz 1059 - grâce;9;44.63;31
58f9e654-9698-48a2-80d8-12dd2394c0d8;72ade18b-9a96-4e60-8d99-70e45a0f1c71;Quiz 55 - recommencer;6;88.25;358
58fbbab0-69e0-4d18-90cd-dddc92e86e8d;e16e84e0-90a5-4114-913d-bc2cddc8e112;Quiz 1543 - plus;8;45.8;90
59022f22-d7d3-4128-8b59-56883846e80e;672050dc-c3c4-45a7-8f7e-acafcf0c2ea5;Quiz 4295 - âgé;19;45.86;397
5905f183-ce2a-40e7-8bb9-7f0ded3402a0;e64bdd19-5578-4f33-bc14-5e33de3fed08;Quiz 1619 - douze;18;87.84;92
59080224-1880-4f29-b717-d4719ef8e692;752425ba-c521-4080-8be2-8fa6867d2560;Quiz 93 - chef;25;52.19;16
5918870c-80e4-4aba-b104-1e6de7ec2307;d789e5d3-d215-491a-a12d-4e15bfe820f1;Quiz 4568 - prix;13;64.18;-5
593c712f-7ebb-477a-ae14-6f895ed97c7c;abbef542-f809-46ee-b248-fa90e61dcb54;Quiz 1907 - large;7;41.41;120
5943670c-8388-453b-a517-99960887b3f4;4674492e-d397-4be9-b320-bb5513664192;Quiz 4383 - miser;8;62.14;-6
59444a7b-01d9-4af8-9342-75c9283d2d03;bc873314-2b77-4a1a-b12e-328622934a81;Quiz 4148 - soi;5;64.8;239
594b4955-ad38-4f03-8d8a-60a48629e263;a1e9a507-c153-4e9e-b7c2-3b628940c376;Quiz 79 - capable;8;65.77;43
594c0f2f-9991-465b-bb60-c2825443ffc9;6f4308ef-9a0a-484f-9564-dd356d62fccf;Quiz 1380 - digne;14;91.37;460
594dd67b-0a58-4c41-8549-270f8efe2a37;87170227-1af6-48e7-87ee-cfb2836b4894;Quiz 4502 - condition;26;42.62;85
594f1c66-f2f9-4557-9b74-b02341fbfad4;86b0293f-9a32-400e-a50c-90c48b384214;Quiz 434 - rose;19;67.83;44
595e36eb-669a-48ea-9e1d-9e054ce12d38;8911f2d3-ed35-4a6e-b116-88b7d235aea6;Quiz 4611 - rapidement;19;43.09;-1
596c4ca9-b21c-4a7d-a653-ae72b29eb6a4;cc171478-780c-4e8a-ac14-93688a0bea81;Quiz 4387 - arriver;8;58.4;-1
59999c90-b636-4ddb-8991-dcd36c0f32fb;484cc9fd-ea9a-40e6-afc8-3f1b3141453f;Quiz 1902 - obéir;6;13.0;-10
59be00b6-2df3-47db-9c60-3dc4d475e3d6;21934c43-a26b-4218-8713-7829a269fc97;Quiz 2228 - y;12;63.36;80
59cb96c6-99a7-42d3-a0a3-2c2122aed8f5;5be4c3bb-0f7b-410d-ae35-fa9e67a785de;Quiz 1422 - énorme;9;92.6;34
59d0f2f7-70df-4cc1-b43c-da270165390c;d81d2c84-87d3-4d9b-8ad1-6400a8ddc13d;Quiz 4243 - mouvement;7;38.04;249
59ebc8f4-0801-4479-bdac-f341bcc4dd90;d24c84ae-340e-4f44-991e-76afd1874cad;Quiz 1155 - poche;29;68.2;-6
59fd1eaa-fd71-4a2a-a28d-96c1a53068ef;5b3af18c-1a50-4d86-a3a4-55f20946b66a;Quiz 4163 - ensemble;27;96.89;-3
5a1a7442-5a92-498a-a534-1f92b71e9e57;152b5e7d-1299-4296-99e6-9dca408d0d32;Quiz 4184 - vaste;9;18.66;32
5a1b87b3-f1ec-477d-b930-86ebedf0aa3c;8577b432-f71a-401c-b91a-20a487b8ff88;Quiz 218 - essayer;20;88.19;-1
5a274b91-bfc9-4fb8-84ca-31db2c35c4d2;bfbe114a-fe6f-4c80-a171-3a2d8c687b94;Quiz 2943 - corps;24;42.85;65
5a28f842-4eed-49cb-86cb-8703e475a29f;94a144f9-374f-422c-8de5-14ae34a43667;Quiz 4958 - pleurer;11;85.69;8
5a3049fa-3148-4688-8d74-c1caf004d148;290914d4-e374-479b-badf-4ec1a52d13ab;Quiz 3563 - ajouter;8;12.58;67
5a38d82a-4603-4452-bfdd-07e5bdd4a2f1;6d3fe26d-bedb-42a2-ae55-546236fe5cf7;Quiz 2312 - aimer;16;85.03;321
5a3960d9-3960-4059-a70c-f2da1f44ff1c;e1b5563f-760b-42b4-aff8-9711e2de75be;Quiz 4455 - fonction;29;64.37;346
5a44a0ba-4aa3-4876-9c2e-36b51bb230ea;568f285f-bdaa-4438-81bd-119dfda56d91;Quiz 2553 - vers;5;28.1;-10
5a45983c-acad-417a-adc1-d492bd88f553;7f9e10e3-7686-437c-a771-6fcabb943358;Quiz 2828 - seigneur;25;29.84;-10
5a46df4e-0221-4cb9-9722-a360592c8de6;3514f9ea-aaaf-4168-824a-8fd34171ae16;Quiz 1272 - vieillard;8;22.96;-9
5a535b5a-96a3-4986-9074-33d6e425484d;ca3c605d-7702-46f4-9358-4a47f07683fc;Quiz 4874 - user;9;76.17;217
5a82769f-3e40-44e9-854d-9ee0c23f35ef;bb5a843d-5401-4fbc-8d88-7f7ec36ff56d;Quiz 4338 - ouvrage;16;41.65;-9
5a84f992-5bd2-4d32-9e72-060fba3e39d5;e1b5563f-760b-42b4-aff8-9711e2de75be;Quiz 1431 - ou;16;89.45;-1
5a8a32eb-fba3-43de-8d74-1478bf61dfb5;6ce2a6c1-dd45-4e81-adb8-00bfa82964de;Quiz 3279 - ah;30;95.74;-5
5a9176e7-4999-465e-b137-cc878c3ef53b;a43f1335-ffb9-4bdb-9e25-5b7e7d71af25;Quiz 702 - rayon;30;98.7;435
5a986faf-9c7a-4eac-be1e-38ff602931fd;6d2edd7d-b63e-4ced-af4a-c6342443e9c0;Quiz 4090 - soirée;27;50.53;84
5a9a88ed-bc29-4d2a-b28b-23141c103091;83f1d28a-46f4-4f6c-a6fd-607ce9094860;Quiz 3013 - assez;21;75.65;471
5ab2b810-deea-499d-a668-69aaa3983cd4;cd3cda89-344d-4cb0-9920-d66c2fad5761;Quiz 1277 - course;18;83.75;2
5ac3f6ed-4dbb-443c-9112-cec18a1dc0a6;ebe1a08f-88ad-484d-8bda-fe0bc4ab2350;Quiz 4901 - suivant;24;64.61;-9
5ae1ea3b-a7d2-4a8f-9ff9-b73f3d087ca3;c37d4a75-837a-425d-85f1-eba3206e6105;Quiz 1609 - dessus;9;70.43;336
5ae436b5-8baf-41a9-97bb-db5d73254c26;6ff649f8-6423-496c-af78-4c4695a648c5;Quiz 1433 - cours;15;26.68;309
5ae84c06-62bf-423b-9f60-865e334f265f;3150cab9-b765-4a25-89dd-0a70579ef543;Quiz 4732 - douze;29;84.49;113
5b05c9ba-50a3-465b-8eea-d55daa11e67e;5d16cad6-9c1d-4ce7-929c-53a75cf8e5f3;Quiz 4750 - moyen;20;91.81;107
5b0b6d50-89d2-4ef9-9bef-6d7551b06675;0d5e37f7-c287-4584-bd2c-cb8b3b89fb62;Quiz 3677 - faible;15;70.48;-1
5b2aa240-40ea-4154-8ad3-16b05acf7888;0b1363d6-ca04-4cb2-afd6-8dd86131d0d1;Quiz 4731 - ami;14;15.24;23
5b43cd5c-60eb-42b3-8a01-5ebd5fa5d219;64aa435e-dc91-4533-9529-a205a77180e4;Quiz 3159 - aussitôt;23;53.12;96
5b7766bb-80e2-4f16-ba15-2dd7a90f1384;00f9305f-0cbf-4d82-a328-c4f543dc1ea5;Quiz 4524 - habitant;19;63.39;-1
5b7dfbf4-f0cc-4399-8593-6491316ef0f2;5d5961dc-d143-47e5-b723-f7786dcbfce8;Quiz 505 - humain;23;94.91;-6
5b815412-7b5f-4f57-835d-365ea9b37bd3;86ad553e-62e3-4f0a-b14f-79821211b318;Quiz 1888 - me;8;15.47;443
5b8428a4-19c8-4cd6-aa8e-3e8d6fd64e45;10af762d-b34f-4b6f-bba6-545e640f153a;Quiz 4392 - inutile;12;20.47;115
5b8576e5-2687-44c9-99cc-cf78163356c9;ad5af0ae-5f54-4b90-95a8-bb65c9094e84;Quiz 2588 - ramasser;27;88.57;81
5b94d509-489b-4117-b878-28eac6a0ce24;89db2c1b-3f8a-4de5-82be-93f4e8293dcf;Quiz 3886 - lier;25;36.91;307
5ba2986d-5dd9-4f7c-9863-aade05871822;3c19d9ea-43a5-4877-b126-b52f466712d5;Quiz 4177 - troubler;18;44.92;332
5ba6af17-9405-4df5-b3f8-bba839b6de43;76e5b35a-5780-47f3-9faf-f4a1ce972ada;Quiz 899 - fonction;24;15.79;105
5bd999b2-91e4-40c8-bf9f-fc0a393bf75c;1f75ac12-5f67-4210-a546-63d39c797053;Quiz 3960 - détacher;13;46.35;-3
5be7c367-a2df-4698-9acf-b8015e473103;e39a0340-d17c-4f17-aa12-87062459d499;Quiz 1372 - rideau;20;30.24;0
5be83e09-1355-47cd-9b34-75e4f0b5202c;f90aa1d9-73e7-4ddb-ae2a-bbc99f0f798a;Quiz 4977 - ne;18;76.08;-1
5c14164b-7378-4893-a43d-3c11dc8300e2;940c2a32-1e31-4257-8f82-caa44064ec9f;Quiz 3570 - ensemble;14;79.09;444
5c15f42e-eb5f-47c8-a989-f61d0be17d21;7d4a65a2-910c-4bf3-a2a7-38f4c0dbdf1d;Quiz 3824 - humain;21;60.2;25
5c178a78-c7f2-4af7-b4ec-6a4e26dc7747;6a8f65a4-66ec-4077-a5e0-be62b6d4b847;Quiz 641 - partir;14;22.01;-9
5c2e68c2-5b4e-40c6-92d4-0bdea5926946;3180d49e-0aeb-4997-a25e-b7b7abe8ab1b;Quiz 1050 - achever;12;25.33;10
5c47dab7-017f-4371-a59a-d2b21a81cbdd;4162b237-d85d-4f72-bcdf-cf38711842ba;Quiz 1741 - empêcher;18;15.11;59
5c4bbeb1-f5b5-4a11-997e-02cdb6174ad7;1ba172c0-0865-4658-a7d9-5c73b3c3630a;Quiz 3229 - peur;6;93.37;388
5c4f802d-6a66-46a0-9bbb-b576556675d2;54baa2c2-181b-4291-84f8-ccad7f5c9f0d;Quiz 2743 - entretenir;16;22.43;448
5c5f892c-25fd-4167-b1ce-f88a63bc691f;081a029a-e492-4e69-872d-d05f90085f93;Quiz 974 - soir;27;17.39;348
5c750a76-264d-4cf6-a934-da4501267f3d;59b4b8d7-0a78-4a36-8b2c-e7ddb2b62e04;Quiz 3684 - genou;12;13.73;85
5c8aa657-f2a1-4426-9b34-8299bba7b05b;6e984635-eb8d-4f8d-b44b-1390f568f016;Quiz 2640 - produire;27;92.03;97
5c8bd034-e7db-434d-9838-c95aedb81e03;804f3777-cd4e-4468-b20f-4b7564f39503;Quiz 3286 - et;28;34.48;292
5c97e3a8-0e74-4b21-b3c3-1e011c528050;f4d2c348-2fac-41be-b5cc-a683075cb39f;Quiz 3089 - absolument;26;13.39;460
5cab935c-4b9b-472c-a91c-ae2203493a52;dbdd34b4-14ab-4c9a-b965-314bd74da764;Quiz 3616 - choisir;14;55.13;-9
5cec75c1-6bcb-49dd-a1ab-2dd71f79c53d;c5f71d04-cbdc-4640-a99b-432463261917;Quiz 592 - raconter;28;86.26;469
5cf1935f-7b28-4b95-a2d9-323fa2940af7;4a31ac8d-24a6-41f7-910e-aa76314cbba6;Quiz 600 - franchir;25;25.83;-9
5cfccb44-497d-4cab-b529-96e7c5711772;2f7e1032-8da8-40c7-84fe-c0f9421edbaa;Quiz 4203 - vent;30;60.74;215
5d034810-08a5-4e22-a5c3-87b57519000f;54093466-ee90-4c11-9f76-ef6d201a6b52;Quiz 2427 - salle;20;32.68;-4
5d214c10-434a-4300-a755-46fa5136ee2c;4a186ddd-306f-41f8-a3ef-4579c36ea9b4;Quiz 4745 - vie;13;50.62;31
5d2754b0-7a19-472c-bc33-85b75f1fbb04;2f961e8a-7386-4c38-b0d9-e41defc69688;Quiz 4754 - un;5;29.46;-5
5d36c0f6-7242-42be-bef6-c591ea22c701;832c0db9-986e-41f4-9174-5e2e43fff956;Quiz 4861 - vague;16;62.22;428
5d424f91-d3b1-4e56-8efb-8d2feeb2ba19;7e3a2977-2dd2-445b-bf41-f987458d3005;Quiz 613 - tendre;15;53.91;337
5d4e54a6-1dd0-4425-8af7-e94ce73d6659;11f370da-b2d5-44fe-aeeb-d9c12037866b;Quiz 2561 - respirer;12;22.78;42
5d527204-a3e5-4ace-8825-08a05a8bb9f0;4ffbee30-6458-429f-8031-5f99380f25ae;Quiz 4334 - trop;16;57.57;292
5d588459-e455-4110-b310-515c2e2ae8ca;3de0ab81-b712-4ca2-a037-75d95930e73b;Quiz 3277 - roi;19;65.22;118
5d64fa56-669f-4565-8b7a-a7a765c1b4e4;237d8284-c97a-4e79-85a2-3a0d8612e9eb;Quiz 2576 - système;19;62.5;283
5d6d4781-3789-4082-bdf7-de42793ee9e5;d3b07746-a193-4dbb-8502-0c7a9c999c06;Quiz 1124 - société;20;18.09;-7
5d6faf4f-82ec-46ab-a3fb-c65880cfc6ba;00133c7f-486f-4705-9782-f3fd62dd9dde;Quiz 1238 - cas;10;21.72;462
5d884857-4584-4202-b1de-81db54fe60ac;19289b1d-1c46-40bc-a2b8-27df8ec8730f;Quiz 986 - coûter;17;61.59;42
5d8c6e61-5f7b-4864-99ea-f48a49c6348a;ca81fca1-1169-4847-9bfe-6f983e7c566e;Quiz 1822 - erreur;21;83.06;266
5d8e2d49-f1bc-4527-b360-0d865e13c789;bb05f2c2-b51c-4896-ada5-68060daf9c12;Quiz 909 - difficile;19;68.19;411
5d90a56f-84fe-4819-af80-7f52a40090c5;8c8697e2-dfcc-41d8-a764-5ec1d0302a3e;Quiz 3923 - franc;26;81.17;85
5da27bbe-df23-406d-89a8-01fa91ce0491;e5389e58-70f2-45b9-b4bf-ad67a65a53c8;Quiz 661 - preuve;23;39.15;300
5dd755b4-c02b-49f7-bdf8-0531c33ba14b;1e923e68-f2ed-4999-9eae-0a3fa2575e75;Quiz 4054 - ainsi;11;80.35;351
5dfa4083-60bc-43de-9755-12eabbf2f539;cb2b680a-0242-4581-90e8-10507aa35c11;Quiz 1830 - nation;22;13.22;-7
5dfdaf3f-9607-4b9d-aee4-e282b580c4cc;ed38e2ab-cc5d-46fa-bd74-cd67b9813f9f;Quiz 386 - journée;26;92.34;-9
5e017bfa-eb4b-47f0-9f3a-30457bb2f64a;bb05f2c2-b51c-4896-ada5-68060daf9c12;Quiz 1421 - force;20;60.95;-9
5e1644b0-d5d8-40d5-85e1-943b28ed11bd;648cfa6a-00de-4bd2-a73d-913b0ef297db;Quiz 742 - quartier;14;80.97;-6
5e216541-dda0-4524-b10c-4bf588df0e8e;e3476730-7198-44df-a3dc-c0e7bce7d6e9;Quiz 4304 - ne;16;73.56;340
5e2437d3-89c4-4582-bcc5-de7c57c49fb3;a7d15492-756c-4391-964c-44c5d2c9fca0;Quiz 500 - observer;26;95.75;-6
5e348b2f-1e94-4657-8172-2da926662aad;e6941286-0957-49f6-8fb5-12d797c2de89;Quiz 3520 - marcher;25;29.85;82
5e36b4f1-7738-4344-99c0-038bfe61f230;1bb9913c-d9ea-4437-9e1e-41eed634333e;Quiz 1720 - compter;23;19.96;446
5e3ec5d9-2aa0-4aad-beab-ba02df8fe681;b8cf97b2-b344-4472-87ac-871591496e76;Quiz 2861 - port;24;58.01;-5
5e58dc78-1518-48bf-ab6e-3ea21f12e0e4;f94cf4f2-e56a-488a-9eed-17d69b5d60be;Quiz 3423 - remplir;7;86.25;94
5e772879-4fe8-4c09-8542-458163fc3365;389c99ba-3196-4ed2-8b1d-3cf45c88e53c;Quiz 739 - décrire;22;60.42;53
5e7b11c2-ae70-4e42-b02f-2d68754d338b;2130ddb3-1a30-4531-b690-20fea9490789;Quiz 452 - commun;19;29.93;253
5e7bc3d5-7925-4000-9ef9-f58302abdf6b;7d4a65a2-910c-4bf3-a2a7-38f4c0dbdf1d;Quiz 4475 - déjà;18;33.43;84
5e7fc550-9d6d-42db-bdce-d81422dcaea0;28694391-ab0a-4d92-9701-02d24acd4a7b;Quiz 468 - fort;9;98.68;84
5e8295ad-7307-4e14-8aee-48187cb3b851;a8384f1d-4b63-4c94-a213-2b9641d329f8;Quiz 1159 - nécessaire;23;41.62;56
5e958568-99f1-4c65-a237-5c5e8cf1ee1f;72e97835-30d2-4325-906f-90db8aeb29d0;Quiz 1395 - point;8;94.36;-4
5e996760-4bdf-465c-b63c-0f0d36d04e9d;273a0a87-bfaf-46dd-b705-36f16409cc04;Quiz 2028 - charge;8;39.89;363
5ea014cb-9043-48cd-bd43-da89d32ff7d1;99e040b2-00e8-4897-8cdd-cabadea1fd4e;Quiz 3437 - enfin;22;87.62;0
5ea62e75-8878-453b-b50b-493b475fec33;7c0e6256-41d2-45a2-b351-2c84450f4228;Quiz 502 - prétendre;17;68.69;39
5ea8dc10-1265-4cf4-b986-18d39a045736;984d3ce0-25fa-4952-9c1c-dcfc4449aa77;Quiz 712 - contenter;18;80.54;-1
5ec1677c-c60e-4d20-8762-a6a4e6cc5279;a90a66e7-ac6a-4b37-81a2-c0ef92b60cd5;Quiz 2256 - environ;27;93.69;413
5ece1345-a2f8-44a6-8a30-58b48d1e102f;5b842c89-7875-4d1c-a014-a3496e91b2c4;Quiz 4844 - vingt;7;34.18;96
5ee44d68-fd40-4210-b8c9-fa6145fbba01;d3b07746-a193-4dbb-8502-0c7a9c999c06;Quiz 2232 - haut;26;86.51;-3
5ef5b56b-56a9-4d52-9e7e-8fd9729a606b;eaaa2716-d96b-4042-9510-7fb06660820c;Quiz 4602 - maintenant;20;21.81;397
5f067b8f-c6b7-49bd-9807-6741f814187e;b4767fe7-155c-4d6a-9b1f-a0529d06fea9;Quiz 4712 - parole;9;41.44;475
5f0e1d75-99c8-41ce-a3f2-a356344698a6;ad8fe1e0-298e-4260-8a3e-6c6f4dffba41;Quiz 2262 - charger;21;85.27;-10
5f1f3200-23e1-4817-9579-02293ebc2c37;4922e1aa-23cd-414b-aba7-1ac984334ced;Quiz 2910 - prendre;16;15.36;-2
5f1fc7fd-f942-4b5b-84c2-e1673d7dc328;532ae68c-18e4-484f-bdf3-a31f37f1e9c6;Quiz 3322 - inviter;28;14.36;0
5f2fb404-8b8b-43ad-8699-cace251d6df5;5269d775-2850-45c1-9ef1-700102ebee42;Quiz 1448 - réserver;26;14.59;-1
5f33d521-6766-406a-931e-41852ae894a1;ff4871ea-2754-425b-b748-a93fecfd8a0a;Quiz 838 - inquiétude;22;25.82;386
5f42ec34-4000-416f-9c3b-0c1480a6a58e;01d27047-f636-4bb1-a237-4f3e06df0bf9;Quiz 524 - deux;7;14.86;-8
5f43592c-e759-4e08-8cbf-8d8e1a9562c5;6552f034-1f92-485e-a590-4dea4405ee9d;Quiz 4453 - inquiétude;8;75.72;-2
5f4db824-e87a-445e-aea6-e9a62a0aecb4;c29b8fd0-daa3-4891-960a-572051aaa3cc;Quiz 2845 - trait;17;49.12;-9
5f53ff4f-5f3c-47a4-827d-5bc9e404071c;70bf7ee0-20bd-454b-b6c0-3358f57bf398;Quiz 3701 - soutenir;30;71.77;103
5f54fa80-5cf4-4c95-8bd9-304108d265c6;5f550c84-ca05-4c2b-86ce-edbd8dab4b48;Quiz 879 - docteur;30;64.44;103
5f8c08d3-2ad4-4c04-bc8f-372b702baba5;0996e781-c38f-473b-8bd1-1fb2340c1923;Quiz 3136 - foule;11;68.39;388
5f929f06-0377-42ff-8f41-eaf7b9394865;31ada668-7d96-43a4-99de-15bfd26409d2;Quiz 4165 - plusieurs;25;53.59;100
5fa14051-01b6-4e08-8bf9-db41b8bf8738;d957630a-2d05-40e5-9ad2-8bd3e04c5037;Quiz 3224 - taille;10;76.28;381
5facc50e-9ef4-4293-90a7-b00dd84e23dc;8cb9e401-e752-448a-bc4c-04c537475142;Quiz 1267 - victime;22;84.92;91
5fb0a776-bfe9-4a4b-821b-612535fb30bc;7cf78248-e00c-4304-a507-c08835ed8005;Quiz 4686 - bas;20;73.77;348
5fbdddec-dc4e-47fb-af5d-1c69299bb027;a8384f1d-4b63-4c94-a213-2b9641d329f8;Quiz 397 - camarade;10;72.96;455
5fbf6620-a45f-4f19-9556-b620053a4f53;1768b552-9c73-4442-ac82-12d480052a8b;Quiz 1899 - regretter;13;80.69;-3
5fc14656-a1d8-42fc-b68e-a2231bd60b7a;6967ed03-19e9-4463-a2ad-f0d6791fe7e9;Quiz 1366 - quel;25;40.07;-5
5fee527c-dc57-49e8-912e-7ff04161c1c5;0d41cbdb-99c5-4a6d-a5a8-36ea217fdebb;Quiz 2298 - grave;27;43.48;-7
5ff7a6ff-9de2-4e38-95e7-f154611e100d;c0978b68-b578-4f1a-8cff-ebb98ea14e66;Quiz 4912 - bois;26;18.96;0
600c1ca4-69b6-45a9-acf5-8362ee1ad70a;ed4eb220-4da2-426d-95f1-2a697a241714;Quiz 1109 - repousser;21;14.28;13
601b9fbd-981a-4564-b3ef-1ce5f94bf5b5;d8c84680-b0c4-4630-949e-5810b47f7489;Quiz 3736 - couler;7;91.82;340
601fa81d-9161-460f-b1b9-6b4bf7399fb9;aa1d8662-9939-43f8-b893-1d003ed3f541;Quiz 1708 - détruire;25;54.25;213
602a77d5-27f2-478d-af8e-f56be3d6f559;d4dafcb2-ace2-461b-a3c7-6e9da394adec;Quiz 3401 - choisir;23;97.91;259
6047951c-84e6-4b32-9578-bc98dcc3325f;a588f928-dfbb-49cd-b8ea-b3e8c873b689;Quiz 1580 - écrire;9;61.35;317
605015df-b8d6-4e21-83fa-e23fe7f71c12;161ec375-d2bc-4eed-a379-597cc81a657a;Quiz 3569 - creuser;29;67.68;30
6061099a-0ea2-4ebe-9667-c90fa96c60c1;ccc806a6-c719-4e09-bea5-5a593df16670;Quiz 2858 - arriver;13;30.9;-7
606a3b3a-60af-4695-bf25-6fada6d81d1a;6967ed03-19e9-4463-a2ad-f0d6791fe7e9;Quiz 3274 - chair;25;98.61;460
60762572-d698-4c77-a22d-84ae2849e238;69622176-db19-46a6-8252-8a2315bf68ff;Quiz 401 - tout;13;17.02;95
6077360b-f6b0-4c7f-b43f-1c8893944166;79fd2be9-37b4-48a4-acbe-c7e34ac0e58e;Quiz 2208 - obtenir;30;11.48;-3
607faa21-829e-43a5-8db7-02288d29877a;730cd275-a4a8-48be-863c-2070272736b4;Quiz 1166 - penser;10;18.69;-2
608120d2-d944-48ba-8cdb-991b43283ddd;b20b0720-287b-4e97-85e2-4e3f4fdcb0ee;Quiz 4643 - transformer;27;55.24;-9
60859771-29b6-446d-bd71-bab21430d51e;6d2fec7c-1f12-43d3-8c05-dc661f4400ec;Quiz 4283 - paix;28;44.63;90
608e515f-721f-41bc-afca-09a2dfa849c1;43497996-0e43-455b-b7fd-9c6c3441730d;Quiz 3334 - plaindre;13;49.81;-7
60925c8b-1964-4bd9-896e-46ddbfda8669;491581da-37cb-4b7a-a475-fb4031bf4324;Quiz 2832 - prison;30;81.24;235
60bae90a-4eb1-44fd-865e-a17c91e45a17;b058a045-9f31-421b-96a5-5a03a172506b;Quiz 1710 - cercle;22;44.92;456
60cbeff1-11b0-412d-bb45-0f502fec95b9;61021e52-a8f2-4989-9e71-861cd8054aa9;Quiz 1284 - avenir;19;22.56;208
60d5c836-fc35-49f5-8a88-aab83144336b;902fbe16-6411-443b-af61-81a39ba4120a;Quiz 2814 - comme;13;95.93;-7
60d6c096-cb61-4e16-92f0-b850cfb3c1de;f0554504-5b3a-4d8a-9397-81925165337d;Quiz 1475 - inutile;6;33.16;53
60da07bb-adb4-4ba6-89b4-ac5aa1a5d14e;7c0a7aca-ca10-4d41-8b38-d155a68575b8;Quiz 4996 - vide;5;95.84;-4
60fc1e15-7a16-430e-b7cf-c56e3da8a83c;624775fb-7e09-47d1-a611-ea06c2946893;Quiz 206 - nerveux;20;74.65;57
61293a40-fdfa-49dc-acf6-da8f8f4cd6aa;70111e69-fc62-48f0-a279-e85ca5ca6569;Quiz 2557 - confier;27;59.93;-7
612b3a23-2b5d-465a-ab72-b68ab6e5d144;9963cc7d-40a2-4867-a90a-976d902bb9e7;Quiz 221 - étrange;20;45.68;-6
61330f8b-36e4-4b24-a2c4-39853d357db2;c6ad2956-23c1-41ed-86e0-b82a0bb5f8a6;Quiz 942 - souvenir;29;91.94;-6
617e061a-c2bd-4d35-9d94-1180f091f28b;34338e15-54c3-4e50-afad-ea2656b569f6;Quiz 3879 - ah;23;41.84;11
61926325-6d50-4561-a294-94cb9a2305af;007e74ad-b580-4cc1-8677-f569064fbb5e;Quiz 1307 - oeil;23;86.69;335
6197fc0d-dce3-4ced-8bcd-36782929f78d;b8ee679d-4189-4c89-a5a6-2d92910f2e8e;Quiz 2412 - soleil;22;50.9;341
619d1dfa-c415-42a6-a507-0edd881cfbea;ded4fe0e-df14-45b2-a4bc-01daa1eb74c9;Quiz 3663 - semaine;25;84.76;259
61b7cdf7-2d63-4607-ad00-3fc1b896c339;80a7bcdc-131a-4115-99b0-e1564571d04a;Quiz 4881 - voie;12;78.75;41
61c91a7b-5bc3-4e3b-a85a-87cab30de0ca;95fdbbe6-c259-43c4-95cb-62515d208ffc;Quiz 4228 - pitié;8;90.05;-1
61d61f9a-fbdd-4eeb-b3d5-a5bd37c3ec06;13f33a79-a0cc-4909-9df1-e391beebb4ec;Quiz 2 - ainsi;29;22.87;19
61e2d0c7-5381-476f-9121-d18ddb8ae383;615d188d-6b78-4f72-8eb6-07e28da21835;Quiz 1987 - impossible;5;81.98;-10
61e766a9-5a51-4a29-bb6b-98ba0a7b73ca;13f33a79-a0cc-4909-9df1-e391beebb4ec;Quiz 2177 - reste;15;20.07;294
61eab8d7-7c24-4c52-8c3a-316a44234199;d5382abf-1e7a-4d5a-a029-985f7d8e322e;Quiz 4496 - ministre;10;73.23;204
61fa77aa-ea54-40b2-9455-07343575b3bd;b9410e57-f425-4dcd-933d-95d9e28da3db;Quiz 3729 - aucun;15;12.15;94
61ffabf5-237b-4728-aa11-6cec1cc1fe46;c5a3104f-4913-430f-87f6-30720a088eb1;Quiz 2999 - fille;27;57.92;200
62314f87-d042-4922-b054-5a636d0b27ac;75eae90a-e341-4d39-80d1-bdafdfa74af8;Quiz 3532 - inconnu;29;83.18;111
62338e28-05bb-4f00-ab0e-c890f0eaaee2;5306c95a-8d79-4beb-99dd-8afbfbf660e8;Quiz 1293 - sens;6;67.16;328
623ef204-c8ae-4e33-a40d-235fe35a404f;9a7d9233-09d2-4df2-910a-887c49255f4a;Quiz 2465 - cri;13;80.28;51
6240b155-3195-4329-9169-588f5313b0a3;de5587af-cfeb-4e64-b47d-d1270e01aa3f;Quiz 1108 - seul;14;50.4;309
625a8cb1-d730-45f5-bccc-414beb0d2762;3cf0ef10-5234-46b9-a019-e25e806d7aca;Quiz 1637 - prêt;23;98.42;71
625f8acc-c2f1-4fc1-8252-1bad2e1ee301;34338e15-54c3-4e50-afad-ea2656b569f6;Quiz 4057 - palais;27;58.37;362
6277069f-9593-44c3-914c-dc719ac8a656;a087a564-c48f-4778-a3c6-380d47e35530;Quiz 1811 - cou;5;46.77;6
62872201-1bf0-47cb-9aa1-e4b000f37a4a;ea3d4136-21cf-4396-9501-02b149347835;Quiz 4495 - moment;28;75.69;256
628bee6e-1edb-4874-945f-4639971d4f10;21f3721a-e524-492a-8b1a-fa677a5498a1;Quiz 1650 - asseoir;25;80.0;238
628d4f46-0264-481e-901b-bf5202b75c6f;249e8549-f68d-41ab-b3d9-1c1f45307c82;Quiz 4663 - loi;17;39.15;0
629607c9-0877-4fa1-9e3b-abf0aeb366ce;a3288ef7-018a-4626-925a-edd5974ca374;Quiz 1982 - loin;10;93.69;3
629850a2-29e5-46a3-b132-9a8825b95ff4;632568b6-5118-48ba-9e8c-900617b9167a;Quiz 2217 - bas;28;13.19;78
62a42a64-ca7f-4cb9-9394-6b67327356aa;e955f0de-1916-46ae-9f7d-60ea0cbc3285;Quiz 2636 - jardin;25;30.08;256
62a5eba6-33c6-4810-9bee-263c87b6cbcc;9e1f35c2-dd20-42c1-83bf-739e5ba496e9;Quiz 3745 - venir;20;62.29;366
62a6dd5a-94ff-4445-a262-2384b2f45069;72e97835-30d2-4325-906f-90db8aeb29d0;Quiz 4810 - anglais;17;31.98;45
62c6674b-ca82-40b0-8b8f-bdff568826d3;65601b12-9feb-44b7-815d-ee4304145324;Quiz 4836 - disparaître;25;48.93;118
62c672b3-1c37-4b32-b82c-cb9523ac9076;c989d738-2d3e-4771-8543-c1341d932435;Quiz 243 - ensemble;24;19.81;498
62dd2b9c-5fe2-404c-8325-4454ed9da9d5;59eb6816-4294-4096-a297-e6be314ff11f;Quiz 4450 - écarter;27;66.88;402
62fd05dc-f12b-4d3a-b5d4-d5f8d7f66694;afa7590c-affd-48a1-af62-0001216891a8;Quiz 2389 - réclamer;29;70.96;437
631dfd89-69c5-4ca6-8a3d-399aa1c6f8bd;21f959af-3864-4255-b8a9-0b18400138bf;Quiz 3261 - en;12;27.01;-10
632a0789-da39-4ebb-82e0-5613415224d0;07375629-b170-49e3-8f05-5f0bdd3d2156;Quiz 1799 - respirer;7;95.72;111
632fcdb6-42df-4a40-abdb-32109bbc858c;34ad77b6-accd-432b-8a29-abaf06b42fd6;Quiz 416 - moins;25;38.51;102
63407c24-4108-4cd5-a788-5d1554c953d2;cc8456f6-47bf-498f-a788-0fdc5f639f36;Quiz 4991 - que;22;26.15;-3
63456c51-25f0-4697-8479-8583fb638f93;ade744a1-299f-4321-b543-2529af273e16;Quiz 3495 - cinquante;11;12.24;381
634f81b3-433b-48a7-908b-485e8f910c28;1f75ac12-5f67-4210-a546-63d39c797053;Quiz 1715 - écraser;29;72.36;433
63547312-23b3-4c3b-951d-a31ba812339d;0a94edba-c8ec-44c8-acbc-d76f80ac98c6;Quiz 1420 - vieillard;30;19.18;315
63690c63-7476-4e2c-bf8f-69c3cd4541d3;ed80ce1d-0298-477b-962b-584338eea22d;Quiz 3083 - trop;28;67.3;22
63719833-6fec-4ef3-8e92-b327427d785e;ebe1a08f-88ad-484d-8bda-fe0bc4ab2350;Quiz 3099 - d'autres;19;96.53;54
6372c51c-a444-40a4-8caa-aa2b9eaf28a9;7c0f971f-94d6-4e25-b136-ad66acf5d8fb;Quiz 2779 - quelque;25;98.81;405
6387317d-b501-4348-835d-078cb2186434;6bb3376e-7922-41a1-8934-53dd3a1f3329;Quiz 324 - long;20;25.5;0
6389e494-0dd6-48e5-a81f-3f8df3c15a0f;14764530-97d1-46ae-a4c9-cb7bcebb8802;Quiz 1324 - chaise;15;67.22;75
63a9ccba-6004-4a1d-b9ca-dabe02461a76;729150c1-1ed9-4116-aeac-18ba6a579cab;Quiz 755 - haïr;13;45.14;76
63afbe46-4af7-42e8-9775-07f81ddf8a38;2ae021b0-3976-4533-a368-638964e181d2;Quiz 3889 - action;13;77.09;-3
63b802fb-7cf6-4086-8358-58ec9c7d9a25;d2b0703a-5609-406d-95c4-688e93df0c75;Quiz 1247 - répondre;15;49.32;-5
63d529b5-dab8-4bb6-acc6-41caa9093ea6;2fbdfd7f-aaaa-4ac1-90da-7fca3fc7cc7f;Quiz 4749 - ferme;17;17.71;-1
63d659a3-bc9d-4d3e-a163-0a09e0054116;0e116174-622d-44a6-ac4a-4de7828aec0f;Quiz 1753 - reposer;21;15.63;11
63e97f89-215d-43ec-86b4-74b4dd90cd64;63d636f4-f71a-4622-b0af-e42f66a8a207;Quiz 2949 - position;24;55.42;66
63f255bd-256f-482e-b310-0b1438af360a;af71f160-69fc-4e91-8e93-b31b469ee9ff;Quiz 342 - avancer;22;38.56;347
63f35995-330d-4919-b9c5-69dfba00a282;322e68fc-1887-467b-8f0e-1a926ec146e0;Quiz 1779 - plonger;22;51.9;432
640714b7-13ce-4a14-b29f-6dcff8da810d;9fe653b9-b4a1-4f97-ac12-ae3833a57202;Quiz 3621 - y;27;29.85;-3
640cd8d4-3e0c-4baa-9e99-64e1d69f83a5;a1814840-14ca-4420-b1b7-7dc56d72487e;Quiz 4637 - mien;14;65.82;-8
641a8ec7-8c94-4a9a-a063-9b32ae1f22d5;bdef6929-bf12-4d7a-aacf-123035d86754;Quiz 2707 - désespoir;14;25.95;112
644c406d-f319-4d0e-b2eb-c0569ced494d;76a357cc-5d2d-42ed-92ee-2304d23188c9;Quiz 4721 - entraîner;13;12.47;-6
6472a33f-a16a-4a3c-a36e-a5a86baa2e76;9bcdb1a8-27a8-43f5-a009-72a17f9708e7;Quiz 783 - éclairer;21;16.01;491
64783133-c2f1-4d4b-9395-61b61b4f8a22;bf9a49cc-449f-4086-8759-a9f13656825a;Quiz 4541 - pointe;6;31.44;409
647d7859-a397-4128-8857-65dfcd6d760b;833d2e8a-166b-413e-8fdb-8ad92fdc1901;Quiz 517 - précis;25;57.47;267
648357a7-5729-457b-9061-d84a455f5267;163843e4-5240-447d-af66-3e22b66ea409;Quiz 1033 - but;14;90.61;36
64d135c3-172e-40b1-8da4-71f7faa592c3;3539671c-7578-417e-bb6b-d49ee0bc0e6c;Quiz 330 - sable;15;98.95;-3
64d4a88b-8d88-4131-80f0-a9f9a6fbc6ae;0c27bb14-f6e2-4086-9908-1bb37d7d99cd;Quiz 3214 - lien;17;62.58;442
64d7a805-8ba4-4bf4-979b-4a0709866d4f;2db8e03a-1fae-41d7-a805-f272b5ed8416;Quiz 4252 - voilà;6;43.4;-6
64e41e85-ee3d-4574-aaa5-f89457c22772;3d6d5922-674b-47c2-a06f-f1ffab5a4f86;Quiz 2590 - fête;9;64.76;429
65073c91-2012-4efc-85bc-e6b70634a4e3;4e9d747e-af87-48e3-987b-68ccd5e5c420;Quiz 1179 - goût;16;60.12;428
654b04f6-da47-40d3-aec4-b2c46ff6f523;b114f508-b3ad-4fbb-980d-05819ed8f4b1;Quiz 4360 - du;16;49.93;56
65564196-babb-40fa-bf49-bf41ef4c1d72;5fc4a8b8-d5c5-47d0-9d7b-8663f20892c0;Quiz 4666 - haut;15;43.38;-7
655fd4f4-ef6a-4ea4-a924-aa7f47085de8;6488119f-a0ee-4bda-80eb-9afefc0250d2;Quiz 2020 - soulever;24;58.54;54
656a8d83-68b1-4151-93a1-d38f443d1b3c;8dbf4265-1b33-45e7-b2b7-53ef1e842a8a;Quiz 2405 - siècle;16;61.13;-9
65703db6-8ca4-407c-9105-3bba712a528c;83834038-9257-442e-b80b-b342d8db2ec5;Quiz 1814 - beauté;15;40.91;0
657068df-2e7d-4471-b58e-2fc5c886a283;b5952523-3cfc-4c7e-aa66-4b50b45e3c70;Quiz 3538 - respirer;21;60.41;446
657642a9-6c6f-41d7-86e8-e65c58d8c66d;e1f8a1e0-8f48-4269-abc8-cd6237c7c5bb;Quiz 1501 - étouffer;26;47.11;74
65841086-bd76-4ab2-9eee-64b281d236e0;c7a21da8-e390-4a6e-9631-de0e8566eca1;Quiz 264 - ruine;10;81.74;275
6586cd03-d5d3-43d4-97c2-ce2fa6ae6545;51a3a4bb-602f-409a-a3d6-9215260c0554;Quiz 4189 - trace;28;73.04;53
65905b21-8132-4a0f-b8df-99d37574a475;b7fb7b27-e8a1-4f6b-8704-b353d8ca6dd9;Quiz 438 - inquiéter;18;72.2;-8
65d245b2-def1-4762-82d7-0dfc6557d26c;11f370da-b2d5-44fe-aeeb-d9c12037866b;Quiz 4088 - pénétrer;9;80.05;0
65f1ba8f-b1ae-43f7-ac92-8f49f28a4600;39d28c50-e9ae-46ec-b6ce-d56a17b56730;Quiz 1697 - dès;15;62.72;3
65fadd4f-a310-4368-8208-524f8d0ddb27;6e984635-eb8d-4f8d-b44b-1390f568f016;Quiz 19 - rôle;18;14.82;-1
65ff2df7-3ff9-42ab-a18e-e080123db6f7;87e0901f-eca0-4927-8dc8-e8668c5e11ac;Quiz 4325 - habiller;18;47.32;-2
6601a531-2e5b-497f-b96e-36c8a605faf5;38b15aa6-9e9c-45f2-8230-f91eea1084e7;Quiz 1632 - davantage;29;50.78;280
660fcb5b-3cd7-416d-8043-58af3caf574f;714442b6-d10d-4b84-8af5-33211d14f69a;Quiz 3782 - prix;16;52.64;427
661575c8-4462-47d6-8eee-de7b698daf2e;a0088abd-1485-4134-bbc0-2e33a7720331;Quiz 2087 - voix;15;28.31;64
663f42a2-6d50-4597-931a-2bfdc62a7220;6f94ec75-dcfc-41c5-9a65-083293647308;Quiz 2313 - disposer;12;93.7;285
6640086e-94bf-45af-bc68-854574089b9b;7a11e4cd-9889-4caf-bfb4-e00cef80267a;Quiz 286 - regretter;13;62.9;-4
6640b70c-bea0-4b51-9418-b3a604b4898a;10af762d-b34f-4b6f-bba6-545e640f153a;Quiz 377 - tombe;6;45.67;-3
664424dc-f6a2-49c5-aa43-8fd29d60f9e0;ed1738ce-2938-4b64-bf0b-646ad73bdfd2;Quiz 298 - tapis;15;28.16;-3
665051b3-db50-45c6-9249-fb9bac6696e1;89425ee1-5022-4922-b0ad-07ef82557fb5;Quiz 142 - travailler;11;97.36;265
66518957-6f5a-4276-bf3c-0b0626142040;f2720fac-bb97-48b4-9a4f-b37f97cd5380;Quiz 2591 - chose;12;61.08;373
66521058-33c2-4f73-ae55-f5e53583f5ab;0ca044b6-b983-44f0-b8ac-eecb4b8dde2d;Quiz 1297 - cent;26;20.09;365
6653cf1b-a648-4fb1-b1aa-e2bc188f63ac;b5a47439-4c80-4a81-8e77-098005f4ad53;Quiz 1924 - tranquille;5;98.74;-3
665a3f9b-042c-4e0e-8e5f-9bc3d0ee67ec;11afd316-84cd-4db9-bae5-53518d0e5609;Quiz 2102 - occuper;19;41.37;81
66747605-315b-4f0d-93ee-1ef3ccf8663c;cd542103-39a1-4000-9add-3dd989305c96;Quiz 3381 - regarder;15;15.2;454
667a355c-8cc2-4d92-9c93-93fcff0be223;96e9bbec-cb71-4226-91be-8dc461692548;Quiz 3891 - songer;21;82.67;-7
667eaa8a-9769-4168-b6a2-2b4afc575288;ad5af0ae-5f54-4b90-95a8-bb65c9094e84;Quiz 3699 - genre;25;50.75;-2
668908e0-93a1-472d-ac95-d58c6a9ae328;f1dd13a6-7331-40d0-be2d-94f4c3152949;Quiz 1432 - visage;5;86.88;469
6696bd36-d23e-4b7a-abce-83879d7f8f5d;1f75ac12-5f67-4210-a546-63d39c797053;Quiz 2207 - réalité;13;85.38;-3
669a4eeb-650b-4d2e-9bd1-841cda3398b1;a1120368-8aea-425d-8848-bb631b8a7765;Quiz 46 - point;28;40.56;437
66a56824-4404-4d08-b009-ba4642bdb847;3978b6df-1a7c-4fe6-979c-f40ee6511172;Quiz 3705 - votre;19;67.92;53
66aa449b-0b25-4836-832b-0c9d5e8fe17a;6f731ba9-de17-4134-bf03-811aac13358b;Quiz 1058 - ailleurs;16;89.44;-7
66b67543-5ef3-4d4b-a2a9-f94260175b31;fd679df1-cd83-4a51-9534-191a70659af2;Quiz 1547 - convenir;12;84.98;-2
66c05b70-d52b-4732-a654-614863eae3bc;d8131827-e72c-4234-80a6-889a0484a0e9;Quiz 65 - vent;24;37.27;35
66d61a33-fb1f-4a90-874f-a76aaa7b72a3;dfbb7843-8f8b-42a7-a498-1fb99cf68bfc;Quiz 1195 - chaque;23;14.7;65
66de3c9a-ee3e-4aa5-8159-bfac776772ad;e6088f5c-6e76-4ece-a00f-83a7876ed40f;Quiz 1460 - femme;20;32.47;0
671e63e5-3e87-4fff-abb1-720499d36d18;0df4788e-c3e7-4947-ac46-0ca63d1bf8f8;Quiz 4798 - valoir;5;60.36;382
67341482-a53c-407c-8ac8-acc525c80dd0;601aa86e-5685-4c27-8103-40219d73b01c;Quiz 2960 - queue;9;83.79;294
675d8920-c64a-46a5-9312-d1591fae78f8;37b864c8-0b05-466e-ad93-35188456fe8c;Quiz 3613 - trouver;12;91.81;354
676e2832-bebb-49ba-af8d-2afa51f57121;3cf0ef10-5234-46b9-a019-e25e806d7aca;Quiz 1365 - paysage;22;72.4;-2
676fa74a-9721-43c1-a125-8d484dbe4b6e;3276a8d0-81d0-432e-912a-2fd8c35285ac;Quiz 1413 - fatigue;23;14.55;414
678d8b65-50c9-4f2e-bab2-bd6ad0c4e502;cb8ec203-d8ab-4410-87da-150e4673913c;Quiz 4263 - rejeter;12;29.26;34
67919f3f-4bcf-4b41-89ae-602f243d5eeb;3b3472c8-5b7d-437f-9bca-2ee191d78fdc;Quiz 1047 - jusque;18;95.34;93
679d31c9-e960-4d00-a44d-d2fc94774730;371471f7-8c54-4635-a1ed-df977a83a171;Quiz 506 - fixe;9;17.57;207
67ae04cb-a0c5-43eb-84b9-705d19556bd2;8799418e-5a7c-42c2-8c5c-7493fbc82b33;Quiz 2677 - poche;28;11.12;489
67bb3a0e-220b-4a07-af7c-56d166de3964;4eb877b8-28c5-4505-959a-b95d468fe190;Quiz 1148 - froid;6;79.33;397
67c250ee-5c22-4ba3-8029-c96ebeceae05;2c501e89-a6c0-44da-9d2f-551d870b0c33;Quiz 3189 - existence;28;94.85;317
67c41ba8-0d8b-46e6-a189-9d60dae16b97;d88b6bba-d978-4424-afca-848686089c37;Quiz 3572 - précieux;8;39.2;-2
67c750a4-407d-4706-b88e-717813528eda;43ca150e-61a3-4cc7-8a01-ed711fe8e003;Quiz 1654 - chasse;28;51.45;70
67c89b6d-de47-426b-ba2e-67258cc7d3e0;ea3d4136-21cf-4396-9501-02b149347835;Quiz 2782 - suite;29;44.22;-8
67d25e03-24c9-4302-bbdd-360040d423f1;7dcc2c5a-a068-40dd-af3d-321ef4da942b;Quiz 2603 - conseil;5;24.1;90
67d557a7-117e-4282-8194-1b4681b9405e;2a8b11f3-152f-48eb-bb5a-122022cf056e;Quiz 1278 - descendre;5;71.47;103
67dc8c9c-6df9-470f-a93b-152e8cc0becf;7a7254eb-e81d-40bf-9433-f581de6e23af;Quiz 52 - verre;22;73.48;51
67dd3909-f1c0-4753-a01f-c17279c5fed4;543542ac-7f37-43b6-8a14-04619780b110;Quiz 2487 - ordre;17;69.34;-3
67dfc206-58c1-4eba-86a5-a23c395d3b47;76f8aee1-ae54-49fd-a71c-6996efe5521f;Quiz 3485 - falloir;16;88.9;-10
67ed62a0-795c-47e3-b2c7-749d5a1c9263;45681588-737e-426b-956b-05630d68e6b8;Quiz 172 - gris;11;86.98;6
68064774-1ebd-4fbb-8c58-dd86d2817816;8b746c32-e93f-499b-a511-60391bceb714;Quiz 784 - déposer;19;37.68;222
680c94c8-2b75-4792-97e6-3cf93dcf6f6b;ae6213dc-5c93-4843-907f-eaa7e15f3014;Quiz 131 - écraser;16;77.17;-2
6819a31a-2ef1-4b70-8bc4-dfb86fdf8c58;ec6819dd-74f3-4dcd-8b24-c5ee8bc7ade5;Quiz 1240 - verre;27;44.66;271
682a2782-d59e-4138-8b96-eaa289a50ee4;3f0777f1-fa44-415e-8520-af737711b276;Quiz 523 - en;10;24.35;87
68370fae-1b9b-4670-bf4c-f3e6b642d921;f8b3a86b-cdfa-4c82-88a1-2ed432450244;Quiz 3969 - autant;13;55.02;392
683d4ebc-2b01-4a46-a5e8-97a0aa2d6cfd;f7be1392-a53a-4bf4-9f04-1f8f5808468e;Quiz 2760 - drôle;8;90.92;84
6874538f-d83a-40f8-8312-f622e8284504;d5473a17-cc21-4832-bb88-ad4f993d386e;Quiz 3310 - derrière;6;91.14;13
688df284-f13f-48b7-a712-e63626d1b499;543542ac-7f37-43b6-8a14-04619780b110;Quiz 2789 - parole;15;31.53;49
6896aec2-da82-4edc-808c-d068e541993f;4ae7dd51-12c1-4504-9517-d1d3b42650c8;Quiz 1440 - police;17;25.32;-9
68999789-b676-4ddd-8e90-d44248a04f08;a319f67d-c111-4753-9178-ef2ab2374338;Quiz 1245 - vraiment;17;73.49;-5
68a418bc-ffc5-4d7c-b19d-b311189dc2cc;c23b316c-959b-4520-b4c1-868a0b7be6c0;Quiz 4886 - entraîner;13;59.07;-8
68aac9c7-c280-401e-953f-64c1a3055b31;49d56376-ccc0-4625-a998-88e8b7b1fdc7;Quiz 3482 - matin;26;34.6;36
68c47c48-859b-47e7-851f-c706c71c6938;491581da-37cb-4b7a-a475-fb4031bf4324;Quiz 4009 - engager;25;19.99;276
68d2a8a7-918c-4212-b6ad-926e4ef9384a;629f0b86-db2b-44e7-8a59-4444356981a0;Quiz 3911 - créer;6;39.54;64
69035a78-44ed-42f8-a4ab-543ccd8a831e;2bf10d0e-00c4-4744-bef8-476b17a40bd0;Quiz 1969 - quant à;7;88.6;225
69124222-d340-4bbd-ab36-f4cdbd5bfd2d;ab6e207f-6f20-4b15-ae23-30dd74f7ddbc;Quiz 2059 - paquet;27;87.23;25
69478c61-e913-4385-8f3c-007a855c62ba;1a3519f4-ec04-4793-a43b-3eac99dc6428;Quiz 1216 - manger;20;22.77;-8
6949aa34-b4a0-410d-babc-a2d417ab22b5;cbf2da5b-cb40-497b-b07e-165d1a9efaf7;Quiz 3319 - jardin;6;59.55;399
696e8fce-0391-41fe-9046-aabb81ec95ed;4d5073d6-0c03-403e-8877-9d34caa92e48;Quiz 1643 - couvrir;14;45.63;452
696ea46d-69ae-40a6-b2d0-872059996c03;91671af3-6581-47d0-ab1f-750cc2df04f5;Quiz 3627 - jusque;6;84.19;33
698cca57-1be2-4be6-9bdd-05719d835f51;4c9eb432-7890-4389-a7ed-f19facaec638;Quiz 143 - garçon;23;65.66;36
699245de-fc50-4b25-9a8e-a73f328b12e2;fc519ffd-1532-404e-87e5-986db65facf6;Quiz 61 - forcer;10;59.09;413
6993f7e4-e96b-4b2d-a9be-0c1139057abf;8dbf4265-1b33-45e7-b2b7-53ef1e842a8a;Quiz 749 - chiffre;17;80.84;18
6995ee69-89b7-4bf2-a0f5-3aaf1a2eae1c;1cdad90d-239f-4cef-8e40-e8b8efc43121;Quiz 538 - long;28;54.38;-10
69969047-6d0c-4ef9-8654-0e9cb8ab67d4;b68f7d73-02c1-4628-9429-a13630232dcd;Quiz 887 - ici;22;51.61;36
69998425-6e65-4d67-b1cb-5bb7d359ba09;c1c84f05-df5c-410c-ac7e-3a65c75777bc;Quiz 4152 - vingt;14;82.25;417
699b2ae0-4b0b-44eb-8e66-500e6c4cd204;33c92fad-fe8c-4793-b45d-84ac055ebb6f;Quiz 3910 - habiter;9;92.38;45
6a0966e0-f875-4e6e-bf78-2f8872ba6cd3;61cfa330-a94d-4268-a6e4-caf9174d8af2;Quiz 4720 - éclairer;7;66.65;260
6a10c3a7-6e5c-4ff6-8a65-9dcb60687974;cff221a6-27ae-45d5-968b-d526da1d7808;Quiz 576 - heureux;27;62.21;483
6a12a2f5-769e-4a25-8f0b-6247429f75a5;b02d0106-0ab0-472d-9596-862219ba06f8;Quiz 2679 - lutte;17;44.94;84
6a2b2ff9-19c0-4d43-af31-49b539a38d55;b20f69c6-c7aa-42a7-b9ac-97022fd0355b;Quiz 2227 - former;30;55.08;15
6a2cc8c2-3b62-4001-81f7-cb89eb5ebe2e;33dca22d-3d8f-4464-8304-c8c333e44a15;Quiz 4070 - désigner;12;43.77;2
6a363b30-109e-497b-b540-376a2c22248f;41114c4f-c1e4-4ff9-8b39-5aeb437da94d;Quiz 1845 - attaquer;8;74.96;431
6a36abca-8342-44e1-b1dd-499fd77ae8db;c0f06e2c-9776-45f5-aed1-5c38476a7cd8;Quiz 4708 - craindre;11;55.7;90
6a375c6d-797a-4aed-abae-589b01a1bebe;78d2bb3e-732f-487d-9f89-68d89882cab5;Quiz 1675 - ramasser;18;36.47;0
6a4383fe-8804-4093-a221-519e83946fb4;00f9305f-0cbf-4d82-a328-c4f543dc1ea5;Quiz 3930 - loi;13;99.13;468
6a4f7921-e99e-46db-b0f9-8722c68dbf20;d39171bf-28c1-4879-8de3-3ed7d8278583;Quiz 3585 - protéger;18;15.91;19
6a5c708f-3357-4ed1-b235-669e2c321322;d7eee93b-ea1e-4e11-8b1c-77c1850390cf;Quiz 4374 - disparaître;28;24.03;-8
6aa2e45d-e8b4-4825-939f-66aa152594c0;af398f7a-9d7a-442f-bba8-02f93b04ebae;Quiz 4601 - saluer;25;29.08;-1
6ad122e6-fc78-45b2-a85e-9802c5166fca;a1814840-14ca-4420-b1b7-7dc56d72487e;Quiz 3958 - est;11;51.24;392
6ae1a7bc-7917-4061-97b1-f715de07155a;743136c0-325b-47de-9547-ea9fac480676;Quiz 1574 - premier;25;36.57;-7
6aeec430-5044-4c4f-8bdb-b19094cd6d2f;430e1691-288b-4439-9b02-de40acba6f0d;Quiz 4287 - sorte;16;69.06;69
6af32077-aade-4e09-8cad-1174eea55886;9fa0166a-1303-4667-8c3b-82dd85400a51;Quiz 2366 - moment;17;60.47;-4
6b0462c9-e567-44ac-8371-1f42d5bc4e83;d88b6bba-d978-4424-afca-848686089c37;Quiz 4713 - autorité;17;57.86;101
6b04ffc9-f27e-409a-aca5-cdd1095baa33;605e4217-9c5b-40be-801f-d94114701673;Quiz 3147 - remettre;14;28.12;89
6b0e977c-5448-4fb3-8d9d-3d5dddcd2e68;7ff92f94-5446-4dc2-bb30-c246c732a6f4;Quiz 1190 - amener;21;15.9;30
6b3af11a-926f-498d-8af9-06b6c689e03c;6ce93779-c050-4c4d-a30f-60198fd17f32;Quiz 4482 - déchirer;8;99.44;34
6b499a87-959c-421f-91ff-ccf3ab6c6686;762fd227-360e-45d4-b431-fae58293c4df;Quiz 2157 - autant;16;98.05;-10
6b57be7a-e931-4e3d-b057-744654e485b0;b9410e57-f425-4dcd-933d-95d9e28da3db;Quiz 4249 - tapis;5;27.44;0
6b774e08-ade0-4542-8f0e-2d41488a12f3;96c1961f-5012-49f9-9f14-14bc1545720c;Quiz 235 - agir;6;77.72;69
6b91dbb8-1f51-4f30-b5ca-57671965f498;7f83b9f8-5d1a-4686-872f-a38300126ee3;Quiz 2653 - rejeter;11;10.93;68
6bb75de7-1b77-41fe-a059-4680e6a20782;84639015-df65-4a90-aed1-a6c93d99a418;Quiz 1809 - pierre;29;28.47;267
6bbd637c-28ab-4eee-b63b-e5ee18468084;ac36ca2f-4f47-4d60-b8b1-9f9bbca2d254;Quiz 4065 - conseil;11;53.07;55
6bce652f-901f-491b-9969-c7fd5e37103c;e80bf5e6-d068-4a7d-91f5-6280e7b6819d;Quiz 4292 - tirer;8;14.35;373
6c04702b-46ae-4908-902c-da57a0aa6af2;68822e30-8b5d-45c5-ae57-35a6e2fa8647;Quiz 1024 - sentiment;10;47.78;350
6c12e91e-d17b-4ac6-aaa7-8ceacb3abb04;d4609e7d-226a-4fe1-9f69-4bb866917d53;Quiz 2921 - clef;12;56.98;0
6c1c46c3-d4ed-4689-8959-11ca9a9c53de;e4ab5b7c-541e-40b4-b993-e9687366b5f7;Quiz 1839 - sujet;11;65.76;470
6c1f1154-6895-4079-b603-41688cb1298f;fff026c7-d28b-4346-a71d-1ae6b7ada02f;Quiz 1626 - approcher;9;94.23;341
6c3d95cc-eabb-4149-b97a-0818c07ac9a8;e4e5c53a-78dc-4bb8-9f9a-ee8bf5c7e47f;Quiz 3039 - coûter;20;29.54;497
6c5f30e4-b0b5-42cf-aa9a-37d242f56d5b;3c677bc4-59e5-4d56-880d-715d8d6b3324;Quiz 3227 - armer;28;61.02;-5
6c64a4d6-f9d9-45d7-8066-7436a1dd07a5;1276f082-67e1-45ba-a8d4-6142473b5403;Quiz 2481 - supporter;8;29.41;-2
6c6d2602-fc98-4749-9005-8c25aa2f17e4;672dc4ed-b845-4da3-8803-f610cac5187e;Quiz 3151 - ennemi;5;50.4;-5
6c73168c-1fae-4b67-8358-5ad9d48bcd6a;5f550c84-ca05-4c2b-86ce-edbd8dab4b48;Quiz 1358 - forcer;8;92.14;478
6c77031c-b751-450b-874d-5a2d6bab2515;89501fe1-71cd-4870-af81-67b73a645382;Quiz 803 - figure;23;64.44;110
6c89e9aa-7857-4747-9ed8-3265e701851f;90c6faa0-34d2-40a0-9a1e-fa71a6b6e411;Quiz 1010 - fond;24;47.91;474
6c916771-eb0d-4586-af98-415ab3012644;1cb1daf0-4e9e-4523-a5d8-319ebd6061a1;Quiz 639 - passer;21;55.88;40
6c92faa2-f547-45f1-a1d5-a58b0a1cab35;431615d0-0e3c-4c51-8dd3-afb49213c7b8;Quiz 1668 - fonction;18;93.17;317
6ccc5e0d-44c3-4828-9c1e-f62b928dc173;74e1802f-9f2f-487e-b1f2-04213bca00bc;Quiz 2229 - terre;12;36.99;-6
6cd783d1-bc20-4a72-bce7-e7e9d54fe62e;a9bdee04-28c9-4f1b-a3e9-7a614d89f7bd;Quiz 906 - éclat;26;37.49;-6
6ce5e832-3bd4-41dd-83b4-2d9fc9b822d4;9815f3bb-0ccd-4257-abd8-d0179a6f00b9;Quiz 3721 - lier;8;49.88;348
6ce84543-19d6-4b27-a25f-ec3ec21ce9e4;942d6ffb-4a46-4078-aac6-9d3d6bc88ab2;Quiz 2920 - action;24;40.6;118
6cf85274-39a8-4c08-b213-c855cc3f0c65;cf6eaf8c-1abc-4e59-8bce-581555c4043a;Quiz 3171 - entendre;12;31.86;-7
6cfdba49-559d-436b-9b9b-5e808445e72e;6f23f873-e6da-412a-b1c9-ed5f5d7c27f5;Quiz 363 - réunir;30;22.37;0
6d0509c2-3ca2-4513-8e9c-16b1a2e544dd;f2720fac-bb97-48b4-9a4f-b37f97cd5380;Quiz 619 - de;20;96.13;-9
6d09a9da-c6db-4372-9d4a-64bda290bd90;f7985fc9-3542-4f58-b476-fa45b82f1c13;Quiz 2415 - dame;8;47.17;86
6d1db4b9-050d-42dd-864f-c47de9b7a783;c989d738-2d3e-4771-8543-c1341d932435;Quiz 1225 - double;18;78.92;332
6d2247a9-e2f1-477e-832c-0eb2aa5d00de;7a4f366a-bbb1-4ce2-8e43-8ee8960d1984;Quiz 1200 - soirée;19;75.86;206
6d30d365-ef92-44c3-bf93-ad95602896e1;caaa79a7-0d79-4a8f-8f4e-05d39d4ae085;Quiz 3037 - voyage;17;49.88;95
6d3a50cf-418d-4c23-a871-32a2373107ff;6ff649f8-6423-496c-af78-4c4695a648c5;Quiz 3687 - yeux;13;71.82;280
6d5c5c56-1375-4a25-b9cd-04d884879454;63fd0db7-44fb-4004-82e1-a554030ee311;Quiz 865 - élever;30;90.82;-2
6d62c860-9663-4dc1-9900-e5e5891733ef;9e15e8d5-13e3-4ded-a358-51ad4c3e4ad7;Quiz 53 - sortir;26;58.21;-9
6d66ea43-934c-440a-8aec-727aa749cef1;d4f434e2-e226-4f66-9199-1654b4d680d2;Quiz 4834 - deux;6;86.09;112
6d6d4ea7-9ab5-4bce-949a-2c9eaf7715e8;478cef9a-a29a-4e65-8821-385093d7b789;Quiz 2678 - tempête;24;12.69;33
6d6d9dd3-62d2-4b27-9f08-4e163dd99ebf;39d28c50-e9ae-46ec-b6ce-d56a17b56730;Quiz 928 - étude;10;33.46;423
6d8ab212-aec8-418f-a941-3e37fbf1df0f;cd48b6af-526f-4d6a-a68b-37446bd830f6;Quiz 4310 - auteur;18;46.22;-2
6d93b8ba-1f53-4568-8a61-f0edcfb14b4b;5d5961dc-d143-47e5-b723-f7786dcbfce8;Quiz 3581 - prévoir;20;34.3;476
6da2c431-a015-4590-bce8-f224b5563d98;4ae8402c-9d58-4fb3-8db6-9ac6e828d3f4;Quiz 263 - étendre;22;15.51;-9
6da356de-6ad2-44d3-82c2-dd941c6aa6dd;8542648b-a90e-45a9-bef1-91d91d19f336;Quiz 1016 - poète;21;67.13;333
6daa22f8-1766-41df-9611-1060c6fb0289;b8484968-311c-48c5-9742-660ed683983f;Quiz 1396 - rôle;5;39.47;-10
6db8534e-617f-4b74-aca6-7c9ada945424;ed1738ce-2938-4b64-bf0b-646ad73bdfd2;Quiz 1294 - auquel;5;97.23;-1
6dbf0655-207b-4f62-adb9-2bde11e27ab8;8ae4cf54-cee2-4ba0-93da-3b3ccf1ec98e;Quiz 1130 - circonstance;18;81.77;74
6dcfc3c9-8f3f-4575-a493-82b0cacbb5c5;8ac70b77-1032-4f55-aa51-fbd3d97aca64;Quiz 4039 - or;10;79.07;357
6de51b42-098a-435b-bad3-ce53b78705a9;becf7298-6513-4467-b2b0-78b475e3ccd9;Quiz 1851 - brusquement;5;45.94;465
6e012865-c687-4822-bc32-60c190cd5d82;74282bdd-75e1-46e4-8fa0-930772949675;Quiz 1920 - recommencer;20;23.09;459
6e02586a-d0ce-43f2-927d-b0925b7d1873;ccfb580d-ae40-46b2-94d5-be81a499fdfb;Quiz 4782 - rapporter;13;66.23;86
6e073dfd-e78f-4c19-8bff-65479ad5301f;d869b7f2-1e82-49d4-9c2a-c975d8139c28;Quiz 4854 - enfermer;15;39.43;439
6e57ec08-b3e0-4439-9ef4-c470f55eff6a;4ecc526f-ab69-432a-830f-15379b143df9;Quiz 1164 - tant;21;17.98;254
6e5ff1cf-cb45-4718-9fbe-5ac3e1f50a66;79406ed4-0e0c-4b0c-87cb-0ee03789d2c5;Quiz 4669 - curiosité;28;37.8;67
6e7a79b5-ba24-4542-886c-3958967faf6f;54c30cd9-f52e-4143-b228-6bd234d4dfaa;Quiz 1915 - muet;9;43.09;477
6e80bc57-bfae-4956-b65d-b8fa2162d7ad;b10d82d1-c04a-4b5c-a9fc-6642eb775f0e;Quiz 4744 - service;30;26.89;0
6e906fae-6230-49e4-b13f-2102b03c3352;9cff733a-fcf9-41ce-bcad-f650e0c07027;Quiz 2303 - jusque;23;67.16;201
6ecde87b-eb3e-41d6-a1fe-078132898175;2f96285c-2dd8-4f77-86a3-28c6dd5cd3be;Quiz 4476 - résultat;30;23.89;344
6ecfe0a0-2267-431c-b7e8-7a29dd9260cc;b8ee679d-4189-4c89-a5a6-2d92910f2e8e;Quiz 208 - sien;20;58.49;-1
6ee6b47a-9746-4a3d-a161-7331a58e2d8f;07bf455d-279d-424b-b718-c0eec4cc1941;Quiz 3863 - poitrine;11;72.98;324
6ef65d3c-cc04-4e0d-9309-7ae299cba7f5;e3f231bc-be05-4aa1-a094-805ae0068baf;Quiz 3248 - cruel;22;10.9;0
6f067979-7031-4fad-8bd5-8df44028617b;4d3bb206-26b3-400d-b804-bafb1d95d952;Quiz 4789 - ainsi;21;46.22;17
6f087966-a782-4915-90af-195e53a9d276;8e01ff26-33f9-4289-8ec0-eba8a192b952;Quiz 2792 - vent;20;68.62;267
6f2713e6-3734-4f73-a598-ac18beb849a3;e1bd078d-6c0e-4446-bd43-91038ed51a57;Quiz 3887 - lutte;24;29.98;463
6f2b19d0-de9d-44f0-9c0b-ba4ce4a67763;d774ded2-5b92-4250-8af8-57b2d1585b8b;Quiz 1330 - fille;23;36.39;494
6f34f385-573e-43d7-ae6a-8ec6f80445ee;d4dafcb2-ace2-461b-a3c7-6e9da394adec;Quiz 1364 - envie;28;85.33;259
6f38efcc-c6c0-4e57-b817-f7a942434a97;e9f494b8-4ec0-49e5-95b0-4860acb6216a;Quiz 2722 - an;8;17.49;19
6f4fa13b-6678-4c57-9e9b-d47eded65171;9beade6d-bf49-41d5-81f5-036cde0795dc;Quiz 269 - signer;15;98.91;0
6f5f1048-1a3d-4bdc-ba45-d73299157ec0;54093466-ee90-4c11-9f76-ef6d201a6b52;Quiz 2889 - même;13;79.71;475
6f635456-4021-4190-96c7-efc4af552044;dbe9e551-cd94-4a5d-b271-1c9e3f0f2941;Quiz 3355 - baisser;21;71.58;52
6f6af1ce-6cbb-4db0-bb5d-e689928fcb0d;cc171478-780c-4e8a-ac14-93688a0bea81;Quiz 1263 - main;16;47.26;-8
6f942f51-6140-4298-b9e9-ad81d7a7c0eb;d4dafcb2-ace2-461b-a3c7-6e9da394adec;Quiz 2728 - sommeil;11;51.02;-3
6f954963-b7e5-4050-932b-217decc1d713;8269b253-4997-43f1-a78d-3b9e7a14a62a;Quiz 59 - intérieur;24;92.49;39
6f97b460-bf10-4c1e-b620-a05c05491ccf;a1fe1c32-4c2b-496d-826f-4cda6852e467;Quiz 3150 - portier;20;64.83;31
6f9921c5-72f3-4297-be33-a137e95e60bf;c29b8fd0-daa3-4891-960a-572051aaa3cc;Quiz 2266 - feuille;28;63.34;491
6faa39f4-9035-479e-86c3-b475394d3adc;99e040b2-00e8-4897-8cdd-cabadea1fd4e;Quiz 2237 - car;18;32.92;113
6fb3067e-3ca9-4f55-b1e8-2458a90f17dd;9fe653b9-b4a1-4f97-ac12-ae3833a57202;Quiz 3415 - jouer;27;86.11;-3
6fbdb623-d47a-41ba-b01c-0eea53951f01;1336e193-f778-4296-b3e8-a0d253427c52;Quiz 3902 - chercher;9;18.32;-3
6fc35a41-2ee3-49c7-bc52-07c41847544f;c0978b68-b578-4f1a-8cff-ebb98ea14e66;Quiz 2049 - tard;11;62.04;-3
6fcb3c72-c82e-4ba0-a09a-4b7f10729e3c;4e9d747e-af87-48e3-987b-68ccd5e5c420;Quiz 3226 - penser;20;96.33;87
6fd7d385-5a30-4951-8be7-7cd0e6e6e592;841c922b-6bb5-49a2-8096-1970e2744b9c;Quiz 3831 - souffrir;24;60.87;329
6fdb3c56-69ef-4f31-8b97-f166e4093d39;6bae3300-498d-453c-8b39-d4ee178533bf;Quiz 4419 - général;29;87.19;-4
6ff0f1f0-f8aa-4806-b13d-c6726eada363;cd3493fb-4ea0-4644-887a-50d421d8b09a;Quiz 3860 - leur;11;25.1;-8
6ff4e65f-e6ad-4056-9fcb-871d53ab7db8;966a8330-d64e-4fd0-add3-87f702169a8a;Quiz 2791 - inspirer;21;33.36;-6
6ff7da4a-44b5-4ab1-8ca8-be8281b2e3dd;c3f7f8e7-6e21-4474-8402-c3906bbd0aac;Quiz 4084 - difficile;16;93.3;31
700afde8-e0c7-40d9-9560-ab01b4109fd6;3d6d5922-674b-47c2-a06f-f1ffab5a4f86;Quiz 3223 - arrêter;29;85.2;21
70115616-7755-4573-82cf-97c941ee9bf1;0d29e070-23ca-4ae5-b36f-c3834b671b08;Quiz 3207 - avancer;5;59.26;-8
7017fadf-776f-461a-9326-c659a2cbd752;edf14b64-dd0b-4cf7-8680-23119ec7841f;Quiz 232 - petit;11;75.94;477
7030cec4-9b0a-4f4b-b0ca-e851bc9632fb;8b58c930-9751-4e53-a2ce-52a3b80db36b;Quiz 2844 - couvrir;25;85.08;460
704829e4-1e60-4afc-b8ca-227f72065e5c;5e7e5158-84fe-49b2-92a0-324297c1c915;Quiz 2322 - haute;23;20.59;10
704b80cc-1729-4514-9490-15c6041cb7ef;becf7298-6513-4467-b2b0-78b475e3ccd9;Quiz 1910 - général;17;38.75;356
704cc7c9-59f2-4436-9faa-b210615fb3ff;ff4871ea-2754-425b-b748-a93fecfd8a0a;Quiz 1680 - nombre;9;23.92;0
7063dd0c-5ddc-4a20-8503-a8cba5595569;e1f8a1e0-8f48-4269-abc8-cd6237c7c5bb;Quiz 3638 - jeter;17;98.56;-3
7065a999-27ad-4056-8f32-aad34a41dc98;2f96285c-2dd8-4f77-86a3-28c6dd5cd3be;Quiz 3299 - repas;28;19.65;378
706d224d-8ea4-4a2f-9359-7ecabbe56fe5;83f1d28a-46f4-4f6c-a6fd-607ce9094860;Quiz 2477 - facile;14;13.86;338
7079ddec-74a3-4d22-a6a1-24ce55cacb1c;19109774-e4c6-43a5-9d6e-234bfa3dbc54;Quiz 1582 - fumer;22;97.56;58
707a81dd-3fde-4082-92d9-aa274d997528;3cf0ef10-5234-46b9-a019-e25e806d7aca;Quiz 3811 - parfois;8;35.93;-4
70918feb-6175-4a0c-a089-04993d252303;9aaad18e-5d1f-4571-8177-71a79e451c61;Quiz 2459 - saint;27;98.15;412
70950fda-b6a6-4bb8-b8c1-c9d3c8c8eb31;f5f7ecd3-fc7e-4cf3-af1c-8d355f18f220;Quiz 4937 - terrain;16;77.29;-1
70a4ba89-1093-4eec-a3a4-dad4fda47ab2;9e1f35c2-dd20-42c1-83bf-739e5ba496e9;Quiz 3335 - fort;7;16.93;46
70b478db-c211-4e3f-976b-81f122d10a0d;afb2b7bb-552c-4d0a-b071-f77f2378e669;Quiz 3496 - réfléchir;30;88.16;352
70bef34f-42bb-43d0-b586-a8d015af8455;a84bd5ed-908d-469e-ac54-faf3b0e37849;Quiz 1999 - système;19;74.02;110
70c7f69f-ae78-4482-8793-1ae25bb05790;5b3af18c-1a50-4d86-a3a4-55f20946b66a;Quiz 25 - troisième;20;14.47;56
70d09559-b8a3-47d0-a6e9-16db98f674ca;b5ec9f4c-788e-4705-8ff4-64e0a66b3754;Quiz 423 - après;13;66.21;75
70da421d-b034-440d-aedd-337c7b3a0ad8;2b7be586-ae5a-4d24-86b6-1671e41d2b64;Quiz 4509 - aucun;24;95.32;-10
70da8fc3-bb79-4ae4-b95d-fc041c3d7b34;ee5a6781-4b3a-4700-80b0-06c7adbf07ea;Quiz 1082 - pourtant;19;53.75;39
70ddae74-ef33-4bc5-8294-85ed9daa224c;6fdaf4cf-e670-415e-b861-b7410a93f9c1;Quiz 3775 - rire;13;74.86;0
70f0cd92-58cb-4cfc-9481-85cbeefdb0ff;4e223f1b-81e9-4fff-b8f1-daa258b453fa;Quiz 1874 - exiger;23;92.84;-6
710f2249-3b97-4168-8102-8bd4d96c4bdc;61cfa330-a94d-4268-a6e4-caf9174d8af2;Quiz 4962 - tuer;10;30.79;455
71302fc3-5d69-46a8-8a3d-a6068c102352;34f40991-2317-48d0-a49c-82cefea5eb3a;Quiz 3356 - renoncer;13;86.33;384
7143bf4b-394f-4b36-9c53-a6c22a76cb3c;aa39b208-4b62-4bf3-a064-1143274ecf51;Quiz 3825 - rompre;20;31.1;-5
7145aac0-1f68-4fea-baf8-201f8e165478;b2a0ad57-211f-4695-85de-d9cda7f76146;Quiz 1491 - hiver;29;72.06;346
71487a41-1ef7-4212-97f0-4656cb7d47aa;07060300-3330-4c19-ae30-e2a24ec652a9;Quiz 4309 - selon;26;49.99;262
71615e13-03b2-414b-95fb-5225db441f2b;9beade6d-bf49-41d5-81f5-036cde0795dc;Quiz 3786 - mal;18;46.38;-6
7187d69d-e9ea-430a-86e7-302d8c158ec6;07bf455d-279d-424b-b718-c0eec4cc1941;Quiz 4510 - pouvoir;17;14.01;281
7199fba3-9ba3-46d6-b498-de57e9bf8c21;6c2b69ee-dc67-4153-8aa6-4894f7718f62;Quiz 289 - former;17;31.71;79
71bb8a15-d66f-4307-9573-fa4761b4fcb0;324fe1c5-488f-480a-a005-2af861e6bb80;Quiz 1843 - amener;22;87.85;-6
71c8a67d-99f7-4955-8f13-07317fcd31c4;929a9f04-392d-46a3-87df-c142d9ec2c1b;Quiz 2924 - fauteuil;30;30.09;490
71d4acbb-4175-472e-8c7f-3cd8cef215f9;688c0671-5698-446e-8363-198e9bdcac58;Quiz 871 - chant;25;84.87;300
71d4e371-7249-4801-a8c1-c3d634c05874;5674a425-6135-434e-8e0d-c4a42d70c3c6;Quiz 659 - annoncer;10;52.59;-6
71e236ce-d510-40c7-abee-4c2f37b1d3d2;23394e4c-8aa1-4d97-969c-9a4520c969d7;Quiz 3307 - suivre;18;69.27;1
72088745-ff7c-4150-a6e1-867411a497d9;77085eb7-da39-4f67-9d48-31bd78e8bc94;Quiz 2418 - pointe;11;90.41;30
720d6d89-de5e-4a97-bce9-beec854db8c2;cae12c96-c0cb-456b-b410-d65648b192bf;Quiz 3750 - protéger;20;43.69;85
720f68f4-255a-41d7-9dc9-994c2877f011;53eb5442-581a-40db-95f2-1466ad55e4dc;Quiz 2067 - descendre;16;95.62;24
72202e36-9a02-46e0-a123-6346b63b948d;a0a5dab3-1b3f-41d0-a72c-57ee5c01993f;Quiz 1060 - enfance;11;88.35;388
7226acaa-0a20-4f00-9ba3-8893a3ba0b2c;cffa4473-969c-4191-b48d-19286e2e02ea;Quiz 491 - billet;26;82.09;33
722a944e-1ea9-402e-9f61-c377532bf0fc;37143099-35ef-41bc-bb99-a1c42db0337a;Quiz 3739 - demain;25;37.71;-4
722ebef8-7bc5-44b3-9705-f543ce9cd0b6;3f9d1172-475b-4aa9-a1fb-cc55777b277e;Quiz 210 - vieux;20;67.04;303
7233e7ed-08be-46e3-928f-835158f32f4d;9019c755-fe90-49b2-aa93-a9f002b9b5fe;Quiz 4803 - habitude;6;31.87;378
72371bf3-134b-4bf9-8d01-4c6802a9b24e;a38b589f-9838-4948-9b96-9b40d92ee004;Quiz 810 - nuage;17;44.92;224
724c3c6e-3ffd-4c46-9bc9-f34e3f13646a;09cf5992-420f-4023-9688-eb62973bc323;Quiz 1964 - temps;12;57.0;111
726ac2bd-cdf1-434f-abaa-ac2703ecc3af;12a0094b-f4b3-41a9-9ed1-b089488d88df;Quiz 3146 - année;20;82.26;489
7291575e-f75e-420c-aa77-df5d430b64ba;72d52a38-f149-4284-b698-8449252c9dce;Quiz 4832 - fond;18;78.9;397
729dbe26-242d-4154-81e2-51f3c785641f;c3a7f298-1575-4b83-bc3a-dc0ff62d9300;Quiz 1974 - fidèle;24;44.31;205
72a1c385-de51-4b7a-bf7c-043e807b5786;98ec2502-2b1e-44fb-add1-ad35d3ac0e8c;Quiz 3620 - eh;21;29.18;365
72ab5bb5-6a90-4305-9e71-45264d3fef65;d2b0703a-5609-406d-95c4-688e93df0c75;Quiz 1531 - interrompre;26;71.72;-1
72b41f9e-b512-450a-b725-d375d3a14fa9;7ca61a41-ff66-43b0-860c-8f17c3ca176a;Quiz 255 - disparaître;17;17.47;27
72b4f914-9577-47e9-9118-991b54ad3ad4;b4077811-d4c5-4d24-aeb0-4026d9a4048e;Quiz 1178 - céder;10;71.39;384
72b8cadb-9036-4767-a17a-58d4c15b8a5b;826a6626-39e8-412e-ae60-37e385b5e25a;Quiz 4814 - décrire;8;53.56;-1
72bce696-9c76-4c24-9e53-bb16e99221d3;b33d8778-6373-4349-89ad-8941b51e5a7e;Quiz 4980 - lisser;22;38.87;483
72c4781e-5139-459d-8a45-51b60b32f98a;4462f8b4-43ea-4345-b8c4-07d3f91a97e5;Quiz 3304 - milieu;18;64.39;254
72cf0674-ba60-4dfe-8232-aed3f19c4e22;b9ec29d0-9f6b-48fc-8adf-4d367b6b7139;Quiz 2363 - toucher;15;55.47;109
72e37757-40ff-45f0-9c23-fd8f03c3c7e4;b377ef73-a0dc-4fd6-be79-c140f8e68dee;Quiz 533 - théâtre;9;87.24;0
72f70cac-64bd-41fd-a00b-50249d47cbfe;7c0e6256-41d2-45a2-b351-2c84450f4228;Quiz 2711 - apparence;15;88.5;5
72f95aa9-b176-496e-9e98-c5193006bf5b;855c5cb3-17bd-4a2c-9f2a-6dcc9fbf2797;Quiz 2314 - manquer;9;77.72;-5
732a739f-b50a-4bb3-8752-f9cc534cd767;2a23981c-4706-446f-bcff-80a966e0c8d4;Quiz 69 - flamme;5;35.0;-3
732df893-2ee3-4556-bd9c-9f1c3903d68e;2568fce1-8654-402f-bb79-581a6e224f6e;Quiz 4183 - haute;29;52.79;-1
73312ded-0f5c-4936-affc-fdaadc1ffb74;80da4003-cf3b-4441-86ea-22e95c666f0e;Quiz 4880 - fumée;10;31.12;51
7341177e-ce73-4f13-b014-24ae72e5c735;b280fabe-e47a-431b-8c79-154b26317ac9;Quiz 337 - caractère;22;32.12;23
734a88c7-64ec-4795-849a-712fabe87fc8;3f16d8a7-b519-4a9f-85ff-5852b448528e;Quiz 12 - jeter;16;22.43;-6
734e4b30-02ac-4e9e-9758-c3cf83ae1eee;101646dc-53ef-4a6a-a798-2c71c6234081;Quiz 4435 - prouver;15;87.17;477
734ef8a9-85e0-4e2e-82fa-997658332520;15a6b3b2-973e-4f76-a074-121aab20ec26;Quiz 1573 - fonder;5;71.64;-9
735fd3cb-1b15-4fb5-8ce9-1add4051d808;f0750aaa-e576-4394-8c8a-051d9a31fa2e;Quiz 631 - rappeler;20;81.78;344
738b4b33-a790-41d0-9341-09f93d17dde5;3871acb4-e050-42a3-ae88-931b7ee54d7c;Quiz 2458 - casser;8;55.91;68
738c68b2-da79-49d7-bfc5-7c5ed88306c5;5239b19c-81c0-438b-87dc-66d0244da2f5;Quiz 2048 - bras;25;56.78;117
738d6ad6-b440-4252-bbcf-b7b6aace1330;ce17389f-51e9-4197-bfa2-a9391787074c;Quiz 4983 - croire;30;38.75;41
73a7c7da-6497-4c00-9bc7-a00f21f026f4;d05c98ae-3d59-4142-9896-c4336d92ed3c;Quiz 3143 - donner;29;18.97;322
73a87010-40bd-4e5b-93af-472d74ab277b;c27d65f1-0aba-4848-9c0e-b9118c4fc540;Quiz 2506 - interroger;20;96.38;-5
73ab395f-78b1-4365-9d9e-c6c4fc654843;1552c6ee-b2cb-4d58-aa55-e3d73692230f;Quiz 4821 - subir;26;63.19;308
73acee1a-8520-49b7-a35b-7bf7f40ed333;13d7f540-1014-413d-a7ef-78a9f6fd9607;Quiz 3220 - année;16;25.79;13
73bc9bea-a293-4440-865f-1fbf3f2a4010;df13b7f1-19b6-475e-9e77-29c146f18c2f;Quiz 4574 - joindre;5;51.73;254
73ce4cad-0037-45b8-b7ef-7c2d67c657dc;b2f732dc-45a7-4fc1-8722-abe54eeb8f67;Quiz 1218 - montrer;18;62.37;470
73de7eea-35c5-4d95-bdfb-6a44d291f897;64663101-2735-41d8-b7b5-3e042b358e83;Quiz 4233 - ancien;11;52.9;86
73fab5bb-187f-4015-88bb-0d166615ed5b;b40812e0-2ae4-444b-96ac-3b0624ae93a6;Quiz 1508 - celui;27;47.05;23
7403d5d3-30c0-45c8-99c4-be994c4592b0;2c501e89-a6c0-44da-9d2f-551d870b0c33;Quiz 2508 - gouvernement;19;39.29;381
7431c9ab-f221-4957-9afd-e1e91252bab8;7a7254eb-e81d-40bf-9433-f581de6e23af;Quiz 3057 - travail;24;91.03;91
744d9ad0-d2da-471c-b485-e88971559b91;4141f8f3-c79e-4d9e-9d5c-f16653164373;Quiz 3264 - joli;6;52.19;452
7465cb51-826d-4e7d-89c2-798ebe1a5098;9c6976fe-fb52-4e44-bfd1-017073b04c92;Quiz 3129 - défendre;13;82.0;45
74805e92-3915-4a95-bbf4-348aa1919ac3;fdec80c1-2fc0-424f-a764-68a8d78fbc80;Quiz 1 - pays;30;94.64;-2
748173fa-4c0d-4515-b716-46e483d6bd99;8bdb8e12-fa54-4c9c-887c-7308cb25bc7e;Quiz 1250 - tromper;25;41.42;-7
748a87b5-d552-43da-b2ce-3e3004f4b1da;d9c7e094-3544-41c5-b67e-210a44387a97;Quiz 2283 - promener;20;63.6;29
74a3fc68-9c58-4e1e-a89b-32bc2f17b46e;fbb0ee46-a7e1-42f9-a626-cc4de5e9899f;Quiz 4307 - longtemps;7;40.03;-2
74a5cc24-7633-4730-ba3e-a0d88da59a2a;9edbcda4-dca3-4a71-9912-52ca2d715a01;Quiz 3016 - empêcher;14;80.45;412
74acb061-f863-4b88-b797-1a595d676ebc;f1dd13a6-7331-40d0-be2d-94f4c3152949;Quiz 2425 - rejeter;16;91.89;45
74c525ac-1fdb-4ba0-b0ab-aa78ff6cf895;b9e0901b-e1cf-4016-9fca-ebc7d22a8a53;Quiz 4865 - devoir;10;99.75;40
74ca84a1-8e89-46d8-aa15-d9ac40f98a1f;7cd2daee-2234-4320-9b71-3f0c0446c498;Quiz 1481 - machine;7;31.08;-7
74ce1c3a-8bff-485e-9d67-0f063586f200;afef7c06-cbcb-49bb-b21d-1f1b4e211bcf;Quiz 2181 - oui;6;88.87;86
74ce4d05-7411-481e-a3e9-3a4a3ac8f10f;422fa097-004c-405a-b495-833b01b4ae38;Quiz 1088 - meilleur;8;83.79;269
74cee66a-d7f6-468c-8461-34033c9f1250;caf87dd9-2594-4218-9439-b3df912722d5;Quiz 2851 - fin;14;28.62;42
74d2eea3-147f-4783-9de7-9d549067f32c;a24a99ee-5d9f-4202-bdbf-b0061e1acb12;Quiz 1861 - étoile;24;39.22;1
74eaea2c-d054-4e18-bdf5-6ad5d989c2a1;66df2614-357a-4cf7-a030-70ec16bcab49;Quiz 1075 - absolument;24;49.8;106
74eb2d38-08bf-4b4e-a9ed-2c12d833d090;e9748da7-2f2c-4e88-8f84-fe5cff765b3a;Quiz 4516 - santé;27;27.56;444
74faf79c-df03-4b2e-b31a-c58e8d9eba12;2a661899-b21f-440f-b898-66a4f3771c04;Quiz 3088 - grain;22;94.26;-10
75020240-2892-40e6-a56f-21c76acde9ae;bd7e7151-7e1a-48f8-9d92-7fe58998e9b3;Quiz 2344 - théâtre;16;76.86;-2
750699ba-aa8f-4bdd-b8e6-bce02b12b3e3;e935e90b-c808-411e-9e6e-a7b122f7c898;Quiz 4271 - recommencer;27;33.71;411
7532e270-1536-4b38-ad61-a81483d0c6c6;93d178b2-6ec4-4903-82e7-1a65a43cdd0d;Quiz 1194 - face;6;61.63;465
753edb12-1dda-4bfb-b7d9-86780ca32b52;8b746c32-e93f-499b-a511-60391bceb714;Quiz 256 - répondre;12;43.4;343
755221c3-663e-48d4-9cda-2aee1115dcb0;3369e4ae-66e2-46b8-b6ad-0a2fe24cb087;Quiz 2628 - loi;12;56.27;-1
75664752-964e-43ad-b43f-bdc73b879490;0805c3b2-2f52-439b-a05e-12a964e11967;Quiz 2327 - figurer;20;27.6;112
75700103-dffb-4ffe-b004-504348d2dac0;19adfad9-7d58-4939-944c-13bcb88d2474;Quiz 3134 - naissance;9;61.69;-3
7570f5ae-6b72-42d1-b916-47db68b6ea41;0ee2960a-ac71-4eaf-930e-8699b03e99ae;Quiz 454 - depuis;6;77.75;8
7572aa82-0788-4af3-9b78-6a2cc6a28bf8;605e4217-9c5b-40be-801f-d94114701673;Quiz 3610 - branche;24;55.62;272
758b882b-583a-4bfa-b441-d252735dc899;1720b6a7-aea7-4c28-a147-f5d988a913c1;Quiz 2284 - lui;29;15.37;118
75ca3c0e-6100-498e-8298-87dd91f44cce;659a0bf3-6e99-41d9-ad1b-f54109f096ba;Quiz 2012 - soudain;10;29.58;34
75d07661-5291-4cd6-810c-640fd5270898;95c94349-bb7a-4778-a661-f7cf19a65f12;Quiz 3280 - accord;11;85.74;247
75da195b-1094-465f-9fb2-c28480ff4bed;532d9575-8ee9-4c57-b1b5-bd2553900ccc;Quiz 4079 - poids;28;86.11;46
75db262a-d328-417e-b327-5e1a29b6b83e;f85d5820-19a9-4aef-954a-9d1fc0a5daf6;Quiz 297 - impossible;17;58.47;53
75e5e281-a368-4e38-9655-121738a7a48f;c865b50f-7feb-4689-9900-c5c34cb2d4cf;Quiz 315 - action;15;44.73;-5
75e793b4-2ef9-4866-a147-28ebe798cc8c;0c4bfb01-9023-4824-a49c-7315adca5490;Quiz 4815 - comme;13;97.04;-8
761491b6-c8f1-4180-80a4-606a0d775251;e63ec7d7-2796-4def-92de-99ac982bcfe4;Quiz 1220 - jeune;20;47.28;-6
761a9187-535e-4dbf-9cc1-7c4b38a4196c;6119362d-b8a7-442c-ba32-8b5b11844dd7;Quiz 1466 - bouche;16;68.67;112
7639b495-07b5-4bef-bf69-1916f5b7f1e7;b7fb7b27-e8a1-4f6b-8704-b353d8ca6dd9;Quiz 1039 - plein;10;33.62;-7
763d7109-b6b8-4c55-b4a7-91dc5391f7a3;15f0aeb8-9992-41bf-b3cb-e17dee847b3c;Quiz 1931 - soir;17;48.9;-9
7648794c-2dcd-4020-bed6-3f3158a52f9a;8266f6eb-be1b-4368-af6f-3e1feec499bc;Quiz 3085 - pluie;23;66.69;105
764cf344-8755-433e-8507-7513cbfb60cd;ed38e2ab-cc5d-46fa-bd74-cd67b9813f9f;Quiz 329 - frère;12;92.31;56
765e92c9-ccac-45d4-be1e-aa24369012ce;804f3777-cd4e-4468-b20f-4b7564f39503;Quiz 1167 - par;11;50.52;0
76608154-8156-42f1-b4e0-9c7e83bad7ea;ed38e2ab-cc5d-46fa-bd74-cd67b9813f9f;Quiz 4839 - cas;26;49.35;-10
76925a31-2552-4299-83d5-d60529240131;23f17efc-a89c-440b-b1f5-f1612967972c;Quiz 4204 - amener;24;91.06;-1
76a35cda-d74a-40d9-95c3-fd1ef69cb286;f8ea210a-7458-4930-9c9b-96ca75ec43ca;Quiz 21 - terrible;8;87.94;-8
76aaaa17-c1b9-4312-9241-d14049e0d29d;2a73d823-ac81-4c93-a2eb-cd869f9c4520;Quiz 4028 - lutte;27;27.98;51
76dc3eb2-488c-4c62-bda3-9d0d05d4fd28;7f26dc87-04d8-4256-a2a7-0dafb2426fc6;Quiz 3727 - oeuvre;20;39.89;303
76e3ed93-2054-4e09-926b-e8e2abcd6f98;6bb3376e-7922-41a1-8934-53dd3a1f3329;Quiz 2478 - triste;7;33.14;16
76ef3303-f945-497e-9983-3997c2f94f17;ce17389f-51e9-4197-bfa2-a9391787074c;Quiz 2512 - jour;19;99.2;-3
76ef5d11-831a-43b3-9892-b4059ca95e27;ee01dfb1-6a13-4525-a23c-56051bdf1c7a;Quiz 4785 - marché;13;89.55;-3
76ef83c4-31c4-4da1-8f92-8885c5c50ea6;265f77f2-30ef-4a8e-99a9-b3dd9ecd56ca;Quiz 1707 - immense;26;16.27;33
76f585c2-bfc8-4e98-ba67-3c169ae51ee2;b7b809c3-b4b2-47c7-b178-b9a81b5f000e;Quiz 3629 - faire;16;75.11;0
771b42c0-4012-4964-8746-ded385176a69;58d478c9-17e0-4dd8-a62a-1b9ca09365ca;Quiz 2531 - maintenir;26;24.96;56
7729d44b-e6c6-4887-834b-bf3b10b8b510;195ea19e-b0b2-4b25-95e1-b60e0eded238;Quiz 3537 - attacher;22;48.63;356
7740a9dc-2bcf-42c7-a5ae-53aa1d89c4e5;ebe1a08f-88ad-484d-8bda-fe0bc4ab2350;Quiz 4004 - expérience;20;62.43;451
7747eab7-16b1-4c30-a455-69bf725355ac;33263c9f-a6f8-4450-a06a-679b3f6471ad;Quiz 1478 - sou;15;78.27;0
77549b7b-3851-40cc-8451-d09268fcd657;2401d69d-33b7-44f7-b7f6-c3221ea8fab4;Quiz 930 - réveiller;17;13.24;484
7757f937-cbe1-4975-801a-b923ff09c71a;8b58c930-9751-4e53-a2ce-52a3b80db36b;Quiz 3186 - centre;6;37.03;302
775c13bb-c44f-4665-bdf5-e897d96c9ca6;ddde5c2a-0e2c-4616-9603-0cb26ea17503;Quiz 2952 - intention;28;63.29;0
7795602c-dff7-463a-9454-e35591c4296d;d4f434e2-e226-4f66-9199-1654b4d680d2;Quiz 793 - entretenir;21;15.71;-2
779575a6-48fe-48e4-a51c-eb11518a98f3;bd7e7151-7e1a-48f8-9d92-7fe58998e9b3;Quiz 2147 - sens;18;67.8;74
77990e3e-bf51-4c4d-b794-1c667e2e193f;9d2c66c7-d821-492f-82d7-ef1920684079;Quiz 268 - cause;12;98.37;41
77ad7680-2c24-4ffa-b9a6-99b5cc2982d5;14c6e806-5922-4d1d-8659-a4893778e14a;Quiz 2348 - noire;24;77.66;109
77b1a308-2bd5-4495-bff4-56b1017f25ba;f9a5fdac-b201-454f-aaac-1f252ecd8b87;Quiz 1689 - par;13;69.95;72
77b5825e-5d68-4690-9d8e-5cd066100a70;fde8d136-2782-422f-8a88-324237212909;Quiz 904 - plaine;12;78.51;75
77b64c4c-e7ce-45e9-ba25-c6d795716f67;84ec9a7a-a9a6-4052-acb4-e1aee1c4da82;Quiz 2631 - cinq;6;11.39;-7
77b7a67f-bcf8-46cd-a7d8-de7bae106bf7;632969a3-3dbf-4fa4-8316-29b693ddc8bc;Quiz 1011 - obliger;17;53.2;112
77c64317-ab8f-488e-a02c-a3a5f2a32002;b2a0ad57-211f-4695-85de-d9cda7f76146;Quiz 2584 - juger;26;85.49;344
77c8bd7e-ed47-4c00-95ec-75391895737d;714442b6-d10d-4b84-8af5-33211d14f69a;Quiz 29 - auquel;5;72.06;80
77d0fca1-7064-4da9-888f-a2c524afb6ca;f78fa3e9-5a31-4ab4-8f73-fcfe5ae59899;Quiz 4924 - semblable;10;97.75;496
77e1bf98-cb28-46e3-aa83-86a01a42f107;9edbcda4-dca3-4a71-9912-52ca2d715a01;Quiz 2759 - emmener;25;10.83;13
77efc421-e7b0-4f63-a965-e3aaa1b784ff;39d28c50-e9ae-46ec-b6ce-d56a17b56730;Quiz 465 - bon;26;96.05;107
77f30b22-e27b-47f9-9233-511309df948a;8911f2d3-ed35-4a6e-b116-88b7d235aea6;Quiz 1903 - jeu;9;71.94;47
780060ae-1981-4ffd-95b1-ab91f6279795;ceb8a1c0-8439-46b6-86a5-539914217538;Quiz 4216 - quart;13;83.07;272
7801a00f-2de4-4938-8f37-5034218f6d54;fd26ee83-8be2-40b1-bc38-73e889fb1ed2;Quiz 2540 - exister;25;19.44;0
783bd2f5-dde5-4166-a2e3-72eb903de3be;d85b33fc-e04a-46dd-90d9-5c0709e00ca0;Quiz 101 - présenter;28;25.27;58
783febd4-b8a2-4a05-876c-9811f28c1097;399acfa9-beec-4f88-b49f-246a5a67b5bf;Quiz 4950 - davantage;28;47.9;261
784082a3-ebee-432c-8450-19514a239f98;58b5268f-4feb-42f0-a2bf-0dfaf56c2f13;Quiz 3959 - entre;12;99.63;108
785b7465-ac08-462b-a840-81ecef3d4dc5;f4d2c348-2fac-41be-b5cc-a683075cb39f;Quiz 1244 - cinquante;15;97.4;-10
788b2112-7380-45e4-8125-1335f87d8618;f5aec88f-b278-47cb-9344-e9a9ee2d2811;Quiz 3049 - placer;16;96.06;45
78991a8d-61ad-4121-980e-3cfcee0ee764;696ce24a-75cf-45d5-8299-70f85b36325a;Quiz 1734 - exposer;21;94.62;-9
78d52b3a-c83b-410d-b30c-23d220699338;c793a9c4-6bcb-4546-bb99-143ecb72fe43;Quiz 2564 - habitude;5;33.74;200
78dc3ae2-3686-4309-addd-230faa5d38ba;7250425d-6be7-441b-ba19-367f54ee0e77;Quiz 2033 - chute;10;20.48;257
78dc58cd-aafb-41ea-8c0c-cb84045f386f;82437a31-36f8-4a95-bd16-a3cb9e746a19;Quiz 4128 - quel;5;80.79;-3
790288ca-35b4-4551-bc51-44baf2ff19a0;8cb9e401-e752-448a-bc4c-04c537475142;Quiz 3979 - habitant;25;87.28;332
79045c68-8a30-477c-abdc-1469ee4b1fe2;80e77016-0c08-4189-bf06-402c0a457462;Quiz 4215 - baisser;29;33.49;411
79080303-c4e7-4bae-afc8-ddafb1589201;49ffab02-7a39-4c78-88b7-73807335868b;Quiz 4807 - bien;6;14.43;478
790c8b8f-a987-4b27-bf2a-ef43232abecb;ab4ef105-7b04-4aae-a588-fd1273b66231;Quiz 1021 - aussitôt;16;20.91;-6
7923368b-5163-4211-a9ba-3e58a18dd03b;10d4884f-4f26-439f-8829-c855d6dadfe5;Quiz 4188 - odeur;5;94.71;-4
792b2e19-9e96-4cd8-92f0-f5241c9aeb37;78ce264c-d1e9-4fd5-9741-689213a87981;Quiz 4382 - véritable;11;81.92;-5
792b6b1d-523c-4bbe-85c4-833a39fc081d;5c9f5107-102e-4350-8cba-697231f489c7;Quiz 2124 - sembler;14;21.28;38
7938f1e8-ae41-4a35-96be-661ff65ccbaa;bda58983-7c00-48b6-9813-a70bebc09b47;Quiz 3436 - briser;25;76.85;-7
794243c3-dffb-42f6-bbf8-22894fa3223b;eb10e230-80e8-43bb-9fcd-46cf98ef3656;Quiz 3164 - politique;8;64.83;62
79426469-1629-4f13-9ee0-a16b0e658138;400b7a2b-9388-4ebd-9888-dd2de9112451;Quiz 1641 - traverser;23;21.1;461
795359bc-5fdc-48dd-a94e-e780001dd06b;6d3fe26d-bedb-42a2-ae55-546236fe5cf7;Quiz 2265 - intérieur;13;25.63;73
796b912e-c96a-45af-bbf1-d413c1c51bae;5f550c84-ca05-4c2b-86ce-edbd8dab4b48;Quiz 3117 - histoire;7;47.92;-10
7970cf0d-a0fa-4883-a418-c905422c0eee;94f6c808-738a-4c76-b849-46e5123d38b0;Quiz 2826 - puissance;14;26.51;-1
797fcc04-c2ec-4e2d-ac6c-bf50d4acb309;3f5080e1-456a-4e25-85f5-af982e39f973;Quiz 3422 - source;8;88.99;224
79839e6d-6126-4c7a-b2d0-5e3cb311486e;f0554504-5b3a-4d8a-9397-81925165337d;Quiz 3985 - roche;16;51.27;112
79881777-e333-4e08-8826-88ae60b700b0;069377c3-29cc-46cb-8294-92d5ace79253;Quiz 2369 - résultat;14;10.91;40
799748d7-268a-4579-9252-01b222df0f03;9a50277e-4b94-4486-9f6b-f51ee515fd20;Quiz 2183 - partie;10;95.06;-7
7999d544-147a-4ac3-9a87-6071d3a5ed43;d4980dc4-458a-4265-a44f-bdfab98e2b39;Quiz 3233 - étage;22;59.32;499
79b296f5-7ec1-425a-b48f-a0aeeac6019f;f09f27ee-35f8-4117-a859-23da7d269cf4;Quiz 1783 - souvent;6;46.39;70
79c6f664-05b9-4975-89fe-96fac5938ce6;38252c39-f7cd-42c8-a9e6-5f9c5a079ca9;Quiz 4765 - santé;7;52.03;445
79d6f190-5eca-4d9d-b839-ff083ed9eb52;f4d2c348-2fac-41be-b5cc-a683075cb39f;Quiz 1749 - tenter;22;57.3;-6
79eef275-ff6b-4a86-8767-ffe74f3ac81d;3b9ac18b-804f-47cf-87c0-1062b4fce132;Quiz 2570 - jeter;6;72.1;106
79f1cb2d-4670-4efe-8ee1-82fdc189ea4b;199ca970-afa0-41f6-a97c-ccf81befb34c;Quiz 1334 - même;24;55.15;0
79fedb3d-5b95-48b9-9c95-5c6b25146cbf;d4f434e2-e226-4f66-9199-1654b4d680d2;Quiz 536 - reposer;27;37.92;-2
7a1eb3f4-5fb0-44b8-8f11-9057fadd8ead;acf10b69-4d6d-452b-9c38-1d442f1efe2f;Quiz 2061 - noir;15;15.77;-3
7a32ba46-26de-4904-8fde-c3651b97d106;93d178b2-6ec4-4903-82e7-1a65a43cdd0d;Quiz 2252 - marcher;28;67.47;227
7a3a0928-18d2-4eb7-8df2-5564ffabdd61;b767d9b2-8e5e-4c17-9616-fa7f1ed1395d;Quiz 1644 - gens;19;48.73;-3
7a426b6b-4dc6-4bf4-9af7-384aa8ca1fdd;cd021892-3fa9-4919-9098-64184ebb3fdd;Quiz 1529 - bataille;17;84.26;449
7a45ed46-49a1-426e-9325-0421979a9e74;532d9575-8ee9-4c57-b1b5-bd2553900ccc;Quiz 4705 - effet;5;35.01;-8
7a489c12-40fc-40d3-ae74-4ba69623ff13;f0a5b9e8-6c67-4898-af9c-e0bdf8db3af9;Quiz 4550 - envelopper;7;14.38;424
7a67fa53-605e-4147-b32d-a7bdb792f021;ded4fe0e-df14-45b2-a4bc-01daa1eb74c9;Quiz 3637 - retirer;27;38.45;18
7a6dcd47-e5ad-438e-8bd2-62ea6193a41c;cc171478-780c-4e8a-ac14-93688a0bea81;Quiz 4707 - guère;18;50.84;8
7a70089c-c134-40cd-b7ca-49717e29f1e2;09a8660c-c960-475e-a045-e9224a232df9;Quiz 1629 - eaux;30;82.26;344
7a7b157e-002e-4d3b-9b3e-70ad06e0edc2;2db8e03a-1fae-41d7-a805-f272b5ed8416;Quiz 2382 - sang;18;97.39;-6
7a9135dc-0c13-46c3-8b5a-9808d4d4f918;7c0a7aca-ca10-4d41-8b38-d155a68575b8;Quiz 2240 - personnage;6;16.12;-9
7a946782-aa19-4313-92c4-79fb54a87401;9d58c19d-4dae-4a26-a132-60d507c7150f;Quiz 4767 - porte;27;46.26;391
7aa938d0-b314-4204-a6dd-0c91bcc7ced0;cf7ca584-d3b5-42fa-9643-2522469c790f;Quiz 1230 - moment;7;50.98;45
7aaf90d0-5a48-4e69-a2b8-777be8116764;54f033b1-01bb-4bbb-8162-7413098b8779;Quiz 3239 - arbre;28;63.25;10
7ac2234e-8299-4e9c-9aa4-69fbe391744a;81c0adaf-0e36-460f-990b-d9aed46b530c;Quiz 4642 - sortir;16;79.27;16
7acadc16-b20e-478b-9a15-f375b5b0e0b5;0815151f-d345-4b1c-8f17-83936916ea28;Quiz 3198 - si;11;31.87;45
7ace8359-9e44-40ad-b977-61e22acd2cba;484cc9fd-ea9a-40e6-afc8-3f1b3141453f;Quiz 3698 - fête;5;77.03;-5
7ad0d7b9-a548-4256-9a6d-7a3cc4052001;e7470ba3-e077-4be6-8137-28e05d6a6d08;Quiz 1498 - étudier;15;15.6;78
7ae462ec-ccf6-44ef-b22a-cd2371e69646;abb91f4d-d5d4-4b1d-933b-efda3086fe64;Quiz 1790 - voiture;26;21.47;70
7aed3d0f-b294-43ae-a4a3-e369dc5171a5;c6ad2956-23c1-41ed-86e0-b82a0bb5f8a6;Quiz 4155 - présent;20;24.86;0
7b16c4d5-737f-4c24-b81b-271ef5334fa1;3afe5eed-2bd5-430d-a4ab-7ef62899d09d;Quiz 4787 - cesse;15;19.01;348
7b1907b0-b050-4f5a-87d6-4132e09bb477;115807a2-e3c3-49eb-8581-8699cd6b843d;Quiz 3778 - caractère;11;93.46;80
7b2be66e-faa8-4303-9f83-75165ca20cf3;1bb83558-7920-4d01-99d0-a08dcce2ac22;Quiz 3145 - note;8;52.53;-7
7b336a6b-8464-4dd7-ab2f-0601ab7a685c;a49f5624-dfd2-4a10-bc7b-583552fd5b47;Quiz 4646 - rire;7;77.3;343
7b399e32-0152-4ee6-8933-6ebd905d039b;7d263ed6-70d9-423f-b383-c81cded627bb;Quiz 3464 - prison;26;62.77;95
7b4c964f-ebe2-4f8a-92eb-1372d4b8cf04;b99280f7-b28f-4b22-b84d-e3cc6918cd49;Quiz 2043 - carte;24;94.87;-1
7b75c298-5cab-4f2b-a977-b8d69db80344;9cb2ee8d-790b-4511-94b8-d141ef1a9ceb;Quiz 1426 - porter;25;63.54;-2
7b879732-8b15-4bb0-8db8-850c6fe21591;b1c6ba7f-97a9-474a-9845-5c8656350bb6;Quiz 1137 - de;23;19.97;103
7b929d4e-14bf-43c3-9998-4cdc3c033866;cd48b3ca-e9e4-46cc-8dce-24a6589b4cde;Quiz 1462 - bande;26;24.91;89
7b9d2bcd-8317-4d04-83f7-2cdd93a14a33;3826163d-94d2-45ab-9dee-6b4292af0ce0;Quiz 1744 - élever;10;91.66;111
7bb6133a-47ee-41fb-8ec0-78167d50ddda;4ac15fc1-ee5e-4a6f-bf58-25e74b72faed;Quiz 1349 - étoile;6;81.43;-4
7bc1eb90-cc8f-4c68-999a-b3961185a3d5;b636a893-95bd-4b2c-aa1b-6e42fd79cc9d;Quiz 4311 - livrer;28;69.91;31
7bf120ed-02cb-48b3-a18d-dfd8fd30c945;0f33cec9-2def-4aee-9fc3-a0590eb0f8bf;Quiz 2888 - dire;16;57.65;212
7c08d452-da86-4625-87aa-434b49d0c428;a84bd5ed-908d-469e-ac54-faf3b0e37849;Quiz 4154 - garçon;21;70.46;471
7c1b0634-480d-4bda-894c-68cef1e80179;ffcde859-ac46-4266-8fd0-1ecb7461ee09;Quiz 3124 - visite;14;74.83;0
7c27d060-34bc-4304-bab5-d000a57ecff3;a84bd5ed-908d-469e-ac54-faf3b0e37849;Quiz 1340 - enfoncer;8;30.91;111
7c756ac2-60aa-4f69-b15f-e1ed79a3cbac;16bf5245-5fb2-41a6-9f2b-61915557a83a;Quiz 3980 - armer;15;91.08;51
7c85c8cc-b77f-46ce-873c-f794c84eea0e;a621669f-fd3b-4750-9312-8a6fad3ca553;Quiz 1756 - pareil;27;86.67;22
7cfae8c6-a17d-43e8-9e08-6df59a0be688;13b41e3b-6aa7-4ac5-ab1d-b5c92a50412d;Quiz 924 - personne;27;63.63;-9
7d05dad5-3c1e-4399-8865-d66c45b0a132;724d6d67-2c37-4621-9d8a-cd43306921c5;Quiz 4892 - journal;27;37.69;-8
7d1b4a65-2701-49f8-8ec6-241e214eedc5;b28b465c-935d-4618-a6d5-84c87e1957ae;Quiz 2945 - avant;22;45.82;109
7d28406c-2a40-4464-a53d-17f2743881c7;4b4d0fe7-f1f0-46d5-888a-d9f3d1213280;Quiz 4554 - discussion;21;39.72;485
7d28cd11-c801-42f8-93e3-b416304b9a1d;daf272bf-5eca-4a8d-8310-a63358c2e782;Quiz 3372 - pays;12;32.07;27
7d358417-67b6-4acd-8249-81ec26b653bd;96869ded-0cf1-486d-a86c-7d0f4d737cfd;Quiz 3536 - beau;9;42.28;256
7d445a70-6407-4334-966f-86ec55162da1;273a0a87-bfaf-46dd-b705-36f16409cc04;Quiz 4799 - plan;14;40.94;376
7d5188f9-3529-419b-af81-cef5e0d08699;2bf10d0e-00c4-4744-bef8-476b17a40bd0;Quiz 1965 - âgé;19;38.28;116
7d5a653d-447e-4135-b705-924412253879;f8649a3f-1a6d-4dd0-aee2-027408a74789;Quiz 3769 - debout;25;58.45;-3
7d5d7daf-a062-41b2-af38-466014f1c76c;61714cff-09c9-43e8-8ec0-9270b2d4df04;Quiz 2356 - un;26;65.09;65
7d607375-7adf-485f-b7ab-0016caf128fd;1f157d91-8ea8-4a6c-bbf6-4e235c2508a8;Quiz 3547 - précipiter;11;44.49;0
7d6c5343-f413-48ee-8b7b-00c0fa6c603c;6758cbe6-6df0-4dd9-801f-964d9a6fd7d7;Quiz 4622 - chance;14;56.72;-3
7d71a2e5-e409-402c-ab96-8997e1fe1497;d045cb2a-9bf4-4ef4-b3f5-9544d5faec60;Quiz 3040 - prière;21;83.84;309
7d83489e-e98c-406a-867b-4b235b615833;fa247409-6e07-48df-b2a7-7c7959de000d;Quiz 782 - rocher;29;18.24;336
7d8eecec-018c-46f8-a306-b70d34316d42;cd542103-39a1-4000-9add-3dd989305c96;Quiz 4896 - présent;7;98.37;113
7d90bc92-0e83-459d-8149-8f41ffb8c518;901f4b5e-7ae6-4577-a01a-9c967a6cbd58;Quiz 358 - fidèle;26;82.15;213
7da29c1e-6023-4b0d-9e4b-9794435e51f9;bf2e15f4-9680-4912-a506-baf54809ec9c;Quiz 588 - simple;18;56.5;87
7da42b98-8d22-4895-9752-ab371ee050ec;4ae7dd51-12c1-4504-9517-d1d3b42650c8;Quiz 3110 - tête;8;23.48;454
7da488f9-b024-4dba-96dc-e664c75dd879;5f550c84-ca05-4c2b-86ce-edbd8dab4b48;Quiz 4103 - glisser;9;82.32;114
7db0e05a-dd24-45df-9be1-b5e51e485b43;a66580b8-bd16-4d50-b180-dcd15bef0dd6;Quiz 4654 - conclure;23;65.51;91
7db45ae1-c1d2-4f6e-9f1b-1e1ceb1e6e31;cae12c96-c0cb-456b-b410-d65648b192bf;Quiz 4157 - apprendre;19;91.42;112
7db6b505-29cf-4554-8ff7-7b17e0b3a207;7a7254eb-e81d-40bf-9433-f581de6e23af;Quiz 957 - sorte;25;38.53;84
7dc057ab-2e1e-4803-b4e4-43102a59e2b4;7ca61a41-ff66-43b0-860c-8f17c3ca176a;Quiz 370 - éclater;30;16.51;6
7dc1afbe-c534-40a4-831b-6d83974ba53f;4bbd71df-9118-4167-bbfd-2502ea31cf13;Quiz 262 - précieux;22;78.39;6
7dd50b82-403a-48ee-be4e-4061c228740c;b8de46f5-f092-4d53-90c4-938459cf78c2;Quiz 831 - l'un;22;24.67;-2
7dd9a177-4cbe-443d-bb81-48353d70a013;5f6ef156-8d4a-428f-bed8-f0c7a3dc6287;Quiz 3973 - habitant;14;66.58;441
7ddcee8f-a74f-4a85-88b4-69d4645dd199;3470c71f-1f46-47ce-9367-f661882cc261;Quiz 4724 - chant;11;62.53;107
7df32cea-9541-443d-a6d8-716a36fc0b8b;7a148f45-8778-4750-b176-03cce707fb69;Quiz 120 - santé;12;40.94;37
7e0f378f-d47c-45ed-aafc-f34a6f1154d2;f6c4f496-d876-4445-bc25-9cf348cb332d;Quiz 4285 - goût;28;36.06;323
7e12d46b-56e2-4458-b4be-b362e3f7198e;f9277511-bf3d-435f-9102-07fb25a655a0;Quiz 1817 - secret;23;71.72;41
7e23a141-9115-4f22-b4a6-087e81632118;f12296d4-5bd8-4152-b3ed-f0f431335ad9;Quiz 4885 - cacher;26;95.68;-9
7e28297c-d559-4622-bc9d-148d395d6dfe;16d8769e-22df-410f-bce4-d3f292bf72f1;Quiz 2139 - monter;28;16.88;-1
7e2e6a87-66ae-4104-ae81-1822a3f5c187;e935e90b-c808-411e-9e6e-a7b122f7c898;Quiz 310 - attitude;12;74.3;236
7e2fc511-2210-4a84-9854-20c27d5ad3d9;09720208-b446-4469-b62b-3c5b9b35ebf1;Quiz 3446 - jambe;28;94.7;-8
7e32d750-89bf-42ed-87dc-497ff57286ba;fa247409-6e07-48df-b2a7-7c7959de000d;Quiz 926 - sens;28;44.92;394
7e372347-8509-4795-b5e0-9bfaf23f7596;eeec9135-a32f-4eb2-be42-1bfaff57eeef;Quiz 2234 - étendue;22;83.0;0
7e4309b5-1ede-4aad-8350-3e98aaa940bc;6967ed03-19e9-4463-a2ad-f0d6791fe7e9;Quiz 3756 - animal;9;27.66;47
7e580896-df43-4d34-a9e4-23aa64d3c7a7;8bdb8e12-fa54-4c9c-887c-7308cb25bc7e;Quiz 4136 - aider;17;49.56;97
7e61153e-21d2-4db1-8355-22a41c830354;93ff9ce4-5ddc-4adf-bc78-0d2fd0e3c5d0;Quiz 4855 - défendre;30;22.23;401
7e64da99-26d1-48a7-8b06-d90ac841dfd5;be8b672b-7ba6-40cd-8dd6-5cceb9636e79;Quiz 1258 - avant;11;48.55;53
7e65b9b1-e10a-42a0-93b6-af6bc4bf3f56;b64d7342-081e-4ef3-b7fe-318fcca0ff66;Quiz 1168 - bon;9;91.46;451
7e82fd30-42f1-4151-9f24-ee19264fe289;93c69d93-a115-4f2e-a6ff-dd399af9151a;Quiz 3348 - énergie;29;96.61;80
7e880342-eaf7-477a-b148-70f8f370c9f0;e6bf023a-2967-4fc2-a823-e4367e7c4d9b;Quiz 544 - connaissance;28;31.85;236
7e8a8397-3c8f-4c9c-b0ef-ecdb3e952a4e;170991cf-2f79-41f7-a0d2-b5c89c6188ef;Quiz 1119 - long;10;42.7;441
7ea239c1-8b1d-48db-a052-8d183f3eaa16;2133658c-1da1-4c6d-aa6d-10c6ba2aa88f;Quiz 4572 - saint;20;93.21;-7
7ec1f629-90c2-4799-8487-c6bb405539fc;4e01e0e6-0778-4091-841d-da6a888204a9;Quiz 709 - homme;7;28.21;401
7edac25a-3406-4291-ac49-7b74109c46ee;9c34d8db-83a7-4989-84d7-198cbed8a2db;Quiz 4156 - marche;9;38.79;-4
7efb027c-3ef7-4619-ba8b-3270cf089e01;dc5ad8d6-8b51-4ad0-8402-22c14a789f94;Quiz 4998 - fait;17;24.81;78
7f12acb9-1ad6-4acd-90cf-0365d03f59ab;94dd0b6a-40a6-4de3-bebc-3155f545a66b;Quiz 2062 - terreur;7;47.63;-3
7f1bbe20-026e-4118-a94b-cbfd94519608;b2cfc331-8003-43d7-83df-33d9312c9e15;Quiz 3615 - endroit;7;73.82;60
7f2d2ca7-e72b-4ebe-9d6d-24615048836d;07375629-b170-49e3-8f05-5f0bdd3d2156;Quiz 4540 - dernier;16;66.26;79
7f39da5b-33b9-4d51-86df-c196fd1ac143;7b34bb86-11f8-46db-8741-af0549d2537e;Quiz 1399 - foi;8;87.26;97
7f4abde3-e5e2-4583-b607-91ecb428eeba;1f121ce6-f71c-4507-83e2-aeeda85ff66a;Quiz 1882 - dos;5;45.08;4
7f51019d-dab4-4a34-843b-9d269b343547;c6496d7f-f982-4949-8cd7-81ead37ad1d8;Quiz 3362 - puis;18;74.55;254
7f5872d8-a74b-45b9-b399-7442050396ea;b96bc7f5-7aeb-4df8-a581-65f96215cc33;Quiz 1158 - vraiment;30;22.96;231
7f598795-41f8-40a4-bff7-7290c3e95ffb;b82c8cfc-4912-4bda-9950-7aaa2ad0c082;Quiz 1025 - ce;20;23.37;442
7f6c660f-ef74-4aaf-a517-4670e36ba5bc;f588ab72-1558-4c0b-9744-c159555d9020;Quiz 2747 - circonstance;14;78.0;-4
7f6e33d4-5097-4f97-8508-188cbb5d6303;e6399f1b-7840-4bd3-b0e0-244a01db1d6b;Quiz 171 - puis;21;44.44;83
7f7ded39-7c2e-4d3b-a0e0-1a03da040f44;273a0a87-bfaf-46dd-b705-36f16409cc04;Quiz 155 - cercle;16;57.86;72
7f9d9a60-bf1f-4a2f-9756-5c3ff0aa83c4;ef1389b4-cc4d-4c37-bfdb-d7b6ac178e5e;Quiz 4812 - non;9;99.61;278
7fa1b484-1cf8-443d-bf26-7e486b97ab0a;ca2f16ef-fd7e-4604-9542-d6208155bd32;Quiz 4353 - société;17;75.96;101
7fa1ff10-0b66-4a66-8ef1-eff35e25085c;b114f508-b3ad-4fbb-980d-05819ed8f4b1;Quiz 2497 - marcher;8;90.03;-2
7fcabdad-0a55-4d28-9b1c-7a04f0e630df;e1871dcc-512e-463d-813d-cc0b2dee40b9;Quiz 1997 - franc;12;89.75;323
7fd9ae2a-6626-4809-b8b8-804092c45221;838cbc03-3117-4caf-8cd2-65d48e69f410;Quiz 4604 - ordre;14;88.47;-6
7ffe9b95-08b0-42e4-b828-091e057a32c4;979a5b24-8fbd-4108-8519-ff7486adfb29;Quiz 1635 - maison;15;44.91;10
800bc84f-ab72-4231-9740-778983f61a98;4d77de80-ccee-42d1-a6fb-595fe8000f2d;Quiz 1352 - présence;14;43.76;-7
800d1d6a-baa3-491f-8643-8006237af2c9;7e64f389-b7fc-4d30-a22d-42e7e6c8f26f;Quiz 4967 - puisque;25;55.15;-9
8010cdca-a4bd-407c-9266-c89dd3e0e976;1a38392e-f4a1-4eb9-9c2f-937766ac8e7c;Quiz 3245 - particulier;30;85.16;213
801610e7-16fa-4bd3-940c-5e9855dfffaf;bf9a49cc-449f-4086-8759-a9f13656825a;Quiz 1923 - part;8;89.61;-7
801edcaf-d879-4193-9f5e-6253d879c48b;793fb694-16d0-4a43-8708-f98a904cf090;Quiz 3758 - réserver;7;38.82;424
80350194-66f4-4625-af5a-8bcf8899da46;9d182867-dadd-4dee-9ee8-789593d959fc;Quiz 4171 - goutte;27;73.81;370
803b8cf5-b8ae-45bf-9704-018f5b0b66fc;f8c58ff7-3241-40a6-b8d5-2d48d4697641;Quiz 4552 - dominer;19;91.52;35
80406ded-c556-487e-ba33-1bf3beae2b80;78d2bb3e-732f-487d-9f89-68d89882cab5;Quiz 3770 - yeux;22;37.09;-10
8048780e-b3c8-42c8-b78e-d08f8e446b0f;2737328e-4f94-4fed-9c9b-1b68e963feeb;Quiz 4349 - animer;24;67.75;85
80574909-6631-4888-850b-e5ee0aa97f8b;3a5ec799-c2e1-4c88-bf5a-9ef193d39768;Quiz 159 - travail;18;53.83;42
805b8671-7bef-4eac-9314-c5bc27ff1aba;027b6846-1786-4b5e-8ecb-8a985a736240;Quiz 1255 - rentrer;12;45.15;403
806ff75b-2d70-4098-9016-e774e67b4a4e;fb46677a-e146-4085-9189-5276734c7b14;Quiz 3939 - sept;8;20.29;367
80a01a81-eda0-4b9c-acb1-0508bcb14d1d;80a7bcdc-131a-4115-99b0-e1564571d04a;Quiz 328 - rond;18;47.52;380
80af6412-0975-4e64-be13-53ebd7a4e6eb;e777d650-bb95-4b70-8faf-6a02ce0ee295;Quiz 608 - grâce;9;98.16;93
80b0bcc0-d077-47fa-b231-b5473c1f2fb9;aebc3ee7-1db0-4213-9130-9ee6d8882513;Quiz 4472 - parfaitement;6;89.51;445
80d17d01-eb93-4117-b5ca-0f0e0ab52d29;9bb9caf9-e148-43ac-888a-550776a4ae81;Quiz 3376 - remercier;15;94.68;50
80fc88d1-f6a9-4f81-a269-0c42fa462969;4d3bb206-26b3-400d-b804-bafb1d95d952;Quiz 540 - curieux;22;85.82;-6
811ed50f-4c1a-4250-bf14-e0341745a8da;f0ab2022-8ca4-43ed-b178-1b3e3b2163e8;Quiz 458 - effacer;14;82.1;215
8137e07e-e517-4dd7-83cd-1d8c2df5d7e2;ded4fe0e-df14-45b2-a4bc-01daa1eb74c9;Quiz 87 - devoir;17;35.13;75
813d8740-1e98-484c-8fc6-23ca84fe1b64;5ebda654-2fca-4995-be5f-920e9d72d1ae;Quiz 4431 - imposer;24;30.17;385
813f94dd-9b13-4fff-a552-578338760673;b96bc7f5-7aeb-4df8-a581-65f96215cc33;Quiz 1057 - risquer;22;97.82;307
81568533-7132-46d6-9a22-b415d26861c6;c52826e3-44cc-4e27-aff3-a10238ffcb96;Quiz 413 - exister;11;48.89;-1
816adda9-cb8b-485d-a82b-dc5c6eebe329;a700db33-dec3-4b57-bfd9-2228f02dd8fa;Quiz 1332 - obéir;26;21.21;-5
816dc125-eeee-4cef-8180-db3ce3949035;9d2c66c7-d821-492f-82d7-ef1920684079;Quiz 1777 - tracer;19;50.64;103
817b7202-4777-44bd-bae7-7ad07b990296;cae4ca90-1c7c-49da-8c29-69d679c1914b;Quiz 3459 - vieux;29;61.58;309
8187174b-370c-4457-a73c-789462b6bde6;bdfb02b2-df74-41fd-bad1-9e6cb151ad34;Quiz 4609 - table;7;79.49;15
818a9b9e-12d6-461b-86f8-8908ddb902ac;9963cc7d-40a2-4867-a90a-976d902bb9e7;Quiz 3942 - fuir;18;10.42;-2
818e802e-7bbd-496e-b47c-d9ab101ec1e5;127c8b66-7e4c-49ee-b126-855d2257d9ea;Quiz 2977 - ton;30;15.27;31
818ed602-17f7-4ab0-a6cc-b45314300f78;414f0a7e-6b1f-475d-bb64-44bb99d94628;Quiz 2308 - sous;28;35.22;-6
81984730-0a8b-4034-819c-27e7fb462ac0;dea2f982-f3e5-4f4a-aae1-1557d8381973;Quiz 841 - faute;15;48.91;16
819dec25-99e0-46fb-9b65-177fb7472462;9496f242-44c6-4fee-8a0f-a84884e6f663;Quiz 2882 - emmener;9;84.31;-1
81ce3680-f40f-48fa-805c-aea48bd9e12f;bb8948b8-8aa7-42e4-907b-cb4024ed2183;Quiz 2364 - votre;17;92.46;345
81d11d34-92fd-47d0-bc4a-e90cd8dfbc80;4af786bd-123b-4c77-be39-9debad0b6e10;Quiz 4345 - foule;22;82.15;-9
81d3d687-a40a-4224-b2a8-642e69480cc1;86032cd0-d20c-4ce4-a15a-30cbc8dc711c;Quiz 1270 - trou;25;44.4;386
81d8eb31-8316-4c4a-b9f8-e0cbfefee7c9;1d0a1c81-c399-425a-9a00-1be68460d800;Quiz 1208 - me;25;32.97;454
81ddd00c-fc21-439e-80e1-1e556fb6db29;2a6c3b71-ab93-44bd-a02d-108724d4a58f;Quiz 840 - courir;24;33.44;-9
81ed9183-7930-4a48-9b3a-3b6b7d9b96be;7d263ed6-70d9-423f-b383-c81cded627bb;Quiz 2905 - saisir;22;24.99;483
81eef806-c935-42d6-94fd-41ba5d161378;f7c5ad00-24c7-47bf-a115-901ee6f0c86a;Quiz 2686 - falloir;22;93.81;11
820dadfe-5740-4463-b2c9-140ce7e9a264;b636a893-95bd-4b2c-aa1b-6e42fd79cc9d;Quiz 683 - pleurer;10;46.44;415
8221e08b-7264-40f1-8dc5-bb6d1f231c6b;08895b6f-6d05-4ff4-9090-1096313d17df;Quiz 1973 - dégager;22;83.69;-3
82260108-016b-443a-892a-b5e668e12b15;3f0777f1-fa44-415e-8520-af737711b276;Quiz 3447 - toute;20;99.24;99
822940db-6c63-404f-88cc-092011f0bfed;f0a5b9e8-6c67-4898-af9c-e0bdf8db3af9;Quiz 568 - banc;29;33.64;-9
822a171e-1831-4b78-8ffb-ca09835b333a;8f8a208e-328d-4e11-9d96-2233c591abd9;Quiz 2004 - joindre;28;13.08;-9
822be714-e264-4f17-a511-9a67695adfc5;dee83eef-2ec0-4f51-98ca-f59ae7588fd2;Quiz 2330 - fort;16;38.81;118
822ccf9d-bb5f-4ef3-8633-70852ce28a9c;5b098449-da2b-4e6c-9267-0ef662f92f08;Quiz 1079 - tellement;28;66.15;-7
82560940-bfcd-437b-bc54-a4675083e41a;a3288ef7-018a-4626-925a-edd5974ca374;Quiz 2408 - sourd;28;94.58;213
8271dae7-7b28-4876-9893-5f252a978474;0dcd2aed-1156-4070-beb0-36982438f775;Quiz 474 - agir;27;55.48;16
8278da45-1d52-4682-9478-3f6cc11b1091;7a5b044c-0711-4b9c-823d-5c15e9ad510a;Quiz 1913 - ventre;6;42.25;305
827be1f4-b75c-46a8-afcd-f148e4c926f3;b5ec9f4c-788e-4705-8ff4-64e0a66b3754;Quiz 15 - devenir;6;59.18;0
8293a882-05be-4277-99c6-856ecb062f25;9c34d8db-83a7-4989-84d7-198cbed8a2db;Quiz 2985 - système;7;93.26;472
82bb6439-2887-4b2e-b801-869b8f3905ee;d789e5d3-d215-491a-a12d-4e15bfe820f1;Quiz 1222 - principe;29;16.98;94
82bbadad-81f7-4570-be87-502f9a302032;832c0db9-986e-41f4-9174-5e2e43fff956;Quiz 4717 - si;26;60.51;398
82bcf0ac-ed06-4fd3-8afe-7349350ce61f;6bae3300-498d-453c-8b39-d4ee178533bf;Quiz 4296 - avoir;21;83.56;78
82c4ff64-912e-4c6a-bef2-72d730697619;f5aec88f-b278-47cb-9344-e9a9ee2d2811;Quiz 4198 - partout;18;39.17;85
82d2e197-d405-49c8-b892-73e64e0e7a58;4a324d93-91fb-4c2e-a874-559555b42767;Quiz 4593 - rouge;27;55.62;49
82f57e0c-88d1-4a26-baf5-a6c1d17ac4a3;c4715255-ab9f-4778-876f-f7ac26cf7cf5;Quiz 3242 - respect;18;40.52;-1
830417a7-94f7-4925-8bd1-2df936c4a934;329baff3-c130-422d-ac52-82c21336db37;Quiz 1546 - rose;12;88.18;111
830b207d-1672-4346-94c0-09408c800327;279b8044-b0ba-4e9d-bb28-e624aba11dc9;Quiz 4599 - chaleur;5;73.29;-6
83193c16-f8db-49fe-84c5-b817124b0b30;d473f415-0e96-4f46-b911-9b323354e5e6;Quiz 1019 - venir;18;81.43;424
8320ab43-514f-4974-bc79-3117bd017424;51a3a4bb-602f-409a-a3d6-9215260c0554;Quiz 2299 - consentir;20;96.57;-8
8320efc5-ba03-46bd-8dcc-269b92b26981;fa6bb27c-2478-42af-8973-b0495cd8c8fb;Quiz 3916 - vendre;29;89.41;55
832a66b2-99fd-4a7a-8790-4dfa097d8ac4;ac1df6c7-981f-48bd-8f41-a208423c30e5;Quiz 2291 - énergie;13;45.29;82
832ecbbf-8255-42f1-88d7-547e535001d5;e9224618-4145-4704-8867-9a62dd46df4f;Quiz 3523 - naturellement;25;24.35;90
833fd247-0d8c-44aa-b7c8-40f8b07ad2e0;dee83eef-2ec0-4f51-98ca-f59ae7588fd2;Quiz 119 - drame;6;48.9;-8
834a4456-4d96-4c06-a952-4c4b09fde1f2;49bf5926-3984-4349-b3d7-930ad78a85e4;Quiz 3812 - conclure;6;68.04;353
83673802-5c9c-4591-93fc-0c0a5d9c5489;1a38392e-f4a1-4eb9-9c2f-937766ac8e7c;Quiz 182 - révéler;29;44.68;60
8369460a-82ba-41a8-9b37-d119f79cc59e;8c379eef-ac1f-4246-a28f-3bc03f4e3a42;Quiz 579 - angoisse;24;81.74;0
8369581b-70e7-4024-a8f1-4687ecb5df37;f9d6d5f0-3131-4bd6-b5f4-66a4ad5879b2;Quiz 623 - fonder;8;17.18;-3
8370624f-1720-47bb-a5b9-4af00a698f6a;a106c2f0-848c-4da5-b92c-e6959b68d8ef;Quiz 4526 - haine;17;99.96;0
8373ad15-d5a3-4843-8bf1-7f29a184b0da;21f3721a-e524-492a-8b1a-fa677a5498a1;Quiz 1439 - peau;30;37.07;-4
83774cf5-09f7-4b2b-b4b2-1ef6499c3b58;088d4cbc-b051-49a1-aba1-738fbed14b3c;Quiz 1579 - lune;26;52.87;-3
8378d08b-eef0-4fb3-8c53-7ec0b3df153d;d88b6bba-d978-4424-afca-848686089c37;Quiz 4576 - verre;12;74.53;-8
837ccad2-12fe-479a-a6d0-eae31f6623dc;64663101-2735-41d8-b7b5-3e042b358e83;Quiz 127 - offrir;7;91.25;24
83847013-129c-4312-87d5-a676ae1e7403;f3280f9f-2293-4e7e-87a1-2d6769c791e0;Quiz 3776 - égal;6;28.37;-3
838862fa-a673-4b0d-b790-341f8fc8a142;a711e369-ac25-49f6-b122-b2b080593670;Quiz 4333 - principe;20;23.08;299
839a6942-ede4-478c-bc65-a7407ed5af4c;b32529cf-04b8-4f7e-816b-1205aed3e779;Quiz 1798 - souffler;16;72.6;-8
83afb459-a119-469e-a97e-d0fb0b3fa88c;04c13db5-155d-4d30-9121-60dddcafbc1d;Quiz 44 - emporter;17;50.16;10
83f9d12a-5855-47f9-950f-d420198a746a;c0f06e2c-9776-45f5-aed1-5c38476a7cd8;Quiz 3079 - beaucoup;29;33.37;51
840232e6-60d5-4f0f-a5e1-5bab6e18a74d;0c5272f3-e303-4846-8065-53bdf736aeab;Quiz 3835 - plus;26;74.89;19
8408f52a-6899-44bd-a424-86919b44475b;63d636f4-f71a-4622-b0af-e42f66a8a207;Quiz 2647 - ruine;13;12.52;-8
840ebc47-f58a-45b5-9b27-bee46efe7f07;cfa1ee6f-b871-4f43-9b4f-ee6cde0e431e;Quiz 176 - mensonge;13;92.87;-6
844e2a88-bca1-446c-a286-5632acef212e;79a6d1f7-c1e5-400b-a007-7bcf83fee907;Quiz 4857 - course;11;25.44;417
84722cc3-094b-49cc-9658-0607a9157493;1336e193-f778-4296-b3e8-a0d253427c52;Quiz 991 - fleur;15;91.38;225
847ee390-a393-4527-8c60-814219f5e0de;7dcc2c5a-a068-40dd-af3d-321ef4da942b;Quiz 2895 - chaise;7;10.03;-5
8484e833-432c-4497-ada9-93855f65e2f6;a49f5624-dfd2-4a10-bc7b-583552fd5b47;Quiz 556 - recherche;15;27.35;-10
8487c1df-c3a1-4647-8bb6-1deaae16323a;322efaf7-76df-4550-b16b-c34233a22f74;Quiz 1669 - vivant;10;85.45;-2
849154a5-474b-4b53-a92a-af4ca0d6e403;c7016346-4dde-493a-95a1-fae636ce142d;Quiz 714 - triste;6;98.45;41
84964b8e-1676-4aa6-b935-6d279ba5e0d8;2f59dffd-3adc-44b2-b034-52654e459868;Quiz 2290 - représenter;5;22.25;42
84b3a632-72e9-4144-979a-edd64657b516;b62696a7-10bb-4b48-a10b-faafdf7b3456;Quiz 3156 - simplement;10;32.12;-8
84b3d1a1-dabc-4171-a220-3db38cb1e84b;f3280f9f-2293-4e7e-87a1-2d6769c791e0;Quiz 2520 - transformer;26;81.77;-5
84ba9097-69cf-4308-b4fe-79df1f8457d6;e7470ba3-e077-4be6-8137-28e05d6a6d08;Quiz 2763 - liberté;5;27.08;2
84c480c5-f30c-4aee-9be8-22b3daab5908;6b26b666-d40f-48b4-9673-f2ad6d4d2058;Quiz 2514 - placer;30;68.19;-7
84e6958c-aac6-46d5-9f58-540d4c110b99;9d182867-dadd-4dee-9ee8-789593d959fc;Quiz 4041 - sang;20;23.64;-1
84ef17d9-359c-4d10-9328-bb09464597ba;9f98994f-0406-4d06-8863-5944e65231fc;Quiz 1125 - en;13;96.45;354
8504fb4e-c59d-43b4-9c6e-a62c5d66448c;46428790-6cc8-46d2-a85c-330c844eb351;Quiz 258 - lourd;24;97.94;-9
850ae208-4aeb-4cfe-a8f0-080c121e40c6;bb05f2c2-b51c-4896-ada5-68060daf9c12;Quiz 1154 - hésiter;24;26.35;383
850cb019-c8ba-4b71-8a8b-718ac8121693;e63ec7d7-2796-4def-92de-99ac982bcfe4;Quiz 3028 - cabinet;30;15.96;24
85156f07-b0fa-4bad-8a1d-040bb391619a;bfbe114a-fe6f-4c80-a171-3a2d8c687b94;Quiz 2396 - horizon;16;32.88;80
8516a3aa-7013-4269-be77-68df49e87b1f;b937975f-a8ab-4c3b-b93f-30ae023c9ae0;Quiz 151 - le;8;95.76;120
8516ef55-2e44-4b67-9a72-6c3637546aa0;b4077811-d4c5-4d24-aeb0-4026d9a4048e;Quiz 1914 - gros;13;37.86;436
852e5ec2-be85-433a-b826-3038b68bb199;ce17389f-51e9-4197-bfa2-a9391787074c;Quiz 2752 - même;25;37.66;-5
853934fc-41c2-4aa3-9e9a-b674e6ba14e9;f22ea8d2-069b-43d2-9ad1-6660fc571260;Quiz 133 - naturellement;18;32.69;461
857a91cc-5163-48a3-be7d-4df0fa899208;c47bbc0d-16e9-4cb0-a85f-8ac1eebe0678;Quiz 1846 - ligne;14;86.6;299
859f4799-1413-449b-977c-79c27251bfad;470b8bf1-8ef1-4720-84ba-ce92e67e94b0;Quiz 3642 - or;17;46.71;476
85ad3608-0e43-4b70-8e30-64cb3a23fd17;d5c666fc-361a-476e-a809-4436ddc2af51;Quiz 3091 - témoin;10;59.32;69
85bc5e57-c9fa-4655-b576-06bb65c89d75;f10bd6fa-6bee-4c27-ba55-05701d58aba6;Quiz 1113 - connaissance;12;98.75;55
85d7b717-937e-4b56-b96f-e6f7e03ef86e;087ed8b9-d270-4e19-951c-269a29f30533;Quiz 1583 - entretenir;23;16.46;0
85d9095c-b570-4cea-87ca-e5a899ae239d;56210b32-0f64-46a5-a980-8e4bfb9c036f;Quiz 2699 - chez;16;30.19;-5
85e899e1-67b5-4c30-90b1-9fc04cc95280;a0088abd-1485-4134-bbc0-2e33a7720331;Quiz 859 - fixe;19;83.5;19
85e90621-c5de-4541-b92c-50d00635009c;7431e19e-5c81-41d4-95e0-f5ac62745993;Quiz 1304 - muet;19;64.27;-7
85fd6930-a9f5-47e4-829e-f8e0fab81e73;3de0ab81-b712-4ca2-a037-75d95930e73b;Quiz 882 - voisin;19;58.86;-9
860776d8-1167-4a9d-8a1d-20c38aea991a;1f1fcfc3-f5ed-4175-8dcc-492e3a46f60a;Quiz 241 - faire;9;15.76;352
8608be38-d073-4222-96df-e19383791f57;0b14d9b3-5790-4769-9370-f0c20f0f7247;Quiz 4245 - leur;10;98.43;251
8611a0cd-2047-42f3-9e49-be7ac971d84b;edf14b64-dd0b-4cf7-8680-23119ec7841f;Quiz 3683 - changement;20;44.91;-2
861376d9-a385-4e9b-87f3-bb0ef6812a93;50919877-f28c-443b-bc8b-5cd23550ad71;Quiz 3842 - choisir;15;64.38;476
861a60f2-9149-44be-abf7-636e3d2c1ebe;b800445b-dd68-4475-b972-55af6b94d73a;Quiz 854 - certain;30;15.68;120
8628be62-ac59-4968-8579-bf71e1de3c57;4cee42b1-36ea-404f-9d9d-b69772aab61c;Quiz 1095 - meilleur;25;82.68;70
862c8f73-1191-4924-842a-5c9b221aa057;4b4d0fe7-f1f0-46d5-888a-d9f3d1213280;Quiz 4211 - proposer;23;66.44;94
862d1e4a-4ff7-4196-9ad4-30c5a2e845d3;b60840a6-66a3-4d9f-a9ad-9366e42bcafd;Quiz 3952 - en;17;50.19;93
863527a4-b4ed-416d-a7aa-8869d063688e;6fb7b841-06fb-41ba-8579-6c8acd0d9859;Quiz 4011 - raison;21;58.91;-7
863ff9fe-bf2c-4b4b-90ac-30d4b4b34f0e;069377c3-29cc-46cb-8294-92d5ace79253;Quiz 3053 - cesse;14;75.02;-5
86532470-3757-4735-9fb6-8948925edd7c;23fc4e9b-2486-4d06-953d-55c3bbc45bfa;Quiz 2101 - robe;27;18.18;118
865ad1cb-4a14-4ae0-9fc3-883e21986410;b3ab2231-33af-4426-80b8-ca0111783ce7;Quiz 3378 - éviter;6;47.58;417
866a1836-89ad-49ce-a49b-831fe1686722;7f6968be-37c1-4a19-8421-6c0fc357361d;Quiz 4828 - exprimer;9;71.1;16
867cba2c-d8d9-4fbf-bf07-88f012f7cc40;95382c0c-7822-489b-bcf3-98bef56e8e89;Quiz 1494 - dernier;7;22.15;36
868058a3-54a2-4a02-b2d7-219dc7a1c95d;3a5ec799-c2e1-4c88-bf5a-9ef193d39768;Quiz 3591 - confier;27;51.9;451
86939349-8bdd-46e7-b49a-5ffde41fc4f3;c46bbabe-72b4-4a42-a42d-b99c675ddb65;Quiz 932 - chaque;14;21.28;-10
869cfe41-48c3-478e-805c-f8c060bf36d5;163843e4-5240-447d-af66-3e22b66ea409;Quiz 3450 - entrer;8;37.83;432
86aafb47-34f2-40dc-8263-c958a8322924;c3631782-204f-4b43-8028-bf0d7184de69;Quiz 2489 - madame;6;21.17;384
86ba86b8-b2a5-4fbb-8e19-9460b45fdb6d;d6791ba1-210d-4cb1-a79d-c3b54e939fda;Quiz 2215 - avoir;15;57.07;-9
86c5e4a6-88de-4bbd-bc54-c81dc11e7193;be0fa0ae-0300-4596-b16f-fe7e694fd8a0;Quiz 2757 - ministre;18;11.74;0
86da6fb5-b096-4092-a3ba-23f4ecc2b910;9a952d45-5149-404d-be40-c9c38f18790f;Quiz 3204 - corde;28;98.2;-6
86dcf121-c14a-4371-8cd7-daacc1708e0d;20e44f60-f14d-4a4a-9939-3a24ce9ed020;Quiz 4956 - fatiguer;17;75.06;490
86e4f326-c32d-4524-bdbb-a35167a7e557;152b5e7d-1299-4296-99e6-9dca408d0d32;Quiz 197 - maître;26;22.44;312
86eeab08-36ad-4924-a957-e675a9beccfc;3f9d1172-475b-4aa9-a1fb-cc55777b277e;Quiz 4444 - son;29;66.74;-10
86f5699c-a952-47fe-97ad-8aa1deeb708d;91573393-0544-460e-ac8a-056818cccd3e;Quiz 1877 - camarade;25;44.01;290
86fb8455-aac0-40fc-929b-58f89a5d6a01;9042fea6-c95d-46c2-9ec8-4b5a57ceb30b;Quiz 1943 - manier;21;78.65;-4
8719bcab-4bb2-4228-9e73-cea8f1016b7f;9fe653b9-b4a1-4f97-ac12-ae3833a57202;Quiz 3067 - saluer;6;66.43;104
87251e70-5916-4a15-8ef0-1ed414b115d0;db968aed-bc1d-4b33-a0d4-126b2446bcc2;Quiz 3780 - vêtement;30;52.19;86
87348d65-5e33-4b27-b0aa-bad725df66ba;b62696a7-10bb-4b48-a10b-faafdf7b3456;Quiz 2334 - fait;5;69.66;100
875d23bf-1ff8-41c0-b94c-b9530ebb3090;9a6a32ff-039b-4af3-9eb4-6e392101591c;Quiz 2560 - rapporter;26;19.52;108
876256f7-d762-4da4-afd4-3ff143c3bcc1;b94bedac-a795-4a7b-af6b-20b67e9ea3fe;Quiz 565 - violent;24;29.96;-1
87b2b8c9-318e-47f3-a6b7-9154ec041bd2;79a6d1f7-c1e5-400b-a007-7bcf83fee907;Quiz 4306 - achever;30;81.87;82
87c015cb-c4e2-4408-a992-f7e7ab62539e;c84f67a1-f82e-4c11-bd5f-b31e07e0ab0b;Quiz 3686 - frapper;12;20.28;476
87de8752-d7ea-4117-b68a-866063cf9524;2a8b11f3-152f-48eb-bb5a-122022cf056e;Quiz 3829 - apparaître;6;47.64;51
88012b82-b9d2-4c54-bdb8-887e53c17e15;9cb2ee8d-790b-4511-94b8-d141ef1a9ceb;Quiz 4926 - celui;25;61.8;484
880d45b9-ebe7-4170-9cb0-fa0f9814a8fd;6258ae84-09a7-4372-b6f0-64e7372b1f3e;Quiz 2116 - âme;23;56.64;476
881a1699-de58-4243-bab5-bf5e08c10654;606c593e-fd1c-472e-bbb6-052e1e0b5bb9;Quiz 4018 - nécessaire;8;83.42;11
882efc90-eaab-4903-b212-251d4ea0971c;3f0777f1-fa44-415e-8520-af737711b276;Quiz 4610 - voyager;24;22.54;-2
8830dff4-ee09-41dc-a4e2-43c5d44e0c42;195ea19e-b0b2-4b25-95e1-b60e0eded238;Quiz 2254 - mien;17;37.51;500
88371ce4-6be7-41db-882c-43664c3428aa;b20f69c6-c7aa-42a7-b9ac-97022fd0355b;Quiz 1144 - roman;17;58.44;71
88406d6f-6f7a-49f4-b489-cd3d5960d5a2;b7b809c3-b4b2-47c7-b178-b9a81b5f000e;Quiz 1774 - ici;24;36.57;-3
884327dc-ec03-4a26-ad64-03199278ea09;e777d650-bb95-4b70-8faf-6a02ce0ee295;Quiz 2573 - terrain;30;84.82;223
8845813b-6108-414b-97ba-5b2bfe37ba08;f605676b-3a21-4209-af40-e6004e79abdd;Quiz 3894 - hors;21;73.1;251
88472d01-d4ad-49c8-b3a6-43944656c943;141cbdd0-bd54-4e0e-bf43-5ed6c8d50dd5;Quiz 1487 - malade;23;57.85;0
88569fea-6500-4a87-b737-e1c781460a99;75eae90a-e341-4d39-80d1-bdafdfa74af8;Quiz 3871 - avec;20;14.23;328
8857a0bb-d452-4f78-a91d-a52a64f2b951;f65e8567-c75c-4673-8756-deb48a2a0b94;Quiz 490 - suivant;15;22.25;288
885d8bb6-f725-4f23-9525-a9d18bc52fb5;aa39b208-4b62-4bf3-a064-1143274ecf51;Quiz 470 - prière;29;26.09;26
88692416-2bb5-4d27-aa84-92cbbed12c43;252037cc-75af-4203-a27f-c6d9c0f93d0f;Quiz 964 - véritable;13;74.58;105
8873c25c-6d88-49e5-8ef3-9689d858e069;bcc02c02-9fda-430b-b554-1692a990bafd;Quiz 688 - fille;19;55.09;-5
88846868-8e33-4b5f-8a3a-259f4797defe;56589c70-3f06-45b8-8e38-484a3aba7830;Quiz 2939 - menacer;14;97.67;26
88850bee-ba7a-4753-ad69-67f6b809fefa;5cd77065-0ad0-4de4-9f89-96971d6a1b4c;Quiz 4209 - ci;26;64.19;312
88851dd0-f74e-4eda-aa4d-7fc069a56c21;94121ae2-79f4-477b-afdd-4b12f95c9ee0;Quiz 3153 - poésie;12;97.82;93
889cf463-8daf-4a75-9d69-c8073ae431d3;7a4f366a-bbb1-4ce2-8e43-8ee8960d1984;Quiz 2456 - égal;11;74.22;321
88ae61c2-34a0-431a-9c74-0346dac0acc6;1c3f2d83-ac5a-449c-818f-f19cf0c58eb0;Quiz 3586 - peser;11;22.98;-9
88bc23df-5b16-4758-a1c6-90b8da92d06a;65a0d3ab-c198-4b77-9a7e-821cb8504036;Quiz 4443 - champ;16;80.93;87
88d9f5d0-c4c2-44ac-9528-0b62527aba15;069377c3-29cc-46cb-8294-92d5ace79253;Quiz 1748 - signe;7;99.94;290
88dbd153-7652-4624-8ca1-fd24353a26b7;a379225b-27dc-4023-b2bb-0b59bb64c820;Quiz 2271 - trait;16;12.97;87
88ea0565-2d11-4f0e-a4cb-dee56c822ae8;37143099-35ef-41bc-bb99-a1c42db0337a;Quiz 4172 - éteindre;30;47.61;-7
89085845-73b6-49aa-b9d4-28b675c9044e;46e7766a-74d6-4529-ad6e-41864ca32cbd;Quiz 1736 - âgé;28;75.67;44
891dec18-cb4b-48a5-a007-1cc6b8b82cc6;d39171bf-28c1-4879-8de3-3ed7d8278583;Quiz 3012 - hiver;5;99.42;-10
891f55ff-bce0-4542-ada3-dd28ee1256e0;ce13353d-e619-44e5-80dd-60c1652f525a;Quiz 4114 - rouge;27;79.82;367
89278db5-e164-4a74-9034-4ef33aecffe2;2f961e8a-7386-4c38-b0d9-e41defc69688;Quiz 190 - ville;19;89.33;-10
892c40e7-4b4d-4e3f-beea-0d76a826a153;c27d65f1-0aba-4848-9c0e-b9118c4fc540;Quiz 3932 - ombre;15;77.84;105
893137ec-b97f-4c65-a0af-dd016572a17c;c52826e3-44cc-4e27-aff3-a10238ffcb96;Quiz 936 - voisin;9;67.95;97
895043ed-7c7f-4267-9088-95d88a208219;0d5e37f7-c287-4584-bd2c-cb8b3b89fb62;Quiz 895 - décider;29;26.33;47
895d931f-0fe5-43ba-b63c-c9b355cadebc;db63f4ca-2c55-43cb-a20c-be462fe7fe41;Quiz 2993 - endormir;28;70.95;-10
895dec28-de6b-494e-8856-4ba054f93858;1224701f-91a9-4b6c-a5c0-814d02bbbbbf;Quiz 2961 - bande;20;34.85;26
8961ae77-c171-483a-90fb-f33314e040ce;5ed457be-8607-42f1-a9c4-3ec9dcc7a09a;Quiz 3235 - réveiller;26;75.39;-5
89809734-4272-4fff-a55c-47c6f5b70bf5;648cfa6a-00de-4bd2-a73d-913b0ef297db;Quiz 2185 - préférer;22;96.9;294
89828f35-e696-4cc0-8e3b-fe811b7d29df;cbf99d73-1a64-4c22-817f-43e8e60254e0;Quiz 984 - briser;7;18.28;327
8984244b-5543-4f82-93ce-3ffff6f9e718;6a8f65a4-66ec-4077-a5e0-be62b6d4b847;Quiz 3074 - propos;6;96.96;61
8986c067-db31-4301-9bf6-0e095376b08a;b40812e0-2ae4-444b-96ac-3b0624ae93a6;Quiz 883 - danger;6;75.94;0
89a58ab1-751c-4fc3-8cdd-e8293ada522d;c29d2b00-f46c-431b-9199-1523baaaef84;Quiz 4388 - être;18;71.59;286
89bf0d29-a232-45ab-95e3-47e40b0f37ce;7250425d-6be7-441b-ba19-367f54ee0e77;Quiz 4222 - avis;15;57.12;-6
89ded52b-a361-4a93-bc51-4af309950f84;c6496d7f-f982-4949-8cd7-81ead37ad1d8;Quiz 1740 - distance;14;59.13;405
89ebe8e6-413f-46f4-865a-96adc71b4f46;5b3af18c-1a50-4d86-a3a4-55f20946b66a;Quiz 580 - drame;6;74.42;-7
89ffb292-7369-4473-accf-073e73774fc3;eb10e230-80e8-43bb-9fcd-46cf98ef3656;Quiz 2214 - effet;18;19.65;302
8a0711d5-1be6-4064-80a7-59d643ca2452;dc5ad8d6-8b51-4ad0-8402-22c14a789f94;Quiz 2388 - article;5;45.55;115
8a0e3a6d-3440-400b-8ae6-5e5e07e29462;91671af3-6581-47d0-ab1f-750cc2df04f5;Quiz 706 - mener;24;80.39;461
8a1c8932-1704-42a2-b8d9-b9eb2e97b717;0f224570-a61e-46a2-af3d-afb8c0fbc873;Quiz 3325 - heure;27;68.48;368
8a1d82ab-9bc5-46f2-8972-b916806d0b91;601aa86e-5685-4c27-8103-40219d73b01c;Quiz 1299 - étoile;27;76.12;45
8a21498f-12f5-491e-a7a9-5bd9b29ea229;8e50df89-8f31-4aef-a82e-5146c00ca3cc;Quiz 2927 - mouvement;5;95.06;-6
8a22488d-a51e-49d4-9900-b7f14cc9cb82;9bf1241a-e7e4-4c72-9dd8-2a9402e6789e;Quiz 1821 - roche;6;29.22;48
8a22e882-ef5d-4fd5-8984-d21ac59ecfd9;4e9d747e-af87-48e3-987b-68ccd5e5c420;Quiz 2872 - autour;17;90.4;298
8a469871-8212-4a98-94f5-1576d8ece0f2;385a5e7d-639f-4ef3-a24f-5f5edf6d2791;Quiz 435 - seconde;6;57.05;-2
8a488d5a-afb6-4d01-8b6e-8f5ac1854a1d;3e877391-515f-4597-85ec-8bb8afa5a78e;Quiz 3777 - cacher;15;60.83;-9
8a62d410-6782-4fea-b903-2bcc67abf18e;a718a85a-85d9-491f-86ae-428166feee51;Quiz 4565 - songer;15;75.47;212
8a6c525d-57da-422b-9d77-abfce87ec2b1;e98c0058-1649-4aaf-91b3-4837f08aa977;Quiz 4946 - commencement;26;41.86;473
8aa0216b-ea8c-4395-ac9d-f0c0e199fa4c;7787395d-32f7-4e4d-9f73-d65f9a58e640;Quiz 1919 - pluie;20;32.71;-6
8aa09eb2-1e1e-4f81-b679-cbca7c1f4c31;c84bf92c-f97f-478e-8c5d-33003f9712af;Quiz 1827 - foule;16;29.9;0
8ab8c2dd-5c22-4179-b410-1bfb3c1bfcea;ca615aeb-4dbf-42e8-8a70-ca24548d8555;Quiz 4553 - attention;17;82.56;366
8abfc33b-c033-4d89-8556-9b599345c683;45679460-3785-4ed8-a5b6-414817dac1d8;Quiz 1344 - nouveau;26;88.69;270
8ac811cb-0d1b-4b88-9348-9a47cac709d0;15f173e3-b060-48fb-abba-e91364793f9f;Quiz 3402 - courant;20;94.96;20
8ae9c612-6d19-4496-b4e3-3a17be278b91;4d3beab0-dfc6-4530-9509-76f12ca510bd;Quiz 439 - police;13;20.3;-6
8afc44b7-7478-45d6-ae7c-1957d7b70956;84a463c5-f96e-4fbb-8155-72221da801a8;Quiz 1823 - rideau;12;80.09;457
8b002714-eef5-4857-a672-8675a9f9fa18;3a56e5c4-41e5-41cd-82c8-e99858c54c6d;Quiz 3984 - autour;15;93.68;79
8b0125de-e4a0-4727-b4f9-b58dfe374a49;3c19d9ea-43a5-4877-b126-b52f466712d5;Quiz 3103 - souffrir;18;28.75;391
8b09e009-a5c5-40a0-bc24-a575328d1c12;161a910b-122d-4e45-8aff-5405e4fca82f;Quiz 1532 - remplacer;8;74.91;49
8b0e96c3-9efe-45fb-aeba-f7b7541c3b25;ae6213dc-5c93-4843-907f-eaa7e15f3014;Quiz 3474 - prouver;23;76.62;-3
8b28d472-4809-46b9-94d4-693a323d0bd4;b28b465c-935d-4618-a6d5-84c87e1957ae;Quiz 2946 - choix;10;79.4;-5
8b5cfe15-3d1b-4108-a623-418eec5907b0;eea8c297-5aca-429a-abf1-df290cfbed12;Quiz 2288 - veiller;27;35.56;-4
8b69fd7a-8a5a-4f43-9bd2-41bcce15e914;6fdaf4cf-e670-415e-b861-b7410a93f9c1;Quiz 850 - étudier;14;75.57;-3
8b70d72a-6976-4a7a-9861-7d0ba6f07041;1737d911-fce9-4d81-a428-a23c56369822;Quiz 3022 - faim;14;92.43;42
8b750280-8dd3-4d94-b785-ffe305db2e50;b5fa7ad9-072a-4675-be56-6b4dc78b99bd;Quiz 1114 - premier;28;64.09;222
8b87a8fb-9ee5-4089-bae0-b1852d7a10fa;77ed8d5e-0041-4be7-8787-ff415cf4d5f5;Quiz 3268 - retour;17;27.89;32
8b88f049-a5ed-4da6-952f-7de7e8aa0779;c989d738-2d3e-4771-8543-c1341d932435;Quiz 3549 - vouloir;16;16.37;78
8b89097c-ad54-4c4c-a42d-4c7092f8f076;a43f1335-ffb9-4bdb-9e25-5b7e7d71af25;Quiz 3527 - lutte;21;78.97;76
8b997e30-7c6f-46f3-9834-7fbd8612b86f;329baff3-c130-422d-ac52-82c21336db37;Quiz 2009 - mourir;11;87.85;294
8ba2d0f1-f1b3-4f84-b359-2ade5176310f;f0750aaa-e576-4394-8c8a-051d9a31fa2e;Quiz 487 - conversation;6;17.02;-7
8ba77bcd-048c-4494-b890-b26225d970bf;b5ec9f4c-788e-4705-8ff4-64e0a66b3754;Quiz 166 - prison;27;90.32;351
8bacc8e2-dffb-409d-a723-fc3df6da808e;9e7fb67b-1725-4927-aa54-909e58d3a2b3;Quiz 2130 - charger;9;50.01;490
8bcd9fae-8c9a-4791-9ad3-686fa4d6754c;972f1c59-ec9c-42c5-862b-a1d78fbc7737;Quiz 339 - commun;30;67.6;105
8becfaad-d7d4-4ada-83f5-3fe817b7c2da;14c6e806-5922-4d1d-8659-a4893778e14a;Quiz 1652 - solitude;9;13.89;-7
8c0cb816-afc4-4da0-8cc0-be38d2eb0cf1;2737328e-4f94-4fed-9c9b-1b68e963feeb;Quiz 3650 - sueur;14;97.43;478
8c1f4ffe-0817-468b-b41d-2ca13cec13a5;63fd0db7-44fb-4004-82e1-a554030ee311;Quiz 4719 - événement;7;74.49;46
8c25fd3e-8567-467b-957e-17f3dca4f2ef;937f2edf-3a3d-4250-8add-4c7825cfb7b6;Quiz 415 - dans;5;36.25;111
8c2ced55-83bd-4f25-ad64-883cfd640366;9aaad18e-5d1f-4571-8177-71a79e451c61;Quiz 3190 - essuyer;5;59.4;-9
8c420cae-d082-4044-8b2d-7549e848aea8;92d9750d-90cd-4bbd-b323-43b5adb1bbe8;Quiz 479 - vouloir;6;41.51;106
8c48e275-d247-4ce8-b43f-7ff97d7b4fce;fd2631fb-f30b-41c0-9165-13e2d1aeaa4e;Quiz 449 - bras;11;44.6;413
8c692363-8108-4133-a49c-62ed641bdc2d;0b0d3678-1c43-4bcc-89b3-6e4ae880383e;Quiz 1750 - remercier;5;72.81;209
8c6bf8b8-227a-43fa-b0e8-1710a28b8736;a5e14f7e-4f05-4497-a046-75bd5c0f9646;Quiz 1942 - danger;25;95.84;-3
8c78ddb3-2779-4cfb-b984-ba18bd6374fc;c23b316c-959b-4520-b4c1-868a0b7be6c0;Quiz 429 - offrir;13;49.69;426
8c79729c-12ee-482c-8433-63a317526cf5;b6e10b74-ad22-4cfb-a488-5ce718e54b7b;Quiz 923 - un;9;18.16;-10
8c8405da-c6fd-41a7-8859-3cf24ad19738;60c9d4d9-7ad1-493f-89a7-5588068f3558;Quiz 1870 - demi;23;29.21;281
8c97fa7a-6f5b-4570-903f-f5775372e6fd;4aaef702-7647-495c-8bad-0d0f86966fca;Quiz 1453 - dans;19;35.69;3
8cafa4b4-318c-42c2-a74f-4d21750367ed;cfb1025f-c156-4a66-8b86-90ba89192d01;Quiz 4587 - particulier;7;33.42;267
8cbfd27d-c456-4de9-9429-31ec5d55f274;5cad878f-57eb-4c9b-841f-ffa39258953c;Quiz 3399 - dangereux;11;26.94;6
8cc430c5-2bc7-4383-b866-9a9387c1b27d;dfbb7843-8f8b-42a7-a498-1fb99cf68bfc;Quiz 2761 - bruit;20;21.19;12
8cca702c-5ba3-4292-8141-c50951d51d2a;c67d4920-289e-4342-87d7-53df6744c035;Quiz 645 - bon;30;28.96;25
8ccc2af6-274c-4545-9147-50daff353a00;38b71577-b53e-498b-8711-f35f6d41b3f1;Quiz 4315 - vouloir;23;92.65;-9
8cde5724-1a52-44b6-871d-4182dd11674c;7a5b044c-0711-4b9c-823d-5c15e9ad510a;Quiz 809 - endormir;26;81.56;-8
8cf0b971-7a22-4cde-aef5-62ffd503f52b;5044931b-6fed-458c-b6d8-f650623b5ddc;Quiz 1441 - empêcher;6;76.04;-3
8d0014ce-2322-4c81-8718-1c4e57676d0f;11afd316-84cd-4db9-bae5-53518d0e5609;Quiz 2260 - seul;23;91.79;15
8d025927-9f87-4ef4-9998-f77bf3a9328a;84218caf-bc36-4b2b-9b15-76d4381adbaf;Quiz 3267 - auprès;29;42.92;-2
8d103a59-a5d1-43df-abc1-22612457e2da;ef3ea579-2400-40e6-a3c2-f81f68633670;Quiz 447 - drame;21;72.1;287
8d184a75-e4b7-4641-bf22-8b4a006dbf80;fbb0ee46-a7e1-42f9-a626-cc4de5e9899f;Quiz 2485 - droite;13;64.65;-5
8d1875f0-7831-47d4-b5f4-fa33b9bccd0e;ed4eb220-4da2-426d-95f1-2a697a241714;Quiz 508 - oublier;23;54.58;345
8d1f40c4-ca9c-495f-b416-aa3f333923f0;ccfb580d-ae40-46b2-94d5-be81a499fdfb;Quiz 4581 - craindre;12;56.43;44
8d276d3d-ec66-40bb-ac33-535e9dc42bc8;15d67cf5-7a4c-417c-b7d9-a6bdd35966e2;Quiz 1770 - attitude;20;10.73;116
8d27ac2c-e5c1-445c-b8f0-a17e21c9673b;7a6a34c4-dc5c-4bce-8811-8fe5f28be79c;Quiz 3340 - couleur;30;44.19;483
8d2e66c4-cdf2-4d7e-821e-c3e15ecb4b67;a1120368-8aea-425d-8848-bb631b8a7765;Quiz 3295 - bleu;6;99.58;97
8d3deb02-ba74-4f74-a5ad-8d6ce8b18bc6;d43e5715-07fa-4230-80fe-c5e46811bc17;Quiz 609 - société;29;17.49;-5
8d497ef7-f183-4cd8-9200-a9b3bf3b9323;f5e534cf-4b22-4a17-a4d7-2c272123dbbd;Quiz 4195 - selon;18;52.92;62
8d51488e-11cf-409d-9353-a734270c86e3;279b8044-b0ba-4e9d-bb28-e624aba11dc9;Quiz 3502 - pendre;7;91.84;45
8d5ef69a-9a09-4052-9254-da6dd32de2d7;f8c58ff7-3241-40a6-b8d5-2d48d4697641;Quiz 129 - point;24;52.17;249
8d607dc8-3d06-4022-bf92-9787b2c368d7;63d636f4-f71a-4622-b0af-e42f66a8a207;Quiz 2212 - départ;20;77.99;-4
8d9e35ef-33c3-49b3-8c17-abbe5554b083;b8cf97b2-b344-4472-87ac-871591496e76;Quiz 1104 - certain;20;74.3;-5
8da85497-4bd0-4400-b1cd-3834083b5768;8a86503b-445b-45c3-a98a-7a59e7b59a45;Quiz 483 - atteindre;20;73.48;49
8da88f04-2559-4668-8b99-f5d8017d04a1;15d67cf5-7a4c-417c-b7d9-a6bdd35966e2;Quiz 97 - droite;5;86.3;38
8dac6204-0b6c-4cc0-b146-f504e058a54b;d159d2b8-58f2-4914-a4db-9e3ca3690645;Quiz 2620 - désirer;27;69.12;392
8db48762-2ce5-47f7-aa91-ca9648d37651;f4d2c348-2fac-41be-b5cc-a683075cb39f;Quiz 4793 - là;17;95.07;-8
8db85480-ffc8-4d0d-8c0f-e69fc2e1ee0c;34e13f0c-c49e-48af-9901-60b516650c10;Quiz 4405 - distinguer;19;99.86;322
8db9f1c0-4f74-4de8-bd76-05d885431bf7;aeb427fb-ff8b-4737-b7c0-ef1ccfb0c786;Quiz 1816 - poids;8;42.29;-7
8dbd8725-462b-4499-84fa-dbb04e59a5ca;a3288ef7-018a-4626-925a-edd5974ca374;Quiz 1771 - témoin;10;90.71;34
8dc7d2f2-09f6-47e7-af2c-cf23c0898d95;b647b85f-de10-450a-9679-42cc781086dd;Quiz 4344 - immense;7;52.87;6
8de05e72-1064-46d6-8463-83fbccdf496f;f3280f9f-2293-4e7e-87a1-2d6769c791e0;Quiz 3997 - ton;25;42.16;323
8de1f7c5-89d8-43ec-bca6-9e589c13356b;a6accca9-d25d-41e1-973f-e032656d9b7b;Quiz 189 - exister;25;35.31;-3
8de22151-312f-4b15-9467-1555ed54fb6f;d6c89217-45c5-4ddd-bd21-94836e083678;Quiz 3593 - colère;20;20.57;-1
8dea7f85-c572-407d-86b5-375a1ed29e2f;f0328675-6251-4838-8e14-134144dc5552;Quiz 4900 - principe;28;31.17;116
8dec0b71-6637-4039-966a-a2a1949c8ac0;2b5280b3-6e17-4b0e-be29-5b329625bfd0;Quiz 4613 - unique;25;50.71;73
8e072b55-08cb-416a-a4d9-2421b8d657fd;20022e66-7c9b-48d6-9ee5-bbbecb2408e6;Quiz 3869 - beau;24;44.64;-7
8e18f778-a89c-476b-accd-d288dc30abb6;488c3577-32e8-4b33-85c7-c5ca2efcdbb7;Quiz 2457 - mal;29;34.39;24
8e22abd7-46a0-4690-89c0-b3b82eb0af04;93fa613b-f055-4832-951f-ba54c5a6122b;Quiz 1979 - devoir;29;63.04;0
8e37e6e4-fb37-4f20-9143-d0e259b320cb;8b746c32-e93f-499b-a511-60391bceb714;Quiz 1488 - nation;5;20.76;95
8e3efa09-0af2-46bc-824e-eaba29078ce1;3741b7c5-22bb-44c2-8fd6-9679fd30cc42;Quiz 266 - accepter;11;67.85;46
8e5455ea-ecf6-4ef9-80cb-73eda320351f;a0a5dab3-1b3f-41d0-a72c-57ee5c01993f;Quiz 2756 - fruit;11;33.47;498
8e55210b-a667-4c0f-8f69-99e3c7343668;14c6e806-5922-4d1d-8659-a4893778e14a;Quiz 4236 - papier;28;68.34;89
8e5b0585-36e7-40d7-b015-455ce00a5390;4eb877b8-28c5-4505-959a-b95d468fe190;Quiz 3676 - eau;7;79.1;415
8e5caa13-607b-4431-90fb-378abee7dd3d;b9073ffc-850b-47e3-a32d-d20832a06b6e;Quiz 724 - te;30;86.37;-8
8e6703c4-2645-404f-864b-705b0cde2f05;ae4e9c3d-e0a2-488f-82f0-3be3385a5359;Quiz 2897 - comment;24;33.53;-4
8e67e921-0020-452b-a998-275579c9eb8e;81509d68-f4b1-4223-a6c9-1b97265fd53f;Quiz 3090 - quel;14;32.2;-8
8e8bfaee-a572-44d9-963a-04ea37fc9c1e;3a5ec799-c2e1-4c88-bf5a-9ef193d39768;Quiz 2466 - quel;12;51.42;-7
8ea936b0-20b2-4047-9987-ad07fddda80e;cbf2da5b-cb40-497b-b07e-165d1a9efaf7;Quiz 375 - secrétaire;26;86.63;-4
8eac9243-c942-4f28-be38-300769f281f2;2b5ade79-934b-4fb5-a429-ec915290f6cb;Quiz 2790 - humain;6;17.6;441
8ec31c83-debb-4439-a019-ecea61d74dc3;9b5472f7-3d11-416e-abbf-2a956750a41b;Quiz 2083 - as;9;79.15;80
8ec86538-2a55-463c-ac4f-8f8b8439a4c5;b7776fe5-a7fd-49cc-aa11-e6a133f41505;Quiz 3814 - interrompre;21;71.18;285
8ecb554e-a48a-4178-8acb-1bd1a83b951b;68eb121b-3eca-43b8-acc9-93c5852fc0a8;Quiz 1483 - conversation;29;71.87;458
8eda6d92-35bd-4cee-9eff-9a5816a39c63;cb2b680a-0242-4581-90e8-10507aa35c11;Quiz 3443 - remplir;24;27.05;248
8eefb73a-e4c1-40f2-8506-74b9ee2fb558;45c5a4a9-4a23-4c21-af0d-22dcdda73936;Quiz 2306 - servir;7;48.49;202
8ef645cd-9349-4bea-a623-cc1bc22a5bde;889e566a-4659-4af6-9863-f5c5b9926b1b;Quiz 2595 - ce;5;47.07;318
8f046136-9c04-4446-ad01-75022d472122;4e0d763e-36dc-40c5-bd2d-7960fe783ddf;Quiz 888 - question;12;37.29;401
8f16a29b-db14-4b43-9099-b59a479ea4e1;ffcde859-ac46-4266-8fd0-1ecb7461ee09;Quiz 3583 - siège;10;87.95;354
8f1cf577-2c54-4825-8c58-3737e42d2cad;d92d53a4-841a-4654-afec-ef728c3cb2e3;Quiz 3524 - chaîne;26;70.78;-10
8f317e41-da13-406b-970d-38eb394f8df0;73266c83-9584-45c4-b253-5e5d9e8cbfbf;Quiz 2493 - complet;23;47.01;27
8f4620fe-2dee-417e-8838-cd98a930fd1d;b767d9b2-8e5e-4c17-9616-fa7f1ed1395d;Quiz 432 - plonger;20;59.96;381
8f47e32f-ed24-4567-87a4-f18dae5d1247;696ce24a-75cf-45d5-8299-70f85b36325a;Quiz 4410 - user;7;65.64;-3
8f529901-0caf-4a22-a86d-a383ba0ac3a7;994800fe-28e6-4362-8e1f-cb6a621a0df6;Quiz 2925 - premier;30;65.92;-6
8f6aed4b-7cc8-423c-a074-523cb568457f;7c4b9d1f-a2a1-4cf7-8908-c524983f345d;Quiz 2739 - éternel;13;75.63;76
8f9b0703-bcc7-4a52-9dce-9ca9f9a1728b;6b7b58e8-e4b2-41df-93cd-7e05f8066f4f;Quiz 3001 - valeur;18;57.08;-8
8fab11ca-a771-44c2-b9dc-0075231191f9;49a3b476-f828-4518-af74-353d48874a6d;Quiz 750 - tuer;23;24.3;-8
8fad49e4-c61d-479d-8d84-f431579b1d0b;56903553-6762-4e5f-977d-b2725d580fef;Quiz 1418 - supérieur;28;71.33;35
8fb13c24-9ca3-417a-87b2-a37281bac225;cae12c96-c0cb-456b-b410-d65648b192bf;Quiz 4952 - vert;29;14.31;87
8fb14e96-72dc-48e6-907d-724f7b2b6c1c;9cb2ee8d-790b-4511-94b8-d141ef1a9ceb;Quiz 2278 - chose;26;52.39;-1
8fc3d02a-d531-4a22-9266-c73d9538c098;12a4ead5-34c0-4962-94db-39627225d6f1;Quiz 4055 - mon;23;82.74;253
8fcdfb8e-8a84-4b65-ba2c-f8cae38f8d1f;a106c2f0-848c-4da5-b92c-e6959b68d8ef;Quiz 2302 - savoir;23;77.49;27
8fdad594-7651-4557-bad4-56f67c468668;20208b2f-f075-488d-ba82-16218bb5fbfe;Quiz 2128 - étendue;7;18.54;10
8fdafc52-4e81-4455-9a87-2572b6dedbf3;4904f107-c7a0-445d-abf7-d18248e0597b;Quiz 3284 - un;10;76.44;-8
8fe06a7e-2c16-4c04-be09-806a0d9861f5;aee8fc99-eeda-4d32-a32c-0c853813aae1;Quiz 4766 - vaste;12;23.96;44
8fe0d4e3-b494-47bf-a028-623d6853b5ec;2022cd8d-730d-4d4d-b149-c9bc70a6ff64;Quiz 4737 - quarante;17;69.72;85
8ffa5097-02cf-41a6-bfe1-ea5d779d97ee;e1f8a1e0-8f48-4269-abc8-cd6237c7c5bb;Quiz 4342 - gagner;6;60.72;-3
90104be8-6955-4065-b6c9-18f07698efe3;2133658c-1da1-4c6d-aa6d-10c6ba2aa88f;Quiz 4000 - certainement;15;64.76;408
9027a048-7023-4b21-ae94-637e024de431;aebc3ee7-1db0-4213-9130-9ee6d8882513;Quiz 3715 - remonter;23;10.12;114
903df225-6770-4b86-b67c-3b5d5125e2a2;672050dc-c3c4-45a7-8f7e-acafcf0c2ea5;Quiz 4019 - cinquante;20;41.61;440
904c6fc0-1240-41c0-ad08-97683ee212ce;a90a66e7-ac6a-4b37-81a2-c0ef92b60cd5;Quiz 2755 - exécuter;11;10.19;378
90641409-13f3-400c-a9aa-c769d8fd990e;cd37ce4d-8524-4e80-b988-2dffe8a7018b;Quiz 4411 - hasard;22;50.59;-10
9067dce2-50ec-48ad-8656-f57e84651070;cabd5136-0687-49a6-9361-ca41520d2ab0;Quiz 3634 - papa;30;41.65;422
908a7bc3-eebd-4115-9bbf-73c7e5b29a01;23702764-140c-4ce0-894d-34f9f006e436;Quiz 2359 - militaire;19;75.8;-10
90a917f6-3f41-43da-99d5-0b488692b5ea;dc5ad8d6-8b51-4ad0-8402-22c14a789f94;Quiz 2175 - roi;13;94.81;364
90aa3606-09bf-4d36-b182-b83dc19be558;2fbdfd7f-aaaa-4ac1-90da-7fca3fc7cc7f;Quiz 66 - saisir;19;26.49;276
90b0a615-5b0b-4e71-aebf-1c94965940a6;b6ed6b19-9726-48b9-ac3f-374eafe1a1c9;Quiz 2934 - main;24;90.91;385
90bacbc4-482a-420f-b6f4-28503e00a18d;b40812e0-2ae4-444b-96ac-3b0624ae93a6;Quiz 2069 - billet;19;17.98;25
90cd6b62-69e3-4197-8844-7bc0a9e839b9;7f6968be-37c1-4a19-8421-6c0fc357361d;Quiz 3058 - porte;6;97.56;-8
90f75fe4-3626-4351-8ca7-c764ff1814b0;7934e164-ef0d-4e1b-8446-89c2385c6c8d;Quiz 2472 - celui;27;92.91;382
9102cf75-c70e-4cc2-8994-692d1139ceb3;a96eec3d-b561-4e29-a632-523590a327f8;Quiz 1041 - épais;17;88.36;37
9106184e-3f36-42c4-bfea-af5541973b7c;3276a8d0-81d0-432e-912a-2fd8c35285ac;Quiz 3714 - vaste;18;21.98;-3
911909f7-1498-4568-abeb-382d8a2b87ab;9b5472f7-3d11-416e-abbf-2a956750a41b;Quiz 3740 - reste;10;92.14;399
91383665-e160-4b19-9869-ca2d0f9fdfa4;ba01385f-dacd-4be3-a06c-b709b8ad41b8;Quiz 4020 - servir;24;63.2;326
9149162f-20d0-4ebc-94ec-f2cc0fcb395e;d066645a-18aa-4bed-9d65-da927082f9d3;Quiz 1642 - près;17;28.95;399
91611870-7f43-4cce-a94b-92a9a9704546;28f525b3-e05b-4b89-8b48-c81a18fa068a;Quiz 1370 - métier;9;34.29;87
9162d6d9-0657-4608-851a-7f79152c1bd1;b1e1be5c-0002-4dc9-8505-ca114d608091;Quiz 3883 - pouvoir;6;26.24;87
917485f6-1f61-4eaf-9c59-3280ca50d918;e98c0058-1649-4aaf-91b3-4837f08aa977;Quiz 62 - fin;11;10.87;-3
9175355b-bda3-44e6-a779-7a37ad7e79f7;b9e0901b-e1cf-4016-9fca-ebc7d22a8a53;Quiz 736 - général;20;84.6;-3
918297ce-89da-4cea-843c-81f3ee28cd79;3514f9ea-aaaf-4168-824a-8fd34171ae16;Quiz 665 - condition;21;58.74;-8
918c83b7-82c8-4d3b-b43d-d8b87a2dffe6;95c3053c-fa60-4a83-bd89-557d492f03c3;Quiz 2073 - règle;21;67.84;89
919dcbbb-823e-4f83-9550-9d40b42af2e2;ccc806a6-c719-4e09-bea5-5a593df16670;Quiz 3363 - reculer;17;43.57;97
91b9f622-2a14-4af7-a85d-01307e4b8675;f9ebc5fc-1fac-4e80-9c41-9f772c3afc36;Quiz 3210 - renoncer;6;26.63;-8
91c898dc-6fb6-419f-b38c-87f8d1ff26e4;12a6fa68-0b04-40d5-96b8-934a5c0123ad;Quiz 1052 - retrouver;11;44.39;98
91e326e0-c2d4-4fad-9f41-d09542775596;1336e193-f778-4296-b3e8-a0d253427c52;Quiz 1958 - animer;29;49.15;482
91eea17d-2b69-4bf6-b49d-2aae5351e575;b64d7342-081e-4ef3-b7fe-318fcca0ff66;Quiz 4778 - surprendre;26;41.01;-9
91fe19b3-36b3-44d8-b5b4-8301439102d7;33dc8b95-0949-4bb7-b976-7042f2a59ce1;Quiz 83 - pendre;14;68.65;-8
9211e815-8962-4730-93dc-6db5a3ba6e72;1c5299af-eeed-42d2-859f-5164c130859c;Quiz 3431 - sous;6;19.78;479
9219e8e2-119e-4546-848d-f0357f0ace23;1b63e740-041c-4e65-861e-fdeaffe41f97;Quiz 338 - boire;22;98.55;19
92240115-10cd-4697-b34a-62a9a79e4e14;2f0cc969-14d1-4e15-acc6-7475cc1ef165;Quiz 1397 - semaine;6;70.68;495
9225f1f8-7ec2-4ccb-a9b1-26a1317c9252;8cb9e401-e752-448a-bc4c-04c537475142;Quiz 3568 - âme;20;77.08;418
9253c27a-0863-4286-8ba3-18ee0f5e6bf5;400b7a2b-9388-4ebd-9888-dd2de9112451;Quiz 2142 - mentir;5;45.65;343
92634a4f-e5ea-4117-935a-afca3167a4b5;a763c52a-91ab-465f-a53e-0ca72251cbfd;Quiz 1456 - marchand;16;27.5;79
926f9074-52a7-4729-b413-459d418b8c49;6a8f65a4-66ec-4077-a5e0-be62b6d4b847;Quiz 2134 - guère;22;37.25;-7
927046be-3652-4725-a5a6-d1b0fe168583;b7c72358-d47a-4796-ba3a-37f5bedff170;Quiz 2172 - certain;19;97.73;-5
927ac859-e752-4011-8d91-290b7977e334;0ca044b6-b983-44f0-b8ac-eecb4b8dde2d;Quiz 3461 - certes;16;47.06;279
9284dc7f-125e-428f-a186-3b8488c19ef2;b767d9b2-8e5e-4c17-9616-fa7f1ed1395d;Quiz 1173 - sueur;11;58.75;-1
92860423-9edd-499c-8b47-ef9a161c3be7;6ce2a6c1-dd45-4e81-adb8-00bfa82964de;Quiz 3943 - durer;28;47.33;244
92a5ba84-ccc9-4db7-adc2-6c9828103c35;92029dc8-734b-414b-b43f-0084b0d754bd;Quiz 148 - science;17;91.94;57
92b18e9f-d70b-4ee0-8b85-3b00bc081ad0;e8dba9ce-0755-45dd-81e1-ea9e542f0285;Quiz 4166 - joli;15;16.93;-4
92c0bc52-126b-466b-9992-c355d5b78aea;c4602a1c-da30-4ab4-b09c-2d2a42bce6eb;Quiz 2890 - temps;21;38.5;-4
92c47b4e-4cfc-41f4-a8b1-84e94eb59635;6d645b02-fed1-4691-9dde-2ad0e2b7ef0e;Quiz 3072 - personne;10;62.44;400
92d0e71e-43e3-43e2-b38b-524ca47c14c5;e8dba9ce-0755-45dd-81e1-ea9e542f0285;Quiz 1606 - te;15;62.27;353
92dbc7d7-fdd6-43df-9bae-98d0375d605c;161ec375-d2bc-4eed-a379-597cc81a657a;Quiz 2120 - moment;15;72.78;380
92eb7b12-3666-4139-bfbc-5400c8c868ef;73593212-3371-43b2-be2d-6b2604ee140b;Quiz 4440 - échapper;26;44.13;403
92f47d3f-af32-474c-8e9d-3e48a5e64238;4141f8f3-c79e-4d9e-9d5c-f16653164373;Quiz 819 - chez;9;38.05;53
93011806-ec0f-471e-88fe-8ff4c37cb0f6;c8e9e43a-681c-4ca0-9742-d85e11e715dd;Quiz 4347 - valoir;16;38.43;77
93077d7f-e327-48a8-b5f3-5eb6cc976f75;6f7baf11-ece6-496a-9e21-df1470a086ec;Quiz 2694 - ce;22;43.97;453
930f6480-2981-4c7e-b90e-47b1e7e7a467;c989d738-2d3e-4771-8543-c1341d932435;Quiz 2085 - sentiment;14;81.83;-10
93170801-912a-43ef-b10c-270bf9ff02f3;bd1450b6-5de6-4e50-af28-147107b320da;Quiz 2226 - prendre;24;85.67;49
932cacd7-cec0-43f2-beef-c07f29ac27ff;ebc7e304-5250-4e9c-b4b4-4dd07b8139d3;Quiz 4375 - plaine;29;57.97;91
934491f3-e774-4caf-83f4-b6e93f0bb981;0fbf6f99-8166-47e6-8d60-4e505c0dbfc2;Quiz 3680 - travailler;7;17.24;-6
93601b80-4dc8-4af9-a42d-a6e0c2583133;4e0d763e-36dc-40c5-bd2d-7960fe783ddf;Quiz 4806 - bleu;6;22.49;498
936e068c-4607-470c-945c-c44a9c82a3ed;1082f915-6c5e-413a-838c-353e2afb93dc;Quiz 4129 - bas;19;64.15;119
9370ee5e-a36a-4ed3-b11d-e2b08f23d423;44b7877c-3c99-4297-a89e-63c0f3c00158;Quiz 2091 - absolument;16;44.3;76
93801e7f-e723-4acb-b10a-4728fd775f16;7a9d33d8-9b51-4362-af20-82e0028ac8e5;Quiz 1198 - fidèle;12;36.13;-6
9391ce8c-98c4-476c-a1fd-243ecec67fd6;0a505a7b-7dc1-4ef2-bec9-66a550ab1ffd;Quiz 4069 - tard;29;23.96;0
93b5513f-fc73-4c93-bd05-5d2db27614f9;1c5299af-eeed-42d2-859f-5164c130859c;Quiz 1717 - écraser;14;98.0;14
93b8853e-fef3-4d9c-b586-fa9912186122;ca81fca1-1169-4847-9bfe-6f983e7c566e;Quiz 526 - apporter;29;47.06;-10
93caa53f-604e-44c6-81da-be9e4f283b83;e33bba35-8860-4444-95eb-4902ef966754;Quiz 1181 - franchir;28;90.0;72
93cc0df7-09fd-49c1-b653-649ccf5ad38d;07375629-b170-49e3-8f05-5f0bdd3d2156;Quiz 1398 - importance;27;41.22;50
93f897ff-bca4-4ed9-8498-190ae28583d1;6fb97d7d-f15c-4348-8e99-ef06e771043c;Quiz 2796 - violent;28;89.21;17
93f96e5d-1c26-42eb-864a-ee7d34c9fb79;45d7bd79-b2a6-4622-a334-e68726403cd4;Quiz 1990 - taire;23;93.74;-7
9405b727-6a8c-4e4d-81b3-c301cfcbf885;ef0e0b20-28fc-4123-94ff-44b8715ee396;Quiz 198 - intérêt;8;38.32;309
941ef5dd-e73e-40d9-8831-75e78bfecb60;95b62884-df13-459b-8ecf-c596b843f928;Quiz 2950 - cheval;12;42.47;32
9425842a-f0ea-4864-b0b2-b556c821fe73;0996e781-c38f-473b-8bd1-1fb2340c1923;Quiz 713 - fort;7;29.26;0
942840cf-04c5-4095-9019-8817be59ad7d;b1e1be5c-0002-4dc9-8505-ca114d608091;Quiz 4662 - dégager;12;22.0;25
942880dc-e4bd-4d93-a4b5-5373cb33fcdc;86032cd0-d20c-4ce4-a15a-30cbc8dc711c;Quiz 1171 - respirer;18;14.28;118
942e0a72-3b05-483b-a188-3f4e90751edb;614c8474-12e7-4b62-ba7f-150766c18806;Quiz 1072 - tirer;18;43.79;45
943672d8-96c9-450c-8185-7728a66c8fa6;048ef989-53b5-4936-8b5b-ae2c67a7c5d8;Quiz 3361 - travailler;5;57.41;79
943e0ca8-277e-47cd-a2bc-323493f0693e;3921bf9f-a953-47fb-a5f7-54d8bcf91fa3;Quiz 558 - occasion;5;83.34;252
944942f9-2a7c-46f6-9005-efa3f8551f91;b781ff54-7d16-4980-94df-5ba56313ff6b;Quiz 802 - époque;9;62.84;291
9450fe07-8e1c-46d5-9135-41331fac3d5d;f6be0f11-6848-43ac-aa92-0b1e79444c1d;Quiz 2656 - bois;25;43.13;59
945d85cf-1125-4fdd-addd-288b327b5154;92048586-7fc0-4970-91c5-d8aebaa6f078;Quiz 667 - mien;15;46.25;316
946cf412-1083-4373-8abf-7ecadc94699d;bae26ac4-ac44-4fba-9ce2-3e75b863098f;Quiz 3006 - regard;10;26.42;-8
9486e1ed-a69c-449b-93fc-8d276def0e65;c1a57fad-9a2c-47ed-903b-8b72a78642a6;Quiz 3918 - rapidement;14;98.58;371
94925c45-5763-421a-b349-8ed4a694e961;601aa86e-5685-4c27-8103-40219d73b01c;Quiz 2082 - silencieux;20;20.25;28
949b9e1b-1016-4d0e-b123-96e7e3ab3021;9160e08a-460b-4b99-bfb6-6b7bab0da163;Quiz 3903 - selon;6;66.59;214
949ff6b9-2d2f-4a50-8794-65aaae872ecf;c3e47941-4be7-468d-9b76-68465f30611a;Quiz 722 - rompre;27;68.62;79
94cb0594-d292-4f51-bc58-a9b6aa698b5f;1b24d273-a4e6-4fce-9a91-dd22f804e7c5;Quiz 1506 - finir;12;57.89;239
94cbfacc-49d8-4582-9d30-30bb6b0af74f;273a0a87-bfaf-46dd-b705-36f16409cc04;Quiz 1742 - odeur;21;14.33;-10
94d2f6fa-6c06-4592-8a69-c58514ad1e57;db63f4ca-2c55-43cb-a20c-be462fe7fe41;Quiz 968 - immobile;12;73.46;87
94d3be9d-77c3-4c3a-9cb4-caa3fb590ca8;86b0293f-9a32-400e-a50c-90c48b384214;Quiz 2148 - chien;20;47.97;346
94d610e7-5933-4f57-b6e4-e9be61d75a5a;c630d2aa-0791-4525-ac8a-cca7b4e42555;Quiz 3397 - leur;17;59.04;269
94e643cc-dc49-40ba-a04a-99f39e126d02;0a7af64a-9e5a-4c65-abb1-4443314bb8bc;Quiz 4668 - conversation;23;51.6;92
94f07377-5b52-425e-9033-215a8af79272;2de94d78-8d8c-46de-97c8-73ef0eaf6916;Quiz 3561 - recevoir;5;80.11;14
94f0d3d5-f0f9-46e7-8bfe-9d23114d6e4f;9fe03427-7dc2-4088-9d83-7f46180518ac;Quiz 993 - jusque;25;65.66;32
94f85362-0507-443d-9ea3-981226de53d9;b8ae9a8b-cc90-44e1-8f92-5f9e2b3bd873;Quiz 1960 - tu;26;36.77;-5
94fd4269-a162-44c9-bf35-74ad8848eaa4;0ede8f4d-bd3d-48f3-a919-fe552e2bfa15;Quiz 2132 - tomber;13;80.14;254
950ef586-9b27-4ee6-b147-0409f5df5f2e;7ae7c6e7-9a7b-4921-8426-ff423a58be19;Quiz 1214 - centre;5;97.82;236
95103869-707f-4099-b74f-ae1c9e448082;af806544-7b52-4d5d-9bf2-b66f4cd267af;Quiz 697 - cuisine;18;95.21;0
953d6928-b491-4da5-abe7-9701a7a45812;127c8b66-7e4c-49ee-b126-855d2257d9ea;Quiz 773 - angoisse;10;57.06;61
95566835-0a0d-4ea7-bbeb-c65c50cc8d98;472f8d9a-68d0-44a6-b196-1fe51b91b174;Quiz 901 - manier;19;64.63;-9
95644e49-d8a3-4f5e-a966-a6ad8583aee6;cb8ec203-d8ab-4410-87da-150e4673913c;Quiz 4671 - éloigner;6;66.36;-9
9567579a-74aa-4c30-8321-4b94c29b70f6;b8323ba7-9c37-4499-97d3-88822690c231;Quiz 4032 - auteur;15;20.91;70
95687309-2174-4bea-8dd5-2b07f5eee127;147b3453-947c-4400-b95f-139f3de902c7;Quiz 1927 - corps;28;35.72;-1
95799687-935c-4167-b512-b9cf06b2efee;8911f2d3-ed35-4a6e-b116-88b7d235aea6;Quiz 1766 - humide;21;82.67;112
958794fe-3c7d-47d2-8dd2-d91e3773f2ca;4ecc526f-ab69-432a-830f-15379b143df9;Quiz 6 - davantage;24;70.8;-8
958add3e-3152-45ff-a9a0-5975558d9bf5;4a31ac8d-24a6-41f7-910e-aa76314cbba6;Quiz 4551 - dresser;26;29.52;85
958f3bc2-8cf4-45ab-94e3-62c70eaa48dc;58b5268f-4feb-42f0-a2bf-0dfaf56c2f13;Quiz 3920 - tout;10;29.48;493
959f3789-b8ae-4624-ada0-c5f15bbf35d8;193558e5-dfd5-465f-ab4a-537b80e85c13;Quiz 4097 - espérer;9;36.6;-9
959ff5a8-ea29-4fe0-9831-37d7ccb6ad3f;05275e78-9b65-493b-80ad-7a18555b15fa;Quiz 614 - fermer;15;22.62;347
95ac437e-be70-4f75-99dc-a0d80f89ebb3;44b7877c-3c99-4297-a89e-63c0f3c00158;Quiz 355 - depuis;26;32.6;431
95ae0248-39ac-4b29-b9ed-73dbd4e49733;2de0ad2e-e29d-4284-ba77-82db31447e1e;Quiz 1700 - bon;23;96.82;69
95b73619-f551-4695-8e1a-b636c91990b6;724d6d67-2c37-4621-9d8a-cd43306921c5;Quiz 26 - pointe;17;51.56;392
95b987ce-538b-4937-9c1f-1571598ef7f5;5f6ef156-8d4a-428f-bed8-f0c7a3dc6287;Quiz 3670 - servir;21;10.72;28
95c204a3-ac32-40b6-8e25-27106fd26463;313caeb5-5425-4243-a4d9-5e9e5792bb0f;Quiz 229 - corps;13;22.65;269
95c58a02-5ddb-4a4e-95ef-e87edf5129d0;0f33cec9-2def-4aee-9fc3-a0590eb0f8bf;Quiz 4975 - désormais;15;32.01;474
95c60b19-2339-452d-ad90-c5e16564d6e2;a6dfc040-6a9e-410f-8c2c-5365b4ba1095;Quiz 584 - silencieux;11;97.92;278
95ea0415-0e8a-4011-a30b-acfe6ca6c1d9;491581da-37cb-4b7a-a475-fb4031bf4324;Quiz 2693 - attaquer;20;87.85;468
95f2d3f8-1102-42c6-acb8-f0addc1825cc;38b15aa6-9e9c-45f2-8230-f91eea1084e7;Quiz 2287 - penser;16;76.61;77
9602e0a1-553a-40e3-b63a-a06cc253f731;6a013f62-4116-4c06-9888-85e314233ba0;Quiz 4221 - pur;16;77.01;409
96068c91-ff2b-43dd-b771-5c42af9a4599;c2b72bc4-30b5-462c-8c03-f211437597d2;Quiz 3009 - regard;24;93.08;-7
961d0a57-4448-4c6d-b986-17e5762d557f;41114c4f-c1e4-4ff9-8b39-5aeb437da94d;Quiz 3269 - risquer;7;94.97;87
96219b6e-c7e4-4778-b608-0caba30a0037;f9ebc5fc-1fac-4e80-9c41-9f772c3afc36;Quiz 4477 - moment;24;69.17;44
9636b1f7-8937-4c58-949e-d2197aa6767a;5d5961dc-d143-47e5-b723-f7786dcbfce8;Quiz 4275 - voiture;22;96.94;429
96394537-14a6-464e-8b55-e86521024062;735289bd-70b9-47a9-a5ad-f315abe24eb9;Quiz 4506 - résistance;24;89.4;-8
9640b676-8136-4e42-8c8b-74b0985b7884;2735aec3-5e15-4c20-a4df-30771660f85c;Quiz 2539 - moitié;29;77.21;-5
96434184-af14-40ad-9909-a93c03c74a9b;439a2658-7215-44a3-857f-db8471a9cecf;Quiz 2554 - reposer;28;33.05;212
964af0b0-9b1d-49d9-a678-caeacacc2963;78067978-9624-4eab-8440-338ed7daef46;Quiz 1530 - d'abord;6;77.35;245
9670ad64-02dd-4267-b9c8-18513b3c6cd4;87edfcee-db8c-44bf-b51f-e71520c6acac;Quiz 183 - rapporter;26;61.75;308
96756ab6-d2db-4d0a-b7eb-c9cd6a1df9c5;fb19ce48-63f2-459a-8f1b-a161a237baf3;Quiz 3744 - aussi;22;65.6;477
96823583-e0d2-474a-9e8f-0c7aa72a084d;b6e10b74-ad22-4cfb-a488-5ce718e54b7b;Quiz 4566 - rang;25;13.68;298
968d2058-450f-4d0d-aae3-4a7302314af4;e7cc8e1a-7d53-499d-ac96-d0570b70cdfc;Quiz 2691 - clef;21;33.83;263
96aa3f53-e2a1-4800-a17d-d5491f0b9b6d;88d81962-772e-453b-a7e6-268afd67bbd3;Quiz 4463 - loup;9;45.37;420
96ab3a38-5e36-4461-8f73-f3fbdc1f53b0;99bfcb60-4f0f-48c8-97cc-986d4824a37d;Quiz 3051 - réflexion;19;78.25;39
96ad6134-88d8-4462-a7d9-7a47b51e36db;051fcd26-d9e8-4e12-9c06-015360d2aa6e;Quiz 3994 - cesser;8;56.2;118
96c5249d-3e86-426c-b7b4-ade5b0775add;c8a1b1e8-f200-442b-ac16-30ee2e17580a;Quiz 719 - endormir;12;99.9;43
96d784d6-88db-46ca-af38-e7218c71a162;9a50277e-4b94-4486-9f6b-f51ee515fd20;Quiz 4701 - offrir;7;59.92;12
96eb9601-3566-4e9f-bb43-383d874e915e;98bc039b-1670-4eb0-81b8-2710c4c6e4b6;Quiz 293 - de;25;48.55;-8
96f2ab35-1afb-44e7-a9e6-0a3c0f04dc14;c28e4f38-bb44-406a-b438-406aa618fae6;Quiz 41 - faux;9;94.03;118
970167f1-9c0d-48ce-b6d7-9b69d9e78a71;434244f3-b327-4114-983f-15a4171c5041;Quiz 682 - geste;15;56.49;52
97025b8e-5e90-49b3-8738-a5d4c1c49814;1b999c9b-fdd9-496d-8ea7-1a2e1a04d97b;Quiz 3632 - aspect;21;72.3;45
970da89c-0772-4999-a908-a55231fa8eba;0bebf681-3fa5-4776-89e3-d5b50941a1c9;Quiz 1234 - retenir;18;52.81;-5
97131524-0859-4a8d-80b7-66d01d601591;c9f9a95f-96f9-428d-9c74-d09a070b9de7;Quiz 1121 - essuyer;13;19.37;45
9719219e-ca1d-431d-8484-f9afa04508d0;a9bdee04-28c9-4f1b-a3e9-7a614d89f7bd;Quiz 7 - forêt;25;35.29;98
9723ec4b-c4e1-4368-9dca-34972f0236d7;f9237c6b-3f1a-4360-80c4-15eb48ebccbd;Quiz 3211 - pensée;20;95.05;256
972900f8-a8ac-4c5d-9532-5d7df77c379f;9451b4f0-e9a9-4709-955c-4df2e768fcc7;Quiz 2486 - sujet;26;27.44;58
9752b6f4-c187-4edc-9a9e-e45d95720e90;ff4871ea-2754-425b-b748-a93fecfd8a0a;Quiz 3671 - mensonge;21;49.0;-4
975d6dfa-f90d-45d2-8780-dca73b5aa487;e202cc82-e43d-4a2f-889d-263f4930bb8c;Quiz 107 - larme;10;74.05;-9
9760c60d-7f00-4540-aab1-fca9e352e44f;7aa30496-e5c6-4a53-b8fd-bfe922a54efb;Quiz 4512 - oser;26;99.61;-7
9778557b-d519-4e78-8014-c334a09fc9eb;1b3fd083-7c9b-48f9-b2e9-b01980dd9013;Quiz 3587 - nuit;18;36.76;-7
97854eea-091e-4039-aa50-88d594862a41;f9ebc5fc-1fac-4e80-9c41-9f772c3afc36;Quiz 1959 - bande;21;22.53;44
979bd627-3b7b-43dd-9fab-dfd76d348500;632969a3-3dbf-4fa4-8316-29b693ddc8bc;Quiz 4822 - minute;25;67.85;486
97c2712f-922b-4c99-98f8-1ab0987a801a;3826163d-94d2-45ab-9dee-6b4292af0ce0;Quiz 302 - travailler;7;84.41;-8
97ccfd0b-899c-485d-80e8-d3ec69ce2895;540210fb-1541-40a8-a786-3281540e172a;Quiz 2023 - français;24;50.89;453
97e0fd76-a1b2-4e65-a933-ec9a349abbc4;9bb9caf9-e148-43ac-888a-550776a4ae81;Quiz 3542 - passé;17;52.69;68
97e3edda-3792-4b3c-8f3a-a84f99f3d245;a3f23082-9bdf-42e8-829b-3c5450090f71;Quiz 1568 - joindre;12;70.52;206
97e5c579-9a34-4933-a815-a96b0d7a7438;07eb9b04-eaa9-4ea8-9dec-22796b72d8ea;Quiz 4829 - pouvoir;27;74.83;482
97eb780d-afa9-4c4a-a7c9-b3b4fa3b19ea;ebc7e304-5250-4e9c-b4b4-4dd07b8139d3;Quiz 877 - spectacle;14;34.91;0
97f01b15-719d-405d-a871-ff8d31b5d90e;72e97835-30d2-4325-906f-90db8aeb29d0;Quiz 4229 - au;9;55.24;-9
97f0d868-1400-4f85-8a17-38a1ac692778;46646d51-df79-49cd-af3e-267184bfacc0;Quiz 4142 - sept;8;36.43;0
97f236d5-2184-4092-90c3-623b0bcc59f5;6306f36c-5c36-4a90-b028-58ec4f4c08e6;Quiz 196 - passage;25;35.95;-10
980df92e-776b-42f0-b4aa-7dd22f2182eb;21f959af-3864-4255-b8a9-0b18400138bf;Quiz 1231 - se;30;72.04;297
982d21f6-fe7e-4c3c-9496-e517546de0aa;93ff9ce4-5ddc-4adf-bc78-0d2fd0e3c5d0;Quiz 3489 - partout;30;12.64;224
9856d28e-b68c-4245-9834-89f9536a690c;3741b7c5-22bb-44c2-8fd6-9679fd30cc42;Quiz 4591 - premier;14;79.41;109
9866a885-904c-45c4-bb4f-696f785da4c0;4ae8402c-9d58-4fb3-8db6-9ac6e828d3f4;Quiz 231 - jusque;23;63.22;449
986a7ec8-82e4-49f3-a903-90be19a56970;4674492e-d397-4be9-b320-bb5513664192;Quiz 237 - musique;25;85.32;-8
986af538-a191-41cf-a456-8eb17b2dedaf;0dcd2aed-1156-4070-beb0-36982438f775;Quiz 919 - pays;12;59.77;-4
986e52ca-c252-48ba-8123-4f743bc9cabd;5ff138da-0ef8-4242-a1dc-5692d39ffb0a;Quiz 1565 - mener;16;96.93;473
9873bff2-b7ba-4929-b2c3-52009061e1ff;7ccd3143-e589-4d77-bde9-07f3682f7c43;Quiz 4929 - fenêtre;9;64.2;17
98761571-e5a1-483e-9d46-17c4b5bf3440;f9a5fdac-b201-454f-aaac-1f252ecd8b87;Quiz 4955 - bois;7;54.67;67
98807984-9ac0-4dbe-84a0-e000317d3a48;9299bb15-6268-4d22-a4e6-b4bb57b13f77;Quiz 2375 - content;20;84.21;102
98824e6d-0867-45a4-a7fa-e52513d69f2b;0f39985c-3dc5-41ed-bcfe-f8d9c532d33f;Quiz 1841 - demande;6;28.33;0
98844f1c-1fcc-4818-9cb5-76141c9a4f18;199a09f6-17ac-4d54-bb86-56fb2c6b596b;Quiz 3350 - complet;16;68.77;275
98962ae6-61f5-4da3-8dec-52d4f3529cbc;762264be-1e85-4a26-aa42-c0b8409223c8;Quiz 4543 - état;20;28.44;2
98993c47-44c2-4938-b5b3-7f3914ad2aba;95c3053c-fa60-4a83-bd89-557d492f03c3;Quiz 1457 - assez;12;84.38;41
98eee10a-9ce7-420b-8378-fc9dee2b1afb;bc47d640-bf67-4ef9-98ff-01c0353538da;Quiz 1889 - douze;6;94.89;64
98f0a3e4-8f67-42a7-942a-2a9b0d85228a;224af2c4-5be2-4963-be5a-58232b6ca3eb;Quiz 1085 - confondre;9;42.17;385
990b6983-7b15-4e18-9daf-d8bf6cddbb65;72d52a38-f149-4284-b698-8449252c9dce;Quiz 4862 - chaise;9;43.35;-7
990cfd02-61b5-4c32-b52a-d3d303c7525a;a42fedc3-33bc-43ee-bea4-dab0607aed69;Quiz 3954 - parmi;30;68.56;202
99111dc2-19ea-4efc-9d7d-26598482d7d3;251c6e3c-e365-4c95-9b7e-7acc94fa7105;Quiz 4887 - réflexion;19;57.74;461
99133ed6-aa12-49ee-883a-5ec9cef134e4;f829e388-c303-4d48-90e7-840da0434293;Quiz 4877 - salle;22;77.56;67
991ad2b4-4913-4191-aed7-72df724817d5;a9f0bccf-29a9-4201-b793-ca42581c2bb7;Quiz 3933 - désert;11;94.27;91
9936a938-704e-496a-b379-b3c8a9a3032f;868553a3-135c-4e7b-97bc-c28ccd8b9026;Quiz 2343 - coup;12;43.65;333
993f6b37-3402-4811-bd46-a306f22bf21c;e048d7da-2eb7-4732-af40-29bf0d9eb029;Quiz 4490 - passé;16;52.23;74
9944b8bb-d316-48e5-80f2-99a24cd01172;868553a3-135c-4e7b-97bc-c28ccd8b9026;Quiz 3438 - ah;14;96.81;476
9954c982-0cdf-4c03-9858-41f0eff1ffd5;184260fa-ef43-489c-b1f9-5dabd99898c3;Quiz 4931 - saison;24;94.98;274
99561762-0ef6-4fdc-b7c9-37642471968b;069fd72a-5b01-44ce-8f44-63bc88e8a375;Quiz 2834 - maintenir;8;66.65;-7
99664c8a-c3db-445d-9de3-04936baafb75;b668870a-7981-4d05-b360-8563d5ab05e4;Quiz 1572 - million;26;12.78;-1
996c26b3-900b-4f39-afd1-aa3f9c266f21;6ce93779-c050-4c4d-a30f-60198fd17f32;Quiz 186 - vingt;30;89.62;47
996caa31-c276-4cfb-9136-254bcbfd00f3;2735aec3-5e15-4c20-a4df-30771660f85c;Quiz 2819 - gris;28;87.0;47
996f39c8-8f5c-4c84-852c-9e534e216af0;9b1056f1-cdd4-43d8-a1ec-1b551745ffd5;Quiz 453 - encore;16;31.4;-4
997d7732-b631-4223-8987-71e99575dc17;58b5268f-4feb-42f0-a2bf-0dfaf56c2f13;Quiz 4438 - prononcer;23;68.25;-2
997fbab2-e07a-407d-a2ec-039913f9c87a;c0978b68-b578-4f1a-8cff-ebb98ea14e66;Quiz 2625 - journal;12;69.03;44
99d94ca4-d7a8-4a88-9b57-e811823a2e34;2f9eac5e-a935-4eb8-a98f-ddd57ebe961b;Quiz 3297 - nourrir;12;51.01;332
99deb6c2-bab1-437d-9e6a-590e9f5fd67d;868553a3-135c-4e7b-97bc-c28ccd8b9026;Quiz 1438 - porter;15;17.58;-1
99f98e3b-fd52-4ed3-b048-76ccaadd0d37;1406fe74-1735-47f0-936a-9b03072b02f4;Quiz 3206 - bois;11;87.77;439
99fd16de-e486-40df-842e-741065a96648;c2b72bc4-30b5-462c-8c03-f211437597d2;Quiz 598 - ni;24;78.09;228
99fec75f-c5b4-40b4-b454-d717d7868896;141cbdd0-bd54-4e0e-bf43-5ed6c8d50dd5;Quiz 2110 - salut;13;98.59;120
99ff7821-b386-4c63-808e-dbbc0a92d0cd;afb2b7bb-552c-4d0a-b071-f77f2378e669;Quiz 4082 - surveiller;6;49.05;238
9a1154ae-2c06-4733-a669-d076207ea490;7cd2daee-2234-4320-9b71-3f0c0446c498;Quiz 2153 - terrible;19;84.87;-2
9a14c8f7-e47e-4b2e-8517-29f1cf137e0a;b800445b-dd68-4475-b972-55af6b94d73a;Quiz 1587 - rejeter;27;33.32;445
9a38b7c2-038f-45cf-a926-5f3f49df3ef2;99627a8f-fbac-4d1b-8532-c4d075487404;Quiz 700 - haïr;11;86.28;41
9a64098e-469a-445e-9e20-08da594ca21e;96862c76-f5b1-4599-af99-47f25978c5f4;Quiz 3574 - parce que;15;34.15;29
9a8a1ad6-a1b2-468e-b22d-e398fb8ebae7;b781ff54-7d16-4980-94df-5ba56313ff6b;Quiz 179 - chance;12;31.25;-6
9a91efc3-b17c-425e-9a86-d493a0d39d73;77085eb7-da39-4f67-9d48-31bd78e8bc94;Quiz 1559 - léger;20;96.59;469
9aa391b8-e406-449d-bfe1-60e6c6221e5f;5ed457be-8607-42f1-a9c4-3ec9dcc7a09a;Quiz 141 - amener;28;28.31;-8
9ab31577-69fa-4e80-b207-e4bb62fc0cdd;0a505a7b-7dc1-4ef2-bec9-66a550ab1ffd;Quiz 3369 - pauvre;20;91.17;254
9abd0cae-4566-4bef-8054-5d8eee86bab5;b0891f93-36d7-4140-b54c-3ce43e3ff5de;Quiz 4485 - chemise;17;26.27;274
9ac00613-b7c2-490c-a4de-86e27b471353;1ba172c0-0865-4658-a7d9-5c73b3c3630a;Quiz 835 - vite;19;71.08;2
9adde522-8e2f-4d01-bb55-e48d566e9411;0dcd2aed-1156-4070-beb0-36982438f775;Quiz 1815 - garçon;18;55.23;388
9ae99b16-1d56-4fd1-83e6-00a985f6b1fe;c1a57fad-9a2c-47ed-903b-8b72a78642a6;Quiz 3141 - sang;20;46.2;431
9aef1289-f754-433e-a3f5-61726421c37c;b20361e2-72db-4ba4-900e-725bf8028ae3;Quiz 691 - oiseau;15;19.58;50
9aefdd18-e82c-40c4-851f-c66cac40c406;025d54d1-e28b-429c-bd22-f98bbc3b294c;Quiz 4959 - dix;9;60.38;-4
9af9b72a-43eb-413a-998f-c71bc2b7ac7e;a5e14f7e-4f05-4497-a046-75bd5c0f9646;Quiz 4053 - tombe;29;19.71;312
9afac854-18e3-4d32-99e2-cd76ba812781;a0a573f9-9f17-42be-834b-86667c190257;Quiz 3327 - entrer;23;84.55;422
9b092785-d92b-4571-a97a-06ef85bdc69f;f4b3a53c-0582-4ad7-beff-1559dafaa6fc;Quiz 4218 - témoin;10;19.75;-1
9b0e6ecc-94e9-4f71-8914-9f8e1b0889fe;ad8fe1e0-298e-4260-8a3e-6c6f4dffba41;Quiz 2017 - mort;18;65.93;473
9b19ef26-874a-4be0-a02d-bb92d093a3be;d8c84680-b0c4-4630-949e-5810b47f7489;Quiz 3752 - tempête;22;14.83;78
9b303e7e-6905-4021-95e9-657b87f8d6e4;563cd75f-4ca5-4817-8086-65606be78015;Quiz 3441 - père;5;63.25;-7
9b45437b-d24b-4092-8ca4-4ca8ec6447fe;ae4e9c3d-e0a2-488f-82f0-3be3385a5359;Quiz 2492 - état;15;18.08;500
9b4a15f5-5d66-4dd3-9601-ae3a1c23173b;b0f0d30b-8196-4832-a616-338fd41f1f57;Quiz 3788 - sueur;30;24.16;336
9b8619a3-a614-4206-8745-b407bb380931;00a87419-7c99-484c-8b9d-621faa87c09a;Quiz 4645 - note;17;31.39;463
9b8ba611-9e1f-4072-ac89-32c95d656bcc;3f9d1172-475b-4aa9-a1fb-cc55777b277e;Quiz 4089 - disposer;30;79.08;-9
9b904cb7-4e7b-4076-a4ee-29ae5a4b9867;8dd400c3-b037-4cb1-be31-69636016171c;Quiz 1549 - rideau;17;15.19;68
9b938824-3831-4a14-a4ef-065576393a2d;25416003-389d-41b8-89f3-d33303895cd1;Quiz 4061 - marché;26;31.05;76
9b9bb072-f2dc-4539-b7ed-292ccda6af6c;63142430-fac1-4261-b443-ebd64717f177;Quiz 2105 - vue;23;92.84;-7
9ba84c04-4d13-4b23-b807-c0eda78f9104;63c9ef03-4914-4bf6-b7ad-e67211306897;Quiz 2916 - chasser;14;44.87;353
9bca943f-a324-42dc-9148-3fb5a0b67b9f;3e877391-515f-4597-85ec-8bb8afa5a78e;Quiz 958 - règle;24;19.15;54
9bcfda85-6924-4842-ae48-1157d424f1d4;a5b0316f-f374-4687-af3c-f9a89c9c27d9;Quiz 239 - secret;11;63.87;92
9bd918e2-732c-4c29-91de-0761db099a86;96926d72-86f8-418b-9d60-d1441a54ad44;Quiz 2136 - décider;14;85.69;15
9bee24f9-d26a-4467-bb09-48ab72cb7c38;f6b20483-32a1-4177-9de9-daede108531a;Quiz 2323 - du;7;29.59;213
9bf078bf-4bc3-4202-a7fc-d260665d3ac1;87e0901f-eca0-4927-8dc8-e8668c5e11ac;Quiz 4853 - vie;24;53.73;204
9bf0d1aa-3bc7-4ad7-b2d1-78c7f3dd6222;fbb0ee46-a7e1-42f9-a626-cc4de5e9899f;Quiz 350 - secours;16;43.87;333
9bf1d173-2e20-426a-8b4e-09d7cd820c7b;3e8b8de0-c2ab-4487-917e-117bdd6849f8;Quiz 1871 - commencer;18;10.23;118
9bf9721d-adc4-451b-a101-1f13897fd846;24700bcc-e3ec-43e7-8b62-b668bb106f94;Quiz 799 - coup;30;89.29;-5
9c0d8c16-4153-4015-8167-7cc31944bd47;ec87314f-dfe4-4571-8aae-5b43a939e8b4;Quiz 3789 - habiter;23;68.4;299
9c1125a3-1adc-4911-9525-cc107d027caf;19757271-ccf3-4323-b2f7-e0fd7e02f50d;Quiz 1793 - réunir;27;47.99;493
9c16cf91-a4c7-415f-bdb7-20ea4716d075;b6ed6b19-9726-48b9-ac3f-374eafe1a1c9;Quiz 2076 - boire;6;68.61;494
9c1afde3-f5b2-4b33-919e-ff2a334064c2;84a16206-8e45-4ed4-a4ac-b832b72440ec;Quiz 2797 - me;25;81.49;345
9c29be9a-326a-470a-b8b9-11af4b5ae608;e5389e58-70f2-45b9-b4bf-ad67a65a53c8;Quiz 1865 - puisque;17;79.61;19
9c3f8fe7-c0cf-4420-a811-07a74fee193e;8b746c32-e93f-499b-a511-60391bceb714;Quiz 2710 - faveur;15;62.9;30
9c487d61-c0ce-4d50-a28c-c7d6711f955b;95c94349-bb7a-4778-a661-f7cf19a65f12;Quiz 2321 - poussière;28;73.77;-2
9c4f0ff4-5fa8-4876-babc-da2acef95996;fb22c9cf-a28c-4a02-9450-8ee681015d61;Quiz 1463 - professeur;22;79.1;23
9c5a6e3a-a7c2-4791-9728-d98764c05508;46646d51-df79-49cd-af3e-267184bfacc0;Quiz 3023 - chaud;24;84.09;-7
9c6d3d80-4aea-433c-8838-c190da4c27d3;a90a66e7-ac6a-4b37-81a2-c0ef92b60cd5;Quiz 1805 - honneur;22;49.5;299
9c82ed80-6919-4925-a805-8fdb90dcd953;f2720fac-bb97-48b4-9a4f-b37f97cd5380;Quiz 1591 - étoile;26;57.91;-1
9c8ccb0d-bc86-40bd-b38c-91b39fb65cde;7ff92f94-5446-4dc2-bb30-c246c732a6f4;Quiz 3720 - côte;7;90.53;342
9c8dabe0-0dd8-4eb8-938c-16f946df7f91;0b1363d6-ca04-4cb2-afd6-8dd86131d0d1;Quiz 2735 - fête;8;53.68;18
9c8ee6ce-80d4-483c-81d5-9e7a48abbd59;c0f8d041-b100-4af3-b08d-d2981b82b6c2;Quiz 2697 - malgré;15;69.78;337
9c9e4956-cc0f-4ebb-8805-21aa66ad08f7;86ad553e-62e3-4f0a-b14f-79821211b318;Quiz 217 - précipiter;23;26.7;-5
9cad9f32-7eeb-426a-9cde-28e671de09f4;42900b25-966a-4604-981f-acb8389d9b0c;Quiz 1607 - vivant;27;85.74;-8
9cb57b40-6c66-4729-b9e5-5f498b2aaffe;91671af3-6581-47d0-ab1f-750cc2df04f5;Quiz 494 - cour;30;61.22;10
9cb679b0-5608-42fe-ac66-65dfdc94ce2d;a337daa7-41ee-449a-a3c0-35092c758c90;Quiz 3909 - simple;30;77.19;-3
9cb75262-e4c2-4ac2-977e-e9dfef03fecb;0932937b-411a-4c2c-8e88-a3d1d4c9ee1b;Quiz 4533 - enfoncer;8;68.28;-6
9cb8e415-c6a2-414f-8225-0adb0c677d41;31dd9671-395f-48b7-856c-62b8897336cf;Quiz 3192 - conduire;7;27.14;-2
9cd23258-8f2c-4c3c-9031-6b8c66bd3b2d;3ff58102-282f-4d7d-9941-e8e0ae3ba111;Quiz 68 - monde;26;98.72;56
9cd75e03-641d-46d6-883b-9fa52f144852;793fb694-16d0-4a43-8708-f98a904cf090;Quiz 85 - engager;16;87.83;24
9ce7ec80-d91f-4e1c-b8a0-24dfe7d25d39;2ea28656-be9d-4cc4-9120-3a5d35360880;Quiz 4631 - dix;5;45.0;-10
9cf3ebe4-181a-49d9-a315-158bb6c8bc8e;2737328e-4f94-4fed-9c9b-1b68e963feeb;Quiz 4760 - craindre;7;28.12;461
9cf63f48-45f4-4e84-acb8-c7cac1a713bf;bbf29d0c-2135-409c-83bb-6f7c5333b7e7;Quiz 2901 - dans;13;43.28;41
9d09dbf8-4692-4c12-a3a0-15a36a673ccf;f8c58ff7-3241-40a6-b8d5-2d48d4697641;Quiz 2608 - étrange;21;59.18;76
9d0cf584-06fb-4c26-991c-58fe8008c399;09cf5992-420f-4023-9688-eb62973bc323;Quiz 635 - vent;14;72.73;89
9d11eb91-6fe5-4979-b43b-0e987618b293;23202846-dfaf-49ad-8f21-da0b4501c53e;Quiz 3034 - prévenir;18;90.5;109
9d419470-73bf-466f-872d-124360a1946d;591ac8ce-13de-4364-85f8-57fb17ddd73e;Quiz 1444 - second;9;13.57;267
9d482ce5-461c-478a-bfba-ec772c9eb580;b3914a5e-6e14-4f84-bf53-89cb9e348800;Quiz 307 - pointe;6;94.83;-8
9d58c157-8e4c-4d10-8a43-1dfff001b5d2;c81017e3-ece1-4728-9146-0b9aa65e44e4;Quiz 3741 - trop;30;36.11;103
9d647344-3a7f-4d67-8e60-95eb86703222;8dd400c3-b037-4cb1-be31-69636016171c;Quiz 2907 - joindre;11;57.59;-1
9d7e0c04-49bf-4600-854f-250234975123;b64d7342-081e-4ef3-b7fe-318fcca0ff66;Quiz 2874 - résultat;23;21.34;398
9d899cd5-564c-4b12-b898-82cb518f3929;729150c1-1ed9-4116-aeac-18ba6a579cab;Quiz 2428 - perdu;23;13.67;30
9d95a504-590b-4498-9c5b-44afa8991fce;751a9b05-fa71-4ec5-8bf8-921af02b9a77;Quiz 3895 - seul;15;67.2;-4
9d992b3b-297b-48b3-9ba1-258c80d2ea66;5a4c2ff1-faec-4570-b1a4-fccfa4173d9b;Quiz 3611 - respect;9;75.05;460
9dbf8139-b477-445c-9261-7bcb171edb8f;385c808c-9ff3-4e53-873c-4b8b07e157f5;Quiz 191 - vers;14;80.62;102
9dde1c45-6b5a-4e27-97db-28a4ad33c3fc;10af762d-b34f-4b6f-bba6-545e640f153a;Quiz 4194 - plein;27;95.85;222
9de585de-7971-473b-b08d-708d04e6f767;45681588-737e-426b-956b-05630d68e6b8;Quiz 2341 - nature;12;76.6;403
9e197e2b-8677-41cd-bc6e-1772cbdf08ce;7f9e10e3-7686-437c-a771-6fcabb943358;Quiz 2774 - rêver;30;99.28;95
9e1aa654-df2e-4c34-8573-6b6e2ed52570;34338e15-54c3-4e50-afad-ea2656b569f6;Quiz 1074 - chaîne;24;84.03;-8
9e2ab626-b8ba-415a-bb8f-95df75409284;f2a80435-1b34-4152-a32f-2db67c3e91ad;Quiz 4164 - as;14;51.5;70
9e36fdae-ef23-4a58-8679-ce828cf0fd45;15d67cf5-7a4c-417c-b7d9-a6bdd35966e2;Quiz 3753 - fonction;26;41.21;-7
9e3a297e-12a9-4b7d-b959-fc17e4245aae;5f42f6ca-2694-4c9a-b336-bec26396a84c;Quiz 3647 - ferme;28;73.97;233
9e45e3b4-9dbd-40ef-92b2-e57e74e0d25e;92029dc8-734b-414b-b43f-0084b0d754bd;Quiz 103 - palais;18;34.04;303
9e474918-dcfd-41b9-8e9a-c129bac3c928;186d0a4e-473b-47f4-a509-e68aa37781c1;Quiz 2642 - conduire;14;11.58;-10
9e4fa96f-fdb5-44ec-91ad-933197a67825;54fc6240-e45f-4b98-8e77-2a7b30b3c32c;Quiz 2645 - fond;27;38.16;-8
9e62c6a7-daef-436e-8f51-9fef3a81f0c1;71ad859c-fc24-4ff8-a1b7-fc6319c6c4f1;Quiz 1080 - port;13;96.24;-7
9e740b59-cc84-42e7-86be-0830a4d05733;21690ceb-2365-4a0b-b6b4-3cfa79c07a74;Quiz 3059 - hors;12;48.0;-8
9e791536-6cfe-4246-9a22-22256d919b6a;7aa30496-e5c6-4a53-b8fd-bfe922a54efb;Quiz 3287 - effort;5;68.54;103
9e88799e-0422-400c-9144-f6e013bc82c2;4e2f44a1-3c74-4335-81b6-5a45d0e48ff7;Quiz 4809 - soutenir;28;96.53;-10
9eb4b560-3563-4ece-a002-6c5ea2a25bc8;1768b552-9c73-4442-ac82-12d480052a8b;Quiz 3892 - prince;21;60.1;398
9ec31f93-328d-4356-aceb-5b60304c01d7;7c0e6256-41d2-45a2-b351-2c84450f4228;Quiz 2115 - inventer;19;92.49;0
9ec38fe4-1fcf-418e-af12-a52566a75855;7c4b9d1f-a2a1-4cf7-8908-c524983f345d;Quiz 4651 - possible;28;67.01;-6
9ecf1e64-fce8-4d64-877c-1c4dac864ab7;2ce9ed5f-3c8a-4877-aab6-36f48a1d4b79;Quiz 3386 - chaleur;9;96.3;349
9f09bf77-a0a7-4472-904c-6abfab9bc069;6d743add-ccc0-4f5e-99c0-251604f96d98;Quiz 4072 - nourrir;22;87.72;30
9f140373-19ae-488b-ab0a-e1d87ea818f2;b32529cf-04b8-4f7e-816b-1205aed3e779;Quiz 3111 - dehors;29;42.99;40
9f17986f-d000-4300-806b-1ebd8dc2c7fe;0d41cbdb-99c5-4a6d-a5a8-36ea217fdebb;Quiz 3733 - courage;25;63.29;-8
9f2130b1-eda9-4f2c-b637-b2aa5b01d0ad;bdfb02b2-df74-41fd-bad1-9e6cb151ad34;Quiz 291 - rouge;18;56.69;-7
9f433012-c496-41eb-b842-dff7423f725e;30c677df-66fc-4cf8-85c4-32f14f6f0bf3;Quiz 332 - caractère;6;71.41;33
9f49383f-190e-4dfc-aa51-dc9ec4feb1b8;18763cdd-d843-47da-9b9c-67400acaa767;Quiz 334 - debout;25;25.53;421
9f501462-b55d-4b73-85bf-db30007fbdc2;99627a8f-fbac-4d1b-8532-c4d075487404;Quiz 3465 - françois;16;40.53;24
9f563594-577b-49be-8728-7a9ea6d79f06;972235f3-5413-4e62-90ad-e88261407618;Quiz 3172 - réalité;8;72.41;59
9f57993c-80c5-48ac-ace0-53ac2ce76f7b;3180d49e-0aeb-4997-a25e-b7b7abe8ab1b;Quiz 3868 - livre;29;76.89;25
9f6f1ab9-fcf9-45d1-ab56-ae020678d8fd;8325796b-f994-4c71-ba74-0d4b88f1a7ca;Quiz 3133 - sombre;9;52.08;-7
9f742534-1101-4314-b892-96c9ab8ccb8a;0e0f18a5-6533-45f2-92e6-240b91baac08;Quiz 2736 - courage;7;65.67;95
9f74504d-cfe4-446a-b1eb-2b5e75731022;8c910c2f-9c18-486a-b697-db379f30388a;Quiz 3556 - véritable;11;51.79;-3
9f78021f-2821-4963-bcaf-2e78b6df215a;a7ec9acf-0fcb-4c45-af29-ac0147faaef7;Quiz 1288 - juger;22;31.28;47
9f7824a7-2d8a-41de-b790-efb0d7c38f54;b82c8cfc-4912-4bda-9950-7aaa2ad0c082;Quiz 948 - répandre;26;74.44;-2
9f7baf77-358c-42fb-9d08-2070d723b71c;41bd6494-4547-4247-8c8f-adcc807d076a;Quiz 3762 - surveiller;11;76.02;47
9f7f6c59-b39f-47bf-9b0f-1283afbcf7d2;c20dec3b-27ec-48b2-a714-2510e68e6e0e;Quiz 733 - animal;11;38.7;416
9f8e37ac-262f-482b-9ce4-47311dfddf3a;1737d911-fce9-4d81-a428-a23c56369822;Quiz 4120 - perdu;6;18.16;-10
9f9047dc-fb5c-4865-82d0-f82250d63278;c3e47941-4be7-468d-9b76-68465f30611a;Quiz 4714 - cheveu;25;36.32;101
9f915bdc-5f45-49cc-8f95-698b3bdd452a;43d1ad30-bc00-4c4e-a19d-7e3ac9b081e9;Quiz 3390 - plein;22;32.17;-8
9fb6ea83-0013-47d7-9e9a-f40f73b3a612;fee51fd2-8605-4269-8c56-cd375f72c3ce;Quiz 2340 - propre;30;26.78;-4
9fb72cd7-a12c-4f7b-81c5-eef973770e26;33263c9f-a6f8-4450-a06a-679b3f6471ad;Quiz 3237 - rêve;25;11.02;-9
9fc6fd04-4b2c-4260-adda-c3eab05243da;96862c76-f5b1-4599-af99-47f25978c5f4;Quiz 2596 - soulever;10;84.67;88
9fc8f0dd-3832-4044-b4c2-5ec0297cda76;793fb694-16d0-4a43-8708-f98a904cf090;Quiz 3018 - grâce;26;91.38;52
9fdb569f-b293-4015-9ebb-0a5b36251b80;8a9b701f-ba40-4eec-884c-139323ee8aea;Quiz 1702 - question;20;53.69;115
9fdf934f-8e3b-4e87-bf56-450849885116;edf14b64-dd0b-4cf7-8680-23119ec7841f;Quiz 2798 - ensuite;29;40.65;-2
9fe4b255-1699-4bae-9778-266dd48defc9;1768b552-9c73-4442-ac82-12d480052a8b;Quiz 1706 - assez;25;27.36;347
a014f8e1-c833-46e3-a4bc-c82efdb03227;bcf96738-d98b-45a3-b392-7eeb01cb7aaa;Quiz 728 - certain;13;62.37;22
a022160c-464e-4685-b6c7-701294f32a5b;da926c11-4cbe-49f7-b19b-2f3105ff256a;Quiz 1639 - paraître;12;74.82;-4
a038d2a6-0c6d-4bbc-8994-9e1d6c1cbfb7;d7eee93b-ea1e-4e11-8b1c-77c1850390cf;Quiz 2719 - pourquoi;13;39.92;-7
a040be3d-2808-4bfc-95f3-0bc0adc43dfe;43497996-0e43-455b-b7fd-9c6c3441730d;Quiz 2052 - pur;16;38.79;363
a04102b6-aa09-498e-8c69-f7fb5dcb4a10;942d6ffb-4a46-4078-aac6-9d3d6bc88ab2;Quiz 3976 - parole;5;13.4;411
a0548b82-f80c-4b4a-abed-2b06ed466945;931f1d3b-7722-4f50-8a9a-99fa220c2892;Quiz 441 - soirée;16;36.6;9
a0683ebb-8870-4fdf-a1a6-9f6628760ac3;c275c699-c95e-4559-bf71-9e6e1e4dfbf8;Quiz 1880 - figurer;24;79.6;-9
a06ba2b2-9fe7-42c5-99e6-3ac52dbe66a5;de5587af-cfeb-4e64-b47d-d1270e01aa3f;Quiz 3708 - parvenir;8;55.77;17
a070bee7-caa7-49fe-af7a-e72d931ab02a;ed2c2fae-d407-4254-985a-ca4e003d4ecc;Quiz 637 - paraître;30;39.95;57
a07be2ae-5946-4930-9329-b4670c348a06;b8cf97b2-b344-4472-87ac-871591496e76;Quiz 167 - passé;9;72.93;-5
a0858aee-edb2-4b76-b142-f2b1c6e189a3;7be74029-db82-408d-abc1-771e0b6a0bc8;Quiz 970 - an;12;13.05;-4
a09480c4-09b9-4cd1-a498-dec3e017fb8d;64335f28-6694-4bda-a6cf-92f7b234e475;Quiz 4947 - prochain;6;49.04;450
a0a74229-10fc-4e8d-9b5d-2b51621483f7;0c4bfb01-9023-4824-a49c-7315adca5490;Quiz 4308 - haut;30;54.67;463
a0b50ea4-10e2-4d95-8108-451419e2f855;729150c1-1ed9-4116-aeac-18ba6a579cab;Quiz 1557 - étrange;13;19.69;-9
a0bdef85-bc91-4dc7-a8a4-eb2d891a060e;28694391-ab0a-4d92-9701-02d24acd4a7b;Quiz 789 - mot;29;70.73;-8
a0c072b1-d05b-4a80-89e6-0a55bb138baf;abb04ff4-fdab-49d3-a17c-74981f59d698;Quiz 4426 - remplacer;9;16.85;232
a0ccdae2-6d32-4242-a6a0-03d9f9c02502;3369e4ae-66e2-46b8-b6ad-0a2fe24cb087;Quiz 1468 - présent;23;36.12;-5
a0d13151-7527-41df-856b-f3fe6c390091;714442b6-d10d-4b84-8af5-33211d14f69a;Quiz 4282 - prêter;13;70.53;-5
a0da8068-2c08-45ee-ad9b-20d63b08a0db;7aa30496-e5c6-4a53-b8fd-bfe922a54efb;Quiz 3545 - possible;24;36.62;-9
a0ea947b-50ff-446b-84fc-893c6c46645c;b7776fe5-a7fd-49cc-aa11-e6a133f41505;Quiz 4341 - contenir;19;21.0;437
a10b0db8-a6e1-4d14-a1fa-0c6909ee657c;58d478c9-17e0-4dd8-a62a-1b9ca09365ca;Quiz 2803 - mouvement;10;88.83;-10
a11a503c-7fa0-4361-80ce-14100f4f667d;a66580b8-bd16-4d50-b180-dcd15bef0dd6;Quiz 4501 - contre;8;78.56;0
a1204203-8af6-4d7e-959c-a35314540550;9e1f35c2-dd20-42c1-83bf-739e5ba496e9;Quiz 1890 - accuser;11;87.34;110
a122120e-e0a8-4e0a-a8a3-5fc22099a716;4922e1aa-23cd-414b-aba7-1ac984334ced;Quiz 3429 - revenir;16;85.56;101
a12fc82e-d1aa-48b6-81a0-3df21a59a736;cd496cbc-0b31-443a-be81-bf9a4d04831f;Quiz 2674 - nécessaire;5;40.77;-7
a13e93dc-0c1b-477f-a4f5-84ad7b48a458;9bcdb1a8-27a8-43f5-a009-72a17f9708e7;Quiz 1868 - ou;17;15.4;84
a140f991-2bef-4e13-bc18-0bde8d5470e5;bf87ed46-9c55-416d-a344-6f73cd0e228b;Quiz 620 - aimer;13;28.95;-7
a147382f-9767-4f25-a69c-495556f77675;f3280f9f-2293-4e7e-87a1-2d6769c791e0;Quiz 1271 - chien;10;70.47;439
a149a134-5a17-42bd-a4da-883f603ed99c;b5f30285-c30d-4ea7-b593-0bc23f01f960;Quiz 3066 - second;26;87.14;7
a14ea442-4608-497f-a7c5-8809e92e190e;91174500-1ac3-4147-9903-ed86ad6f1fc4;Quiz 1891 - hors;5;64.55;52
a15139a8-0aae-4d69-a734-d862fe561c36;9950e25a-c8da-4878-8beb-ee5865b65e14;Quiz 2432 - dont;12;27.26;-2
a15b73a8-a962-4f4b-8985-d54d02555c00;aeb427fb-ff8b-4737-b7c0-ef1ccfb0c786;Quiz 3866 - mal;27;71.18;286
a175a861-bb07-4866-bb27-8c653a195566;391dccf8-bf50-4226-aac4-abe828aaf862;Quiz 2534 - voilà;14;21.37;-3
a18fdaa2-c3fc-4132-9d8c-023903838b6a;11afd316-84cd-4db9-bae5-53518d0e5609;Quiz 4423 - devoir;21;34.64;14
a193e7b0-356b-419f-a875-a209a070398a;4cee42b1-36ea-404f-9d9d-b69772aab61c;Quiz 2352 - accepter;28;32.2;53
a1adde09-adea-4660-aafa-fdb938e8b7c9;4d148bc0-d4a9-48ba-b8a5-2d15e549d2d9;Quiz 1319 - roman;14;77.38;243
a1c19cc8-1ecc-4b9c-b1e5-dc368bc6ac79;6306f36c-5c36-4a90-b028-58ec4f4c08e6;Quiz 4710 - fruit;10;27.52;-10
a1e4f24c-1478-444a-b97d-fc8ac1f572a5;e7af09e9-80df-4f46-88b9-3222a4a25aad;Quiz 894 - marchand;24;71.55;297
a1ebcceb-3770-4c5c-af1a-984a9f98a7d4;881b422a-5016-4ad7-91c8-5afa5660abc3;Quiz 3483 - machine;19;85.23;423
a1f42159-8b25-43d2-ab73-4628886d2c55;fc5447bb-905b-4896-8418-1aff6742725a;Quiz 1485 - paraître;14;20.77;107
a1f9e5cf-b944-41c5-92a8-7a7c4a697a67;1b63e740-041c-4e65-861e-fdeaffe41f97;Quiz 457 - route;21;77.13;233
a1fcf6a1-a7e8-49f6-8cb2-ff3e9c3c2c33;3978b6df-1a7c-4fe6-979c-f40ee6511172;Quiz 292 - ramener;14;15.48;401
a207ac09-a57d-4671-b14b-bda39800561a;a6dfc040-6a9e-410f-8c2c-5365b4ba1095;Quiz 252 - extraordinaire;14;26.0;-10
a20a01e3-b362-4495-a00c-05a22bc9f49b;2ecc325a-6fb8-4649-9bc6-524c5a97c310;Quiz 3794 - camarade;22;95.01;119
a20b6d03-47f0-48b2-b584-da06ec93290c;aa5db194-687c-4e91-b795-278a2b830f8b;Quiz 1663 - colon;18;13.16;0
a2137a10-af90-4ea8-9fc4-892bdaddd7cb;30c677df-66fc-4cf8-85c4-32f14f6f0bf3;Quiz 1667 - gloire;18;59.83;97
a21722bd-9839-49f1-a2c9-4ec91f90c96b;970f3327-2322-45e9-b36f-d730061d549c;Quiz 1495 - sol;7;47.87;-6
a2173ea3-2d1e-4712-b8ff-27471670c434;ccc806a6-c719-4e09-bea5-5a593df16670;Quiz 4603 - madame;9;32.49;115
a2271379-a5c6-4ac8-8095-a9799412e66f;bc873314-2b77-4a1a-b12e-328622934a81;Quiz 3626 - soulever;7;92.96;477
a22dcaed-eb89-407d-a1f9-069ad02bd306;fb45c775-22c0-41b2-bc40-28115d00f9e7;Quiz 4672 - lieu;27;31.59;229
a250073f-61aa-4a0f-8261-c90f66196685;11f370da-b2d5-44fe-aeeb-d9c12037866b;Quiz 708 - vers;19;15.23;223
a25d76fc-c3ac-4843-be7f-5e11cf4f269f;7845a360-6d9d-44b4-960f-088cebe07d7b;Quiz 2602 - inquiéter;25;47.48;106
a270f881-efd1-4491-a710-4c6ee1ddf14a;08895b6f-6d05-4ff4-9090-1096313d17df;Quiz 896 - ciel;15;55.16;356
a283f748-40fd-481d-b699-522b6e75583d;07eb9b04-eaa9-4ea8-9dec-22796b72d8ea;Quiz 1301 - avenir;5;49.83;-9
a28e1bca-e0e1-46ab-a039-cf442253d03b;d869b7f2-1e82-49d4-9c2a-c975d8139c28;Quiz 3594 - créer;7;90.21;-8
a29bc235-9aa5-4862-8880-c15699f0a44d;52626e64-0a2b-4754-86aa-f75750e69fc8;Quiz 1275 - exprimer;12;54.57;-8
a2a53a91-7640-4bc3-a18b-1ac6938f99e9;cc8456f6-47bf-498f-a788-0fdc5f639f36;Quiz 177 - cause;18;56.19;426
a2a9a74a-302d-4fa9-a6ec-c8cda6bc9f57;9294aab0-f494-4c53-a09b-5c95e2399003;Quiz 2311 - devant;14;94.94;272
a2b56e79-9ada-476e-ad02-9346b7b4ee8d;8e01ff26-33f9-4289-8ec0-eba8a192b952;Quiz 3060 - mille;13;21.03;447
a2b758ff-b5f0-4a03-bef1-332a096bd3e8;4e5f6eb1-d8ac-412a-905f-414cff3c4893;Quiz 921 - contre;10;40.75;99
a2bfd46c-4023-41cf-abe1-16d4ab31ec83;ade744a1-299f-4321-b543-2529af273e16;Quiz 3216 - écrire;13;94.68;-10
a2c0fed0-2acc-46d4-98c6-b760feb50e90;0e116174-622d-44a6-ac4a-4de7828aec0f;Quiz 3076 - sortir;21;77.94;-5
a2e1d585-7f23-408f-83c4-98334dd589c5;038fe013-7c2f-4708-9b50-8b39cee2d17a;Quiz 178 - contre;29;30.57;35
a2e5946b-5da9-4a88-b735-504bf04864f9;9dc081e8-adff-45ee-bcd5-91689eab2e46;Quiz 1638 - employer;28;11.4;69
a2ecd579-b6d5-4bb9-8ae1-72f2b0a6c930;0f224570-a61e-46a2-af3d-afb8c0fbc873;Quiz 1077 - chaud;11;51.05;53
a2f2c4fc-8f8a-466c-af8e-157ff6df66d6;8573fc82-1ae4-4630-b294-8e3043438e3a;Quiz 1067 - été;10;22.9;-2
a31aa977-2245-4b72-9815-5b9b95ebbf93;680a910f-3d65-4f43-9ea9-3c6d2291a155;Quiz 1696 - soi;28;92.72;-2
a33d62e6-ab58-4523-96ba-bb26a65e91f3;cae4ca90-1c7c-49da-8c29-69d679c1914b;Quiz 1577 - aucun;13;27.61;275
a341accd-55a4-433b-a61e-f39516e72ad0;414f0a7e-6b1f-475d-bb64-44bb99d94628;Quiz 96 - dans;10;34.33;-4
a3463ecc-46bc-4f1b-be21-820d9c089fb7;f89233a8-e4a8-4b29-8fe2-692136d6ecc6;Quiz 2042 - parcourir;29;69.46;3
a351079f-6fcd-479e-8c80-9ff383a10ef1;9f8ca032-7540-472e-99a4-825c13232cfa;Quiz 1892 - portier;7;32.04;53
a3532fbb-9222-4049-a8b0-b2a0ee61df1a;9f7ec994-8051-44ad-84e9-c28bd51b1778;Quiz 791 - usage;20;10.85;-7
a36e9bf4-3a73-4d7d-89fb-8314fe315f32;2f59dffd-3adc-44b2-b034-52654e459868;Quiz 3651 - peser;15;92.22;-5
a384c759-9266-48dd-a46a-687aefc440aa;86ca53d5-13a7-49cf-ac87-7321e40913a6;Quiz 1875 - vieux;11;12.8;-1
a385349b-53a1-40e5-84c8-2008f2bb00de;8c739fa8-385d-421c-8424-0645abce0964;Quiz 2659 - salut;23;11.74;405
a3ce9d72-8bc8-490c-b149-1ee2081b6c90;5a4c2ff1-faec-4570-b1a4-fccfa4173d9b;Quiz 4267 - auprès;9;45.16;1
a3fb56c2-dac4-4a43-89a0-5d63702953c6;2b0b58aa-c8af-4832-a3aa-ea56f8051716;Quiz 971 - assez;18;95.07;-8
a422903b-f236-44ea-a5f6-dc0fe83c4b1e;543542ac-7f37-43b6-8a14-04619780b110;Quiz 3115 - veille;26;55.42;-10
a42521b5-3897-4b9a-a36d-3df0976b54dc;22083214-cf5b-43dd-ae65-17c1f4a49aec;Quiz 874 - voisin;28;82.66;-2
a42a938e-de0d-4ed7-a833-544739f71ec0;680a910f-3d65-4f43-9ea9-3c6d2291a155;Quiz 4428 - autant;20;38.1;228
a4354dcd-8c22-4d48-96ad-5f210fc87a8f;f9c8bc7c-6466-425f-8a50-64a872d6c23a;Quiz 4110 - livrer;19;56.59;6
a44abb93-c738-43bd-a821-3fa642d91c14;cfa1683c-7580-44ea-b4ee-da1cab2d7c66;Quiz 680 - vent;18;66.58;282
a44f1f8f-721c-4d7e-9396-e475dc1d4abe;e86c8d72-73d7-4492-ab97-d27248abef4b;Quiz 2507 - attaquer;22;33.05;14
a454b494-485f-49e0-89a0-759a2da6b1fa;0d41cbdb-99c5-4a6d-a5a8-36ea217fdebb;Quiz 4535 - bas;24;11.88;368
a45ab702-e22a-4994-9e38-eeb52ef656da;4a324d93-91fb-4c2e-a874-559555b42767;Quiz 3999 - soulever;14;37.13;70
a45f98c2-b360-46dd-bf08-06006a446e8a;a73ec7e8-d624-43fa-8f64-665a22fb4e7a;Quiz 3191 - main;17;24.12;39
a460a0e0-35b2-4296-ab3c-8fc6052bb909;19289b1d-1c46-40bc-a2b8-27df8ec8730f;Quiz 2498 - militaire;21;44.61;100
a467ec56-55d6-4032-89f5-124fdfb2fbe1;0df4788e-c3e7-4947-ac46-0ca63d1bf8f8;Quiz 3294 - quartier;5;25.62;344
a48791c3-aa65-4910-8492-94cb9d15f863;3b88183a-5518-4a70-958e-029b298d4eb0;Quiz 3126 - année;19;92.15;358
a49b15b9-16cd-479e-9fdb-390aee53e8e9;e3f5e05d-2541-488f-bb86-27ff107afe23;Quiz 3030 - heure;13;20.06;423
a49e40a6-06e0-4474-b758-157ef2b33cfe;543542ac-7f37-43b6-8a14-04619780b110;Quiz 3517 - réserver;27;90.04;50
a4a24822-4f28-4161-833b-05bceea4e174;78d2bb3e-732f-487d-9f89-68d89882cab5;Quiz 2651 - droit;21;98.73;-1
a4c1c749-425e-4a55-9e7b-5bbd54411186;958fc8f4-5271-49e4-903e-fa7ad7bdbf69;Quiz 3033 - toucher;12;66.03;341
a4c947ee-593f-4f92-ace6-efe756564567;96b5848b-08c9-4eea-aa61-7b27e8f643fa;Quiz 389 - condition;14;42.21;53
a4e9963f-2091-49d3-b5b0-a402bd69da1b;98f3f940-87dd-43cf-99b8-aafc6e0d22fe;Quiz 2464 - rideau;9;68.22;439
a4f9f323-bbd4-456d-88a7-1162c3c8a7a5;20208b2f-f075-488d-ba82-16218bb5fbfe;Quiz 1541 - léger;13;74.46;0
a4fef98b-e902-4398-8d32-4eff44ea35f6;263b5f4c-5e2a-4c7f-ba79-09a4c88e606c;Quiz 758 - officier;29;86.42;360
a501102a-ae80-46cd-95fd-52b7d95b1c44;14afb3d3-09c3-496c-970c-9017cc5d88d1;Quiz 4230 - soir;14;26.49;50
a52a69e2-1c8f-4811-8c50-48dfbf275f82;2a6c3b71-ab93-44bd-a02d-108724d4a58f;Quiz 2975 - courage;21;69.54;92
a52afccd-a55f-4955-8be0-e3eea3b83e75;46174b0f-7413-47d9-b113-601689a8e66b;Quiz 2869 - occasion;7;40.14;378
a5476399-c896-41b9-87d7-5268604ecd93;7c2619c4-5491-4309-aff4-b094b58b9449;Quiz 3507 - trace;15;23.07;-10
a557b201-5879-40d3-b544-19cabe95df85;c6e398db-f3b2-4ade-82a4-153aae933214;Quiz 2513 - grand;18;24.08;271
a5601b2a-d75f-4376-b7f4-aef96c6e1e38;40bbd20b-a498-4767-8bda-2bb38a32c508;Quiz 4633 - dès;8;82.56;-1
a5744f84-3a83-4491-8f50-adb978987cc7;e55599bd-167a-4e8c-ae03-4207fc0f599a;Quiz 852 - ressembler;14;42.54;394
a59179d2-8a52-4544-89b3-0d08e517387a;a52f5671-4cad-4635-912f-22e3fe9abaa9;Quiz 2730 - toucher;23;62.72;79
a59c4a02-aa20-4519-b71b-842c49b65e53;bcf96738-d98b-45a3-b392-7eeb01cb7aaa;Quiz 4698 - six;5;88.4;-8
a5a46d9a-1b0e-4b98-9bfb-69ac4d70baef;d3fdee4c-023b-4c28-94d3-aeba0baf3107;Quiz 4685 - parent;21;23.71;438
a5ad1f2c-8460-4bf1-bc57-1222d4d942bc;f2720fac-bb97-48b4-9a4f-b37f97cd5380;Quiz 3643 - amuser;5;53.32;256
a5ae6abd-12d3-4402-92fd-4ab7dba62ddf;9faf56a4-bbb9-4e8f-99c1-bef85a2178ad;Quiz 1310 - danger;12;88.26;457
a5c4cfad-f84e-4449-8555-4b78a217406e;251c6e3c-e365-4c95-9b7e-7acc94fa7105;Quiz 2337 - croire;25;73.72;496
a5cb75ba-6b0e-4bf9-8186-1034b244f7d0;1552c6ee-b2cb-4d58-aa55-e3d73692230f;Quiz 2853 - courant;25;75.77;490
a5d680b4-6f5c-4b2c-91c3-7ab7de3cc7d5;77ed8d5e-0041-4be7-8787-ff415cf4d5f5;Quiz 1610 - goût;8;64.33;38
a5e50415-d1a6-4754-b042-3ee2989a9c03;b058a045-9f31-421b-96a5-5a03a172506b;Quiz 2080 - ministre;8;20.58;50
a5e6a8d7-a99d-4a84-8159-dd9d6400e84e;7b8895a0-fa45-4838-87bd-c915c6182c3e;Quiz 4107 - réclamer;12;57.78;-5
a5e6e043-3337-4b95-8e75-3f1fcf7c3838;563c58d1-97f9-4595-bd21-39e4d90137bd;Quiz 1274 - fier;28;75.94;271
a5fb8b44-ba72-4638-8957-344bf30755cc;95c3053c-fa60-4a83-bd89-557d492f03c3;Quiz 650 - nouveau;15;20.7;20
a5ffb48b-a86f-48c4-b11f-ac365a73db53;8542648b-a90e-45a9-bef1-91d91d19f336;Quiz 4769 - mur;13;48.4;500
a604d362-eee6-48cf-89d2-916cb47aac2c;84639015-df65-4a90-aed1-a6c93d99a418;Quiz 1405 - cours;9;10.9;52
a633144e-f412-4fd6-87b0-ce3228cb13a8;c7916211-2952-4391-b5f3-c315d5552d34;Quiz 615 - pas;16;26.72;41
a665886f-eedc-4717-a4fe-62cb091cf671;6c0e7669-4340-4f6e-993e-0a3aa59d2c50;Quiz 2988 - doux;20;79.29;318
a665f55c-9c54-42c3-82af-0a224200787d;cc226100-d865-47e8-8314-8fba80bc5607;Quiz 2078 - passer;9;61.14;-8
a6699d09-9bd6-41c4-a736-19db52cfd5dc;aebc3ee7-1db0-4213-9130-9ee6d8882513;Quiz 1202 - souffler;25;74.39;484
a671f275-5e2a-4a9f-9b9c-f7cc609c6128;b1ac0026-8380-4a0e-ae13-4ac1e7763a34;Quiz 3679 - également;13;32.44;375
a672e5bb-38f3-4756-a256-d896f6c79c13;044af995-768e-468c-b373-d3e0795d5c2d;Quiz 4682 - usage;11;52.6;387
a6733e92-d814-4117-962f-d05fb876e406;a700db33-dec3-4b57-bfd9-2228f02dd8fa;Quiz 312 - violence;17;56.08;-4
a675c82f-b343-4c49-aab9-c9953108eff4;371471f7-8c54-4635-a1ed-df977a83a171;Quiz 4984 - suivre;25;52.58;-6
a679775e-c116-4e72-96d6-2519cb28b3cb;41114c4f-c1e4-4ff9-8b39-5aeb437da94d;Quiz 283 - prévoir;18;88.02;83
a6b18641-c9dc-4177-9f2e-7bf51d64188f;aa39b208-4b62-4bf3-a064-1143274ecf51;Quiz 4337 - eh;27;41.46;-7
a6b6398b-3d37-483d-97b7-32e68e104c99;42ffc391-7334-4481-bcd0-85e2c6b0b232;Quiz 4005 - dessiner;11;51.64;8
a6b64be1-ec4f-494b-8bb7-89ae5b249731;8f98d0b1-552d-43c0-83e5-4aaeedbef524;Quiz 1754 - embrasser;24;40.21;9
a6bbdcae-180c-4620-b1f8-e214fd94340b;aa39b208-4b62-4bf3-a064-1143274ecf51;Quiz 1550 - oreille;18;77.99;-3
a6bf492b-626e-4ac7-910d-66c61e4468df;b0f0d30b-8196-4832-a616-338fd41f1f57;Quiz 3719 - erreur;24;13.7;77
a6d5b3b9-5f01-495e-869c-6429d1aac38a;15111c89-2a47-47d2-970a-d832d3e17e60;Quiz 3296 - pourquoi;29;78.87;-3
a6e8bd49-484d-47f5-87ba-89ec77194872;b9034910-0f79-4dc0-a2a8-20e267a3601a;Quiz 60 - donc;10;58.88;-8
a6f2d698-edfb-4f24-a6d4-9654cceee404;bae26ac4-ac44-4fba-9ce2-3e75b863098f;Quiz 4016 - tant;15;77.94;0
a6f7a607-af8b-4022-a966-a251ac26dd7b;46174b0f-7413-47d9-b113-601689a8e66b;Quiz 2484 - elle;12;39.5;-10
a709f682-3724-4fa0-bedf-2e02abe6186b;735289bd-70b9-47a9-a5ad-f315abe24eb9;Quiz 4558 - rejoindre;10;55.2;-9
a70c34f3-fa39-47c7-955d-80e798c55c2d;75eae90a-e341-4d39-80d1-bdafdfa74af8;Quiz 995 - debout;7;37.24;59
a714a195-c932-46e9-8e4d-aaafb2b3826e;8d3885f2-e0ae-4726-a585-530b5fb4a9fc;Quiz 1551 - fruit;30;44.01;-3
a71b7bb0-6766-40ea-98f5-a3afbf73b5e0;8e50df89-8f31-4aef-a82e-5146c00ca3cc;Quiz 4187 - tête;22;91.01;95
a71ba851-5e57-42c0-88b2-feb2c68a9f08;de313ce6-cf5e-481e-8f40-ca1f09641dce;Quiz 390 - parent;24;49.43;-1
a71d4b8d-09dd-42de-8d34-5683448834c0;16c48457-0994-44bc-bba7-76d83fe34fdb;Quiz 617 - françois;7;60.07;0
a72c457f-3647-4620-b63d-80caa4cf4d3d;6b02de0c-d8da-488e-b234-632bc29efaa4;Quiz 1812 - fauteuil;5;84.83;356
a730fc1d-d147-42ee-82a3-d9867191c42c;d5382abf-1e7a-4d5a-a029-985f7d8e322e;Quiz 2987 - pays;10;42.87;-5
a73d7a5d-8748-49e9-b7ea-fd89b8d31020;9d2c66c7-d821-492f-82d7-ef1920684079;Quiz 2397 - conseil;30;13.26;-4
a740d3c4-9137-4162-9f6a-4fffc4507a05;3514f9ea-aaaf-4168-824a-8fd34171ae16;Quiz 1076 - vue;9;77.75;440
a7455d0f-f3b8-4af4-add5-422625a43d52;8325796b-f994-4c71-ba74-0d4b88f1a7ca;Quiz 1764 - nouveau;19;85.09;4
a757a189-52e3-4483-9c6b-4f9262b25e2b;4dc093db-c05c-4674-b4e9-1725c6b8c109;Quiz 1425 - devant;5;49.61;35
a7705d26-a575-4562-89b9-7be5e48f5b24;6b23d6da-fb0a-4266-86ee-aa695bcfd278;Quiz 3867 - distance;27;40.16;113
a77c69fa-cda8-4363-a3c2-98062fad875e;0e116174-622d-44a6-ac4a-4de7828aec0f;Quiz 2885 - pénétrer;29;35.89;222
a7952687-e05d-4859-b033-56c2845717da;5a972f43-c507-4500-9b51-8f281c36b5e7;Quiz 726 - entretenir;14;13.02;11
a79f3be1-6375-41f7-b408-68d1ce362112;92bddb29-2fcb-4bb1-8667-0c1327acdac6;Quiz 130 - curiosité;15;88.11;456
a7ad298b-df8a-4e4b-87e6-ffe9465eed3a;cf7ca584-d3b5-42fa-9643-2522469c790f;Quiz 4675 - pays;10;58.95;-8
a7b22699-36c4-4d8d-aceb-73b5b0bcff63;9b82492d-4ed5-45a5-ad0e-92876bb1f85b;Quiz 4903 - ciel;24;99.5;104
a7b2c23c-3dea-456e-baac-436d6a76e467;1ca1ab7f-d962-44cc-991e-25ca2f4c5840;Quiz 4600 - connaître;22;39.58;318
a7df53e4-84cd-460d-9660-a9602d3096ad;970f3327-2322-45e9-b36f-d730061d549c;Quiz 4585 - vide;5;73.59;381
a7e0c1ab-34d7-40cd-9f5c-5d1e7aee724c;385c808c-9ff3-4e53-873c-4b8b07e157f5;Quiz 1117 - indiquer;19;19.65;213
a7e449a7-85df-4a88-a5a9-325474fc8f2d;f876908c-6a4a-40f8-a023-5895856598fa;Quiz 2146 - donc;9;59.13;287
a7efa70a-a68f-42db-ae8e-5b9c82c155ff;b05c3b80-b051-4a76-8ebe-94861a3cb20b;Quiz 4439 - fusil;17;49.82;77
a7fdff23-e791-4e29-bc34-6313648bc7b0;30420ea7-921a-41d9-a9c8-304abbb2b080;Quiz 74 - demander;24;83.8;356
a80296ef-55a8-4388-aa20-acb1e95061b7;d81d2c84-87d3-4d9b-8ad1-6400a8ddc13d;Quiz 3707 - grave;17;99.95;91
a8045d1e-ae57-4c86-a6d1-2913063608b0;b7fb7b27-e8a1-4f6b-8704-b353d8ca6dd9;Quiz 4988 - général;17;94.28;222
a807582d-4a2e-4b0b-aa29-cdd2ebd66f37;12a6fa68-0b04-40d5-96b8-934a5c0123ad;Quiz 2777 - remettre;8;52.94;-3
a81903e3-8ad2-4996-9496-e89a17724800;b3ab2231-33af-4426-80b8-ca0111783ce7;Quiz 764 - user;5;79.35;291
a81ad7fc-2337-4102-ba61-6aee0d0d7443;eb12f243-5734-4eff-bcaa-fb8623ecc77d;Quiz 4348 - midi;5;70.46;-7
a82c0c7e-9322-4223-9f24-5c1ca230fcc7;2c81da54-2567-49f8-b7ee-fbe846eaef38;Quiz 4412 - amener;7;28.05;320
a8304691-d905-4ce7-8e9b-e43f0345ae36;a890a664-bff0-4de1-9831-c1c6f3a7b6d1;Quiz 2417 - lien;14;52.64;-1
a8387597-0abd-49dc-9bda-d2037ec44dcd;d39171bf-28c1-4879-8de3-3ed7d8278583;Quiz 748 - port;5;81.42;3
a859c7f0-0206-4098-b090-7505573bf5c4;1accca2f-2d41-46fb-899c-26567c7a9031;Quiz 3503 - réflexion;17;23.22;-9
a85a3b4e-1df2-4911-9e26-bac91ca8bd10;f8649a3f-1a6d-4dd0-aee2-027408a74789;Quiz 3751 - couche;21;80.39;410
a87042b6-bea6-40ff-8584-ada72eaefed7;de5587af-cfeb-4e64-b47d-d1270e01aa3f;Quiz 1289 - joue;5;50.05;42
a87239fb-723c-4ecf-93d2-9090689ffee1;be0fa0ae-0300-4596-b16f-fe7e694fd8a0;Quiz 4907 - empêcher;22;53.15;356
a87779d9-4d83-4fdf-b884-be49e498e0e8;c4ae2e5a-403c-4cfd-b80d-27782bcbcb82;Quiz 3951 - paraître;15;78.81;-10
a87eaa89-f6e5-4afe-9097-a7975ec4449d;9a7d9233-09d2-4df2-910a-887c49255f4a;Quiz 1400 - mon;24;20.21;96
a88027b5-fb01-4302-8a35-5c3e46493c17;fd679df1-cd83-4a51-9534-191a70659af2;Quiz 267 - nation;11;42.13;-7
a8824679-d65f-448d-ada8-355dd370a01c;568f285f-bdaa-4438-81bd-119dfda56d91;Quiz 3433 - quand;26;17.72;311
a8868fad-9522-41c0-b4df-c6bd37f93e5b;942f217e-5cb1-4a14-87d3-500c02960982;Quiz 3424 - tout;21;29.02;439
a88852f8-aee6-4338-9c6e-a50907b78196;ccfb580d-ae40-46b2-94d5-be81a499fdfb;Quiz 4563 - voisin;23;38.37;0
a89cab07-8ed7-4f37-b706-609a0464c347;6184b2cc-54e1-4875-8722-e34cbad51fa4;Quiz 1571 - pendant;21;67.16;78
a89cc1db-1fb5-4c0d-9511-f723e2f6156e;c8b56b80-5eee-464f-a50a-55a78cb9e381;Quiz 1956 - midi;5;69.78;-2
a8b11608-7d47-4e81-8575-f2e28d2d2724;6f0a3717-7d7c-4ce4-aa62-b6bebe58d122;Quiz 3365 - résoudre;20;38.79;-3
a8b53d6f-ddca-43ee-ba3b-6d75635b4faa;5edc29da-06f8-4ed9-bd98-0709581cff99;Quiz 2891 - nouveau;16;89.1;378
a8bcf4fb-a06b-4105-bf57-d4958abb8984;8b58c930-9751-4e53-a2ce-52a3b80db36b;Quiz 203 - odeur;25;88.8;110
a8be3d6b-8040-49e9-9d41-62fdc76d2fc1;3826163d-94d2-45ab-9dee-6b4292af0ce0;Quiz 1306 - défaut;8;90.94;94
a90b8f72-08d0-4477-9285-4c5d938da512;70a599c2-4cad-412b-bc4c-0a8cd9449777;Quiz 3512 - obéir;20;48.75;482
a90d53b9-102c-4978-b015-fa12869fb431;6fdaf4cf-e670-415e-b861-b7410a93f9c1;Quiz 2657 - recherche;8;51.92;45
a90e9266-9e30-4e47-b5e6-b3b1472dbbea;5f20f10b-c654-4cd3-8f65-b97c64970473;Quiz 1646 - manquer;21;54.51;-9
a9149aca-203a-465e-9a0b-78b524850352;6f4308ef-9a0a-484f-9564-dd356d62fccf;Quiz 513 - enfermer;12;53.05;30
a919b4e1-f8ba-4ef8-9a14-c8687d70d658;f5679a02-b99a-4153-b58f-746bf63453de;Quiz 110 - un;14;14.62;82
a94f9321-ec3c-4637-b353-412b9f3d480d;f7c5ad00-24c7-47bf-a115-901ee6f0c86a;Quiz 701 - second;12;42.47;68
a9590907-d498-47d5-9227-cc88523ec8a5;f65e8567-c75c-4673-8756-deb48a2a0b94;Quiz 2753 - société;10;64.0;69
a98ab0b8-c615-4b22-956c-251e58ee642c;84819976-81ae-4a63-bda7-eb6cdb2382e1;Quiz 4007 - enfoncer;12;88.91;22
a9984fd5-4e84-478d-808f-447bedac9153;dfc01dc3-6c04-4114-bc8f-b9c065de1c86;Quiz 382 - oui;22;52.26;-5
a9a43f76-f8d6-4881-8cb0-d47e39c185d3;7c35a312-a098-498a-82c9-1a2ce4087082;Quiz 3258 - flot;11;94.3;-8
a9bbc8d4-2cb3-45ef-8a5c-217b981717c1;224af2c4-5be2-4963-be5a-58232b6ca3eb;Quiz 285 - profondément;29;74.47;65
a9bff624-fcdd-405d-ac41-ee5e25fceffc;ae2e7107-0bc0-4f5b-8b88-8e128ddffbcd;Quiz 979 - figurer;13;92.71;-7
a9c3d400-1428-4556-8903-d1c2a73622f5;09a8660c-c960-475e-a045-e9224a232df9;Quiz 1118 - passer;24;97.31;-2
a9c42962-4653-4ceb-ae28-a9061c0c3249;6adf2979-7c06-402d-8cf8-83cc126459a0;Quiz 346 - argent;24;63.09;99
a9c498d4-31b8-4f56-a989-6b63cd0d496f;4e9d747e-af87-48e3-987b-68ccd5e5c420;Quiz 1636 - élever;10;23.85;63
a9c8f3a4-04ff-4a12-b5d7-9da3751566af;0996e781-c38f-473b-8bd1-1fb2340c1923;Quiz 573 - nouveau;8;60.28;55
a9cf5b22-3a29-4e2a-85f4-281cceedfa96;5cad878f-57eb-4c9b-841f-ffa39258953c;Quiz 4667 - âgé;7;73.76;8
a9f931c7-a5aa-46cb-ad4e-2e8149e341dd;a6dbe6ea-e61d-404f-b3f0-74c5b54fec86;Quiz 1585 - suffire;26;70.32;-7
a9fb12e1-159a-40b3-b913-979f215308e7;82437a31-36f8-4a95-bd16-a3cb9e746a19;Quiz 4894 - doucement;28;24.94;310
aa1328f1-db74-4433-b06c-f5c41a7ae35b;8c964b39-cfdb-4261-88a0-900e490530d7;Quiz 3821 - tu;12;84.04;81
aa1b66ce-18c9-4775-baec-3c278c2692ea;e7af09e9-80df-4f46-88b9-3222a4a25aad;Quiz 4242 - convenir;28;20.5;-6
aa212bb9-20f1-40f5-a38b-75d70a1d1e38;d2ea13b4-1119-4170-a5f9-c59f0fcfd643;Quiz 1731 - six;10;12.92;-6
aa26bf7d-84d2-43f5-9b05-022699d2c9db;46c48689-19b9-48bc-8896-81bc077d8cec;Quiz 1932 - reposer;7;74.37;-5
aa2e1207-d8f8-4511-9e8c-4c1dabc70e7d;93d50da2-d8b3-4778-9f33-353bed51d2f3;Quiz 3712 - certain;18;89.01;-7
aa37b686-3c27-4c28-b9c3-5750bdc6f1ef;7902db4f-1251-4010-bc8b-822f2dff4b92;Quiz 4544 - parfaitement;8;29.46;-3
aa3fad35-28b1-42a3-9105-c94f97e38cef;568f285f-bdaa-4438-81bd-119dfda56d91;Quiz 3468 - homme;18;92.28;468
aa40c86e-83d9-46bb-a7e4-c1476b360b7f;bb05f2c2-b51c-4896-ada5-68060daf9c12;Quiz 2577 - supérieur;24;90.68;238
aa75e437-f5f7-4d22-9ba4-4f17012de4a7;8bb6cd38-d84b-45e5-8498-64e936ebd0e2;Quiz 2410 - mouvement;24;77.06;119
aa80be67-6b4e-4539-858e-2f59c17e9bfc;532d9575-8ee9-4c57-b1b5-bd2553900ccc;Quiz 3215 - d'autres;25;29.03;14
aa84a4ad-3892-4f85-9066-6154c5e60847;751a9b05-fa71-4ec5-8bf8-921af02b9a77;Quiz 3347 - lutte;14;55.39;-9
aa9c3868-cb9a-49ab-b934-7101a174ff2c;c5a6bd10-759e-442f-98a7-2fb2c77a724a;Quiz 199 - mériter;7;89.9;492
aab21403-f5f8-4da6-a4c5-f5b0e45f7c8a;c46bbabe-72b4-4a42-a42d-b99c675ddb65;Quiz 1209 - fortune;26;87.97;-1
aac1e27f-f05b-4af8-bbd7-1aa576fa4706;7aa30496-e5c6-4a53-b8fd-bfe922a54efb;Quiz 1496 - pauvre;6;58.83;469
aacaa328-2354-4b27-b314-9a79f7b76175;0975020f-3e9f-42f0-9813-d62e29e5a45c;Quiz 3391 - patron;26;35.5;-7
aae54156-b455-4bce-8da2-482059740e70;d7eee93b-ea1e-4e11-8b1c-77c1850390cf;Quiz 3580 - ramener;15;37.98;1
ab145fe9-fec9-4c6e-87b2-991e1da91b07;0f1bf910-93a1-49fe-8bd9-87def386b12e;Quiz 22 - disposer;19;47.83;69
ab185971-4d7e-4ffe-a68d-3dc1c733c653;1cdad90d-239f-4cef-8e40-e8b8efc43121;Quiz 4921 - précéder;25;52.0;-7
ab19067a-5490-46f8-bdad-ac9c9d789eef;5b0d79aa-74a6-46d5-8ffb-acc44c8559c4;Quiz 939 - écouter;15;52.33;46
ab241708-9090-4688-b222-97f283fc856b;bbe6b8f5-ec41-49f0-bbd5-b6d4ad8e4717;Quiz 1840 - animal;26;50.44;263
ab258064-f7ab-417e-9cdf-1cb75c8ec318;46402936-0188-496b-ae14-abbd6727e762;Quiz 3070 - charger;9;26.92;-8
ab2fb065-9bcd-492b-8ffa-d239c3e0a659;93d178b2-6ec4-4903-82e7-1a65a43cdd0d;Quiz 1977 - beau;26;74.34;-1
ab37b15d-445a-4266-ae71-d19468232a8f;a0ec8cbf-6c4e-47cd-a923-a7e857544d13;Quiz 675 - histoire;22;67.07;6
ab618ce9-1222-4cc7-b7ff-82a9f85c6d72;2d9a1fa5-f959-4fae-8f03-dc2a42e4d922;Quiz 260 - journal;15;64.3;-4
ab638221-6d3e-4c82-920c-0b33c09bd10a;8f9afb04-0fc1-424c-a734-e24eeb95ec8d;Quiz 1604 - école;19;23.43;87
ab76f71a-0e34-4e37-92e3-6f6dae0da1c3;11ce819f-e5ef-4230-95d8-b70985dfaf45;Quiz 463 - hiver;15;55.96;102
ab869b88-c4d8-4bca-9b74-cfcc7b3298ab;b636a893-95bd-4b2c-aa1b-6e42fd79cc9d;Quiz 2815 - compagnon;18;25.23;79
ab8b2b3f-a324-40dd-ae33-fcd4eadb1a24;86ad553e-62e3-4f0a-b14f-79821211b318;Quiz 960 - soir;9;44.74;55
ab904e3b-6d3a-4e4a-a94a-052b084c1d0c;ddb9ee95-35cf-4795-bfc0-a257dd6e98b6;Quiz 695 - beauté;7;80.44;35
aba10371-f35a-4b39-bf94-6fe39b2b984f;6fe5061c-8edb-4681-9aa3-c17dbee19f12;Quiz 279 - lui;16;27.38;-5
abbcba45-5b32-430f-b1d5-f060eef39a59;80a7bcdc-131a-4115-99b0-e1564571d04a;Quiz 3526 - intérieur;24;84.12;-7
abd8cdff-135e-4bb4-8830-ad22957826ac;be192faa-69e6-433a-897e-3fe4bdcde0b8;Quiz 3573 - quand;8;79.01;201
abd9874d-9d5d-4dec-939e-39e9fea2d7b5;4877839f-0032-4af4-9893-ae3945a2b895;Quiz 3975 - race;22;74.83;-1
abddcd9a-f2e6-483f-ab27-169b70404659;7c0e6256-41d2-45a2-b351-2c84450f4228;Quiz 3358 - quelque;11;54.88;63
abe6879b-1122-416d-8da2-31f14e923a6e;76ae7fd1-fb7f-4e83-9806-2862ab5982a2;Quiz 33 - gloire;22;99.94;61
abf78b8f-6ccd-46af-9d71-6436f165e589;61ce7fbf-f416-4c39-836f-dacd33116ccb;Quiz 333 - surveiller;20;36.19;497
ac2a0a05-a323-4f3a-b5a4-95a07ce07ad8;b1e1be5c-0002-4dc9-8505-ca114d608091;Quiz 3326 - retenir;7;57.53;415
ac33e6e8-5be8-4c4c-a478-89b293f99b4f;8a7c1912-0d79-40a7-b92d-ac84953cc1d0;Quiz 621 - voisin;14;48.89;242
ac387c2c-ee72-46ba-a67b-470d6db2ce8a;c4be19ad-3b26-4e0d-8b15-ace970e31e33;Quiz 954 - professeur;29;96.2;-1
ac3e550e-b3b2-470f-89a8-5e1f52f36b2a;31dd9671-395f-48b7-856c-62b8897336cf;Quiz 847 - durant;25;62.31;64
ac50cb23-457f-43e6-a0c3-170da5680f11;1f75ac12-5f67-4210-a546-63d39c797053;Quiz 1073 - user;27;62.87;306
ac52d285-7a88-46f8-9a85-4846cc4dd6b2;1b3fd083-7c9b-48f9-b2e9-b01980dd9013;Quiz 77 - chance;25;39.59;98
ac5816c8-23a7-4d95-85e0-850864ed397a;a4803eb6-e75e-42ed-9104-75f880e35112;Quiz 2398 - chant;30;69.15;99
ac63e087-be21-4184-80f7-bad2e9702a77;007e74ad-b580-4cc1-8677-f569064fbb5e;Quiz 1831 - armer;29;21.77;-5
ac68e99e-5d81-4036-8e56-4ca5ab4f9ddf;3d4c3a8e-4187-4b48-8304-569d69b7f18e;Quiz 2423 - prochain;22;70.34;208
ac6e8d1a-7cdf-4b68-bcf7-3167641577c3;4cee42b1-36ea-404f-9d9d-b69772aab61c;Quiz 2392 - plein;29;37.27;274
ac86e1ec-6f91-4e35-b3a4-c2f63b45a556;37b864c8-0b05-466e-ad93-35188456fe8c;Quiz 3929 - envoyer;22;91.36;-2
acb9c7cd-2c8a-4224-9ccc-1013653a69fa;a8384f1d-4b63-4c94-a213-2b9641d329f8;Quiz 769 - éclater;14;13.83;-10
acc9ff3e-9ad3-441b-8fa1-70a74d42b15e;9b82492d-4ed5-45a5-ad0e-92876bb1f85b;Quiz 35 - voisin;14;67.37;93
acca150a-2586-4417-831b-33293857b601;3863b494-c94e-4ec7-89ba-a6d17cb39c46;Quiz 2582 - nom;14;30.4;28
acf0c84e-a8d8-469e-9f1e-b35ed031a853;147b3453-947c-4400-b95f-139f3de902c7;Quiz 1138 - paix;30;57.82;303
ad096868-1f57-4f7e-ab80-d5ca646df7ec;e8dba9ce-0755-45dd-81e1-ea9e542f0285;Quiz 885 - rue;24;73.49;-6
ad0af6cd-c28f-49f1-a707-8697d08eda68;1cdad90d-239f-4cef-8e40-e8b8efc43121;Quiz 348 - pas;7;95.53;-9
ad0b370e-8a25-4c64-acb6-f8b90c187b60;0bebf681-3fa5-4776-89e3-d5b50941a1c9;Quiz 905 - te;7;40.29;15
ad0ef7c5-3446-4671-a1fa-08aa944cd59c;714442b6-d10d-4b84-8af5-33211d14f69a;Quiz 2857 - instant;6;26.1;14
ad2018cd-c3cc-46d1-b74f-f112233537ae;97a1208d-55c7-4c0b-b10f-429c1d9ac049;Quiz 471 - yeux;29;62.94;115
ad24e105-abab-4fc8-a4a5-e2d65a689463;afb2b7bb-552c-4d0a-b071-f77f2378e669;Quiz 3217 - épaule;25;86.28;-4
ad24f7cd-66a3-4595-822f-0379241c24c6;3f086ada-bf78-46d4-893f-c6e13cba7dfd;Quiz 2441 - prince;28;90.15;99
ad24fc17-1844-4125-895d-a970db5d4770;2b1074c8-af05-4f33-8c2e-65e7db6483e4;Quiz 999 - projet;19;10.66;23
ad29932a-7bb6-4eab-b14c-5b4e0256fd67;f47a943a-1636-4637-9616-991e9bbee8bf;Quiz 2852 - en;14;54.7;120
ad48e675-d711-4496-a28f-959d2d1e2d3b;ebe1a08f-88ad-484d-8bda-fe0bc4ab2350;Quiz 3914 - hier;20;31.69;98
ad71fc26-3c28-4597-a6eb-a0b530bb854c;bbf29d0c-2135-409c-83bb-6f7c5333b7e7;Quiz 1123 - pierre;8;38.34;211
ad9e2691-8cea-4e4c-962a-a80419ae5580;e7cc8e1a-7d53-499d-ac96-d0570b70cdfc;Quiz 2965 - lire;22;36.26;465
ada20887-8676-4e59-8160-285973ea1962;eaaa2716-d96b-4042-9510-7fb06660820c;Quiz 99 - déclarer;10;52.67;77
adc20f7b-db2b-4ebc-8523-d92d08241ea0;e270a9d4-a81f-44d8-bb77-1c72f359a8e6;Quiz 3019 - cours;16;91.71;347
adca3c12-64de-4f36-98c4-7b2a813d862c;acf10b69-4d6d-452b-9c38-1d442f1efe2f;Quiz 1631 - naître;15;70.34;261
adde5e4a-2d41-40f6-afc0-5dfee303c5df;92bddb29-2fcb-4bb1-8667-0c1327acdac6;Quiz 3408 - ça;10;98.27;258
adeddf8e-8ad4-4e33-8ed3-07c329818852;e98fd7d2-39f1-4bd7-9359-b3aaf470906f;Quiz 1507 - passage;21;57.65;335
adf0fe47-fc88-47b0-9f9e-0a4460ebc7fa;540210fb-1541-40a8-a786-3281540e172a;Quiz 2958 - quatre;9;15.36;94
adfb8f2c-d7f6-45af-87f8-21db61b48ded;79a6d1f7-c1e5-400b-a007-7bcf83fee907;Quiz 3205 - préférer;7;63.12;-1
ae181549-9ab7-4ca3-bc8f-0426d7ca9c0e;244c33f7-6040-4c4a-ad5c-a2068ec3543f;Quiz 1337 - horizon;25;52.57;55
ae1d4fbe-8593-43f8-a7bd-f6244ab0504b;7e5eeda1-69a4-4ebf-b3bb-2f0078c8a01e;Quiz 1291 - rapide;20;41.55;-6
ae2369db-3144-4d69-a6f6-9bbbde2d5612;a3f23082-9bdf-42e8-829b-3c5450090f71;Quiz 1408 - fermer;7;49.11;95
ae26b146-edcc-4886-9638-e51ad4bfbab7;925ba2ec-1b5f-4609-8bd3-1f90dd3f6e1b;Quiz 2203 - comme;21;51.38;77
ae2c1209-3c1e-436b-9a87-787ec039358e;01d27047-f636-4bb1-a237-4f3e06df0bf9;Quiz 4583 - ami;16;59.22;48
ae2e2900-83e1-472b-83cd-f36499562934;0df4788e-c3e7-4947-ac46-0ca63d1bf8f8;Quiz 3366 - nation;15;73.49;-4
ae386547-cd33-4804-9947-274f112cb08d;1884b798-0c4a-4bfb-8380-a1b61da63b61;Quiz 1792 - ciel;14;95.67;446
ae3d7b4f-7c68-4c04-adba-c9dc3db8ed18;d8c84680-b0c4-4630-949e-5810b47f7489;Quiz 2806 - droit;6;41.0;15
ae54aa1e-fdba-4474-808e-92e009f10312;7ca61a41-ff66-43b0-860c-8f17c3ca176a;Quiz 2026 - esprit;19;92.96;93
ae6f1431-217b-457b-b060-09a1992cd2c0;31fb1746-31d1-44cb-9c98-d761df28ea51;Quiz 3138 - plaire;28;75.4;92
ae70ea52-5c39-4fd3-9c56-0e3ac31be916;ef3ea579-2400-40e6-a3c2-f81f68633670;Quiz 1886 - même;23;43.52;92
ae7128f3-c8b8-4e2d-9b3b-cab313ad0e39;2401d69d-33b7-44f7-b7f6-c3221ea8fab4;Quiz 4191 - arbre;7;40.97;79
ae71f66f-f15c-446f-acf5-ebbd84a7005a;a38081e5-ea94-4aae-8917-4b52bdb02971;Quiz 1140 - bon;28;86.93;115
ae7a27ec-ff4c-465c-b923-71deee12bee1;45681588-737e-426b-956b-05630d68e6b8;Quiz 4792 - conversation;11;13.08;-8
ae7dd1d8-c271-402e-910e-f64b75ffc599;4a186ddd-306f-41f8-a3ef-4579c36ea9b4;Quiz 1711 - passage;20;17.83;-6
ae8b43f4-8acc-4b77-8401-174e381265ff;430e1691-288b-4439-9b02-de40acba6f0d;Quiz 70 - empire;28;17.52;359
ae916556-9060-4a3d-822e-f8e72defe610;02ebd002-b584-4d22-b4b9-08d45f09645e;Quiz 1983 - sous;22;12.69;92
ae977354-3b8c-4eaf-9b1b-35650d24dc6d;bde9f613-da61-4fea-ab5c-2dc585ff578d;Quiz 1257 - confier;5;91.56;398
ae99727e-0a32-43fb-aee9-89c4f77456e7;a196b466-6812-4505-b559-b5eb1590e95b;Quiz 2068 - fils;18;88.54;102
aea6bb3a-a4d7-42ef-a2d4-343c73ff6830;b6ed6b19-9726-48b9-ac3f-374eafe1a1c9;Quiz 4436 - aujourd'hui;30;11.36;-8
aecb6326-5067-4d10-984c-bc1b3476c01d;cb2b680a-0242-4581-90e8-10507aa35c11;Quiz 754 - seul;11;84.63;47
aecc2094-237e-4765-8e05-4dd0f4043667;4156671e-4c5c-42a8-9176-c5a8e3b7c13c;Quiz 2709 - ça;11;57.04;371
aee0df35-11e2-431b-88cd-775ca1b908b4;f8c58ff7-3241-40a6-b8d5-2d48d4697641;Quiz 3478 - table;21;82.59;48
aeeb3892-c225-4b1e-8b64-10f12980cf52;99bfcb60-4f0f-48c8-97cc-986d4824a37d;Quiz 931 - risquer;16;15.31;3
aefbb6cc-34b6-4b6f-9ec7-882ce2337654;21ac4ff6-445a-4c18-b6d3-787da12ec6ca;Quiz 3856 - chef;30;62.7;405
af04d749-25ea-452f-bba6-4fc4aa615214;d6c89217-45c5-4ddd-bd21-94836e083678;Quiz 1351 - haine;9;92.94;117
af0d3640-16cb-43f9-9114-f70442773926;6258ae84-09a7-4372-b6f0-64e7372b1f3e;Quiz 655 - santé;24;19.11;370
af218fb1-dad4-4e71-8e8e-bb0d8e631b37;8ac70b77-1032-4f55-aa51-fbd3d97aca64;Quiz 1191 - théâtre;14;44.92;101
af305840-f527-4e63-8129-f23388f17055;a7d15492-756c-4391-964c-44c5d2c9fca0;Quiz 132 - là;21;97.96;6
af3a73e2-82c6-4da6-93bd-2b496032db6f;cd48b6af-526f-4d6a-a68b-37446bd830f6;Quiz 3487 - figure;6;30.0;472
af40df30-0eab-4ea6-b6e5-0c8ae5586329;34f40991-2317-48d0-a49c-82cefea5eb3a;Quiz 1090 - couper;23;85.57;255
af5222ed-e83b-4486-84c3-510d0b22d1cc;0b3ca321-ad70-4996-98ed-0cf03de45837;Quiz 3260 - rond;11;95.32;107
af6a0f88-9a28-45e4-951c-a50751b1f28c;bc47d640-bf67-4ef9-98ff-01c0353538da;Quiz 1129 - naissance;30;63.1;119
af7acf95-6244-49f9-a5e9-d94cfeaed7d2;12a4ead5-34c0-4962-94db-39627225d6f1;Quiz 2536 - jambe;5;29.38;261
af7ce8ab-b789-485b-a5fd-0550b9a3f9d8;54efc4b5-aae7-4a1e-933e-9e677aa26abf;Quiz 4824 - creuser;29;90.74;-2
af860b76-af9e-4e67-ab21-b9df790f65c9;c7016346-4dde-493a-95a1-fae636ce142d;Quiz 1939 - trésor;5;87.62;294
af9599d0-dcc4-4b40-a10d-a527f3415153;8da8b4aa-b474-488a-857c-41763ddb4853;Quiz 1592 - rapporter;29;32.16;1
af9be90a-beb9-40ac-bb1c-be26429ea172;5c08112d-fa41-4712-aec0-f3b6ab46d054;Quiz 2473 - accrocher;23;98.44;116
afa5e4dd-e044-4697-9080-1225556269b3;e9f494b8-4ec0-49e5-95b0-4860acb6216a;Quiz 3481 - but;11;52.91;2
afb544be-478d-4f8d-9bb6-e7dbd621c6ab;5052879e-e586-43b2-8cb0-eceb46250ce3;Quiz 4742 - prendre;12;41.89;285
afd6bd2c-4610-4b88-b1e5-c9e7cc44a32c;4b4d0fe7-f1f0-46d5-888a-d9f3d1213280;Quiz 1471 - de;12;41.43;-10
afd8f64f-4a52-4328-9b2c-77f46ae30455;f9a5fdac-b201-454f-aaac-1f252ecd8b87;Quiz 535 - jour;29;72.89;446
afe0cfc3-2d2a-4af2-a5f7-1864f71a961a;2a6c3b71-ab93-44bd-a02d-108724d4a58f;Quiz 444 - prier;11;96.0;83
afe4cb60-32d3-4770-b949-473fb0a4937a;e78f334e-c2a4-4bb7-85a6-b0024e0d4bd2;Quiz 3246 - jeune;23;42.72;445
afe5521e-0109-4f17-b756-6541494d0538;1f1fcfc3-f5ed-4175-8dcc-492e3a46f60a;Quiz 900 - conseil;10;89.71;27
afed9b94-71df-49a2-9b03-c6ca3ed59a49;237d8284-c97a-4e79-85a2-3a0d8612e9eb;Quiz 2559 - soutenir;11;77.85;441
afedd8c0-d86e-48b1-bc78-0720532166d9;07f39f39-77dc-4622-9e59-6680f9853e8f;Quiz 737 - simple;12;86.76;264
aff333dd-cf02-42bf-be97-57d0d57ffa51;c4715255-ab9f-4778-876f-f7ac26cf7cf5;Quiz 2737 - durant;25;37.17;452
b003539b-e73d-4b88-9613-9d9ae24dc9c9;70d1cf2a-51d0-4c8c-a0cb-195762a17e43;Quiz 1187 - conduire;30;36.19;-6
b0134b68-57e8-4218-8255-39a50edd666b;6b02de0c-d8da-488e-b234-632bc29efaa4;Quiz 4771 - droit;19;89.62;-2
b01fcb0b-75ff-487d-b55e-d950e31ad7b6;158f0d6a-5624-4268-bd09-d639ce7706ae;Quiz 4888 - doucement;29;64.05;57
b02f8c2c-c3b2-4497-b4a8-6274c6a6341c;bf87ed46-9c55-416d-a344-6f73cd0e228b;Quiz 2840 - souffler;18;21.78;73
b03503c4-26c4-4218-a377-531b4af8456d;b8323ba7-9c37-4499-97d3-88822690c231;Quiz 3809 - troisième;11;26.55;19
b039a2ab-081c-4804-be12-d7c5dcce432a;048ef989-53b5-4936-8b5b-ae2c67a7c5d8;Quiz 4094 - partager;12;64.14;-6
b05c3819-0201-4529-a4a9-8b0ecd2bd54b;54efc4b5-aae7-4a1e-933e-9e677aa26abf;Quiz 4356 - peine;25;56.45;119
b05fca96-2432-4e1b-bdbb-401d7d6cfd29;81509d68-f4b1-4223-a6c9-1b97265fd53f;Quiz 400 - poussière;11;83.55;42
b07b2940-3fc9-489c-9667-3bc76f6681cf;cc171478-780c-4e8a-ac14-93688a0bea81;Quiz 4305 - prouver;10;11.0;-8
b07f866b-0d23-4bf4-895e-3f7985c8531b;931f1d3b-7722-4f50-8a9a-99fa220c2892;Quiz 4969 - son;7;70.37;34
b087d7c9-b690-4758-aa47-f709f04cf3f1;77f4f325-c52d-4940-b809-78738acb435b;Quiz 3746 - espérer;12;36.1;-6
b0a76e10-a8e2-4d71-a738-71d0c7b7c3a4;1e923e68-f2ed-4999-9eae-0a3fa2575e75;Quiz 4352 - ennemi;17;40.37;-6
b0bc6b7b-452b-4bd0-85ce-516406013394;ffcde859-ac46-4266-8fd0-1ecb7461ee09;Quiz 1537 - retirer;13;90.33;-1
b0da5fcc-c559-4a00-94dd-e281a1e4e9f8;1ed5f68a-98e6-4bec-a9c7-c0a66b2d1ab4;Quiz 1044 - posséder;19;90.19;484
b0dde185-2df0-4105-a6b1-1d26b771a9a8;3bae1fac-3e2f-4067-97cf-0feb1c365a04;Quiz 2528 - traverser;6;27.46;455
b0e49394-60d6-44b2-b903-99f357444825;d85b33fc-e04a-46dd-90d9-5c0709e00ca0;Quiz 2641 - secrétaire;24;46.54;104
b0e53dd1-8840-4665-af0d-34a203dfda84;614c8474-12e7-4b62-ba7f-150766c18806;Quiz 374 - songer;16;14.05;78
b0f53dbe-bb96-4980-b8d4-1791fdb95eb2;979a5b24-8fbd-4108-8519-ff7486adfb29;Quiz 4083 - rire;17;16.46;0
b112a8fc-adc5-466d-b5fb-67b5c68ab553;fd679df1-cd83-4a51-9534-191a70659af2;Quiz 1070 - son;25;60.97;-10
b1219bc6-0633-49d1-ac17-74cc5f45d01b;324c124c-864e-495a-808b-72200f1e67cd;Quiz 280 - sonner;14;57.72;-1
b143a9d7-37ca-41b1-8cb4-dfbb95ae9f5f;a379225b-27dc-4023-b2bb-0b59bb64c820;Quiz 2239 - conclure;28;52.32;-4
b14a5be9-27bd-4357-a2f3-82ef283b61d2;32842aae-25fa-4e7e-a15e-dd05704ccf5c;Quiz 2906 - fonction;13;83.2;-6
b166ba7a-f372-4cde-8900-3288979c14b7;0037456d-d5e6-4c1d-9ced-47c95585fc81;Quiz 3766 - circonstance;5;92.6;-10
b177efc0-017e-40f5-9538-cab698f28bd4;a6accca9-d25d-41e1-973f-e032656d9b7b;Quiz 2501 - prix;24;81.4;258
b17c87c5-5ae0-4b78-a605-12cb7ad3d8c0;33b7b65a-6fa9-4aa3-a960-63e9456a69b2;Quiz 2566 - mine;17;19.53;29
b183a7eb-15c5-4ff9-8a10-5974d9d33554;e777d650-bb95-4b70-8faf-6a02ce0ee295;Quiz 4624 - masse;24;76.13;98
b18d7174-7e4e-4f90-9727-0e639329c15f;532ae68c-18e4-484f-bdf3-a31f37f1e9c6;Quiz 1957 - fonder;13;63.31;209
b18f63a7-6842-4bfb-94ed-f14d39c7bcef;09720208-b446-4469-b62b-3c5b9b35ebf1;Quiz 4786 - son;18;34.41;-7
b1a23e4c-0d11-45c1-b2df-c00f74251224;25e9a65c-1b20-4990-a71e-eccad62a9d06;Quiz 670 - occuper;23;71.2;115
b1b6a6c1-3ad9-490e-a904-067181595603;6490013c-3d92-4ec7-a0b8-05f93ca82de7;Quiz 251 - puissant;21;85.34;20
b1c026cb-9dff-47ad-b3aa-0156bdde6c00;5044931b-6fed-458c-b6d8-f650623b5ddc;Quiz 557 - beauté;15;44.65;244
b1ce5a6a-3afc-4a57-b220-f1f43ffc27e2;9c34d8db-83a7-4989-84d7-198cbed8a2db;Quiz 2712 - fumée;27;67.11;0
b1cf72d4-a350-4e26-af78-8478393d6e25;2a004c15-55ec-4ab4-9fb1-4bf318a1f0da;Quiz 3604 - lutte;9;34.16;-5
b1ec37eb-9284-4192-9643-b027bf788e19;c4bc3f6b-4ef8-4d7f-b5bf-9182cb9590e4;Quiz 699 - établir;13;93.56;33
b1efec24-45d7-433a-b565-d6ed57bfe19e;9faf56a4-bbb9-4e8f-99c1-bef85a2178ad;Quiz 4167 - naturellement;26;28.39;-7
b1f1a3d3-5644-4783-8e95-1ff4e28cab08;371471f7-8c54-4635-a1ed-df977a83a171;Quiz 2575 - sans;6;22.31;24
b20664ec-b766-43e5-9d7a-6c1f58cf027b;0691cc1a-db8c-4211-86b8-0ac84dcb7a24;Quiz 3345 - vaste;24;67.43;486
b207765d-90df-40ad-88c0-2c8a96b0be28;195ea19e-b0b2-4b25-95e1-b60e0eded238;Quiz 872 - ennemi;24;51.18;414
b21e93e8-3712-4d41-99c0-bba1845f8d13;f4fa1298-267a-400c-8c71-d0301cb9f4d5;Quiz 3025 - le;26;56.53;244
b231c306-cd78-405f-b9bc-ab484ff14076;394d4684-3d9f-4f9a-a98c-6f9dccf3340c;Quiz 1292 - système;28;27.98;-4
b23e04be-0fde-4c17-8c63-fb2e10dbed88;294d2240-c06d-4d89-a08d-bcce85851c5e;Quiz 2448 - riche;24;81.01;200
b24c76b8-40a1-4997-bfa5-14eadfccbd5d;87edfcee-db8c-44bf-b51f-e71520c6acac;Quiz 4549 - ci;13;26.82;-5
b2639c3b-abd0-4c82-9434-14ca68b60302;f7c19e63-9c97-4fb3-8288-f5ac79ad1822;Quiz 3970 - attirer;28;19.6;-6
b2677588-cd8b-44ef-a223-c881275cdab4;05e49a43-8cdb-44f9-b66e-ee246dcb5268;Quiz 2277 - existence;24;48.24;313
b2764b6d-2e75-4b54-9388-939aef240a61;21ac4ff6-445a-4c18-b6d3-787da12ec6ca;Quiz 4314 - causer;6;36.39;346
b27db109-7ccd-4ed7-ad6a-32b04b7a2fee;166fb683-cfa6-40da-8d33-19142ccb8adf;Quiz 2413 - noir;27;30.94;277
b27dd94e-986b-4ab4-8cfc-935d14adcca3;d952f515-780f-4110-8f53-3c55bd6029d4;Quiz 3748 - différent;5;32.19;-1
b27e918f-5d98-400e-ba80-17257c77aa0c;79406ed4-0e0c-4b0c-87cb-0ee03789d2c5;Quiz 1599 - établir;5;21.24;409
b2823d82-cd44-45e5-b9c5-5ad230e7d6c3;91573393-0544-460e-ac8a-056818cccd3e;Quiz 1795 - surprendre;15;42.45;-8
b283c7de-40c8-4e78-ac2a-83f7bab2ac96;6b57668b-09eb-439c-b188-18f215cc1942;Quiz 2720 - chasse;26;85.17;0
b2a34fbe-63c3-4420-a8df-e14dfa0c92cf;63142430-fac1-4261-b443-ebd64717f177;Quiz 3411 - confondre;30;84.79;74
b2a3df85-66dd-4b6e-813e-368920d582d7;d5c666fc-361a-476e-a809-4436ddc2af51;Quiz 1829 - remonter;19;16.22;450
b2c3b39a-1d9a-492c-bd64-9e0b3185e0f4;385c808c-9ff3-4e53-873c-4b8b07e157f5;Quiz 1834 - partir;28;96.12;32
b2c594e8-61f2-4280-bafb-e5b3e35288f4;46428790-6cc8-46d2-a85c-330c844eb351;Quiz 4706 - chacun;21;98.19;243
b2c8cc1e-44d4-4f1e-b9da-79bde604a84b;e5b426e8-bcf1-40de-a667-fce69574115a;Quiz 1429 - de;14;14.59;381
b2cb2f17-46b8-4707-a61d-59cb145f9cdf;cf7ca584-d3b5-42fa-9643-2522469c790f;Quiz 149 - presque;5;37.42;256
b2cfa895-653c-4278-927c-a51c8e3cc6a1;892956bd-c718-479b-9708-a1c8c6d518b3;Quiz 160 - traverser;19;61.73;251
b2de9bb2-3039-49b3-889c-bf420fedf5b5;82cae136-d066-423c-aff8-fa1808a50d5a;Quiz 3974 - ce;20;25.61;-5
b2eb3489-1d71-40c8-99f5-d68069df6a37;386f3172-0dc9-4d29-a406-4be878b31b24;Quiz 1345 - effacer;12;56.36;407
b2f3f3c3-9ebc-4481-b632-1c6be8bbca0c;888642c3-8ac9-492e-a638-24a5243e9c09;Quiz 4160 - rouler;24;52.01;-10
b30abe01-1fcc-4de9-8c2c-31cba7df0a8a;f76226ad-70a2-496c-94d6-0b07dc366dd4;Quiz 4327 - remarquer;5;56.07;-10
b30b9c78-ddf2-479e-9255-4a23332edcbc;a42fedc3-33bc-43ee-bea4-dab0607aed69;Quiz 4359 - intéresser;6;30.72;-2
b30d40bc-e9de-4e14-ac6d-ed58c731071c;a24a99ee-5d9f-4202-bdbf-b0061e1acb12;Quiz 2163 - signifier;11;60.07;317
b325419d-4e94-49e9-9614-68b23ec534a9;b8dae5ce-3fd4-4dae-b5bc-4dc05356210b;Quiz 1316 - âge;23;97.54;-4
b3392c35-6adc-4f76-9191-01bacd3e1049;6b9b68e8-4bd6-4212-bb49-3c36a4ca0ec8;Quiz 3539 - écarter;7;68.82;421
b351de70-639c-48f4-a74c-4e3e70f2cb58;b2057ec0-36b5-4036-9cbe-b6066a1e798d;Quiz 4262 - sens;16;67.36;28
b37486be-5aea-43bc-9ca9-3539805eeaa5;00f9305f-0cbf-4d82-a328-c4f543dc1ea5;Quiz 3506 - effacer;19;66.07;26
b37e1b09-45f2-43fd-b6de-207acdbe7d22;bf72c165-6c98-4ab8-b24a-050889d7f2d2;Quiz 4323 - devenir;23;23.42;-4
b37edf65-41cb-4cdd-b03b-babb59d2a13d;48a44cea-6b45-48cc-aba7-f2e02b792982;Quiz 3494 - penser;22;80.33;-7
b38314e9-3b68-49cc-a915-69f282e9a98d;732aee31-c97b-402d-956d-3f7325d9ca0a;Quiz 162 - car;23;78.85;294
b3abbdad-ee3f-4d20-ae34-a50d548b3044;540210fb-1541-40a8-a786-3281540e172a;Quiz 4898 - retirer;22;42.87;105
b3b3bf32-2e8c-4601-98a8-10fd1cda44dc;92029dc8-734b-414b-b43f-0084b0d754bd;Quiz 1794 - tempête;15;50.0;-4
b3b47600-885b-4a89-b7f6-fd0acd8ee478;3aca9091-6761-4638-99a7-080ae39f830b;Quiz 3197 - combat;15;11.42;-9
b3b9996d-f7ef-4711-9632-203057ec7c7e;290914d4-e374-479b-badf-4ec1a52d13ab;Quiz 1825 - finir;16;35.66;478
b3bab104-4a55-4f07-a834-889f819f44c2;cb8ec203-d8ab-4410-87da-150e4673913c;Quiz 1436 - qui;10;80.14;435
b3bb1c6b-1637-4cbb-9850-54af704b1961;de6a600f-9c69-4881-8bea-072630e21933;Quiz 2395 - fort;18;11.88;98
b3c53f5a-9ee3-4b13-a3fc-75ac72fe571f;3de0ab81-b712-4ca2-a037-75d95930e73b;Quiz 2247 - dehors;8;19.41;294
b41491f8-732b-4bdf-bb82-dcc2cd193022;afef7c06-cbcb-49bb-b21d-1f1b4e211bcf;Quiz 1589 - combien;13;74.11;-8
b4169ad9-f632-4776-b097-3239c5f6d0b2;ba01385f-dacd-4be3-a06c-b709b8ad41b8;Quiz 242 - dur;9;73.37;0
b41a0748-6138-4d2f-939a-1c0884b09dbb;5d5961dc-d143-47e5-b723-f7786dcbfce8;Quiz 2748 - grandir;22;23.02;-3
b41f3604-a493-4109-b815-d5889733c25a;95b62884-df13-459b-8ecf-c596b843f928;Quiz 1723 - quart;6;10.98;0
b42049b3-6f96-4bf3-a666-34f226bcbaa6;1f1fcfc3-f5ed-4175-8dcc-492e3a46f60a;Quiz 3981 - bande;26;59.65;8
b43fcd6d-dc71-4a5c-ab70-6eb5a982e7fd;b2057ec0-36b5-4036-9cbe-b6066a1e798d;Quiz 2563 - réfléchir;21;89.0;79
b443d08f-b3fc-4327-9adb-3d55a4c75217;34856445-5eee-4232-999b-432c1d82e41c;Quiz 2158 - cercle;18;82.48;-2
b44ae0c8-dde2-4d46-8e20-df8fe9404650;ec87314f-dfe4-4571-8aae-5b43a939e8b4;Quiz 2133 - plante;5;49.39;229
b455f87b-7051-45dc-b075-11191752440f;e955f0de-1916-46ae-9f7d-60ea0cbc3285;Quiz 2838 - principe;24;78.66;69
b459771d-cd8b-4ecf-96fb-e3c9bec75393;e375d324-cab6-42e0-bd97-3376c4595fd2;Quiz 2286 - erreur;21;51.85;244
b46448c9-fd4f-4f3e-99c5-b0077cfa3a31;38b15aa6-9e9c-45f2-8230-f91eea1084e7;Quiz 1820 - fenêtre;6;80.91;97
b46ba4d6-7a2a-4b7d-a6a6-585788d55a78;3d7522c5-c46d-459c-9e1e-7dce6b0bf115;Quiz 660 - absence;27;42.73;91
b46e77c6-b9f7-470f-87f1-148732cdef4f;6a013f62-4116-4c06-9888-85e314233ba0;Quiz 2150 - respect;25;14.68;366
b47608bb-4a71-4bab-94a3-4eba5a2cdb31;14c6e806-5922-4d1d-8659-a4893778e14a;Quiz 1482 - brusquement;6;89.28;-6
b47be3b7-7879-41e2-95fc-f09bf57cc6ec;8e26408c-052b-4887-b100-f2e37c0b6b1d;Quiz 3885 - bras;12;38.78;22
b485fec0-0391-410e-b898-187f10035c3f;affc70a6-cbc8-483e-bb16-8ee43e849143;Quiz 4013 - intéresser;27;34.72;292
b4909202-c3b0-4ddd-8ed9-b38a24eb7f00;b1c6ba7f-97a9-474a-9845-5c8656350bb6;Quiz 2077 - différent;11;78.7;118
b4b31cb8-b89d-4557-b6a3-ee420db36100;93d50da2-d8b3-4778-9f33-353bed51d2f3;Quiz 4442 - patron;19;93.13;-7
b4bbc9a2-e8ff-4d87-b396-9da8217a298b;6e984635-eb8d-4f8d-b44b-1390f568f016;Quiz 3678 - résister;14;80.46;106
b4c038d7-7781-482b-8593-9d1df6c2d34b;569c0a4b-f158-4e1b-b74c-2b2044715182;Quiz 3792 - meilleur;13;42.42;-9
b4cf01a7-e86f-4d16-bd5b-930e70000a1e;1d62e38d-2298-47cf-b8d9-284e7147bc79;Quiz 3392 - obtenir;5;31.8;120
b4d8193f-a98a-4bcf-a4d3-a90b66c01295;37c14507-1feb-4b38-97da-d6c4bf505bd4;Quiz 4168 - plaisir;9;81.58;112
b4dc291a-c17e-4877-8f85-64c5fc6eaa23;916938af-4fd9-4302-ae81-2ee13aa61ae9;Quiz 2551 - fort;10;59.58;426
b4de877e-8872-4c86-a9c0-c316bceddf3d;0805c3b2-2f52-439b-a05e-12a964e11967;Quiz 373 - exister;28;44.73;61
b4e77654-ca90-429a-a270-91b963ce7ef1;ad47e2ae-841f-4fc0-8dbb-5b3bbbdbf43a;Quiz 4253 - monsieur;25;11.78;-10
b4ea32dc-3293-4295-8d09-d2b69c891f8d;a794ceb1-5aca-41a2-9f1e-03b9a70b7c09;Quiz 1261 - chat;15;16.13;279
b5132c50-04e5-4fac-b988-bd30f3d94ab5;244c563a-fb9c-435c-8370-b2ee100bee6b;Quiz 3730 - nez;10;23.64;10
b51d5052-a656-4b6c-8385-a4b0d96f2c52;1d557647-7a59-4301-9c85-e33e7a20568a;Quiz 2545 - certainement;7;84.94;81
b52b38df-53ea-4899-a433-34f1afc0a731;8a9b701f-ba40-4eec-884c-139323ee8aea;Quiz 3998 - bon;22;48.47;-3
b52f6432-ccc2-4e57-a6d0-d8bd9eb4e2a3;b51af589-95fa-4870-903b-05a9005ece91;Quiz 2168 - réserver;7;48.21;74
b52f93b9-3a4d-4058-b9e5-236cfa727baf;4877839f-0032-4af4-9893-ae3945a2b895;Quiz 3799 - perte;24;68.74;84
b5393719-6604-49ca-a0cd-96c7fb0796ea;8c964b39-cfdb-4261-88a0-900e490530d7;Quiz 3940 - ressembler;21;38.35;-4
b53ee017-a825-4b10-b5ba-cbd709769c92;cae12c96-c0cb-456b-b410-d65648b192bf;Quiz 144 - prévoir;19;56.17;44
b55fb899-0aac-4bc4-aaf4-eed94486d65d;c47bbc0d-16e9-4cb0-a85f-8ac1eebe0678;Quiz 1576 - herbe;21;35.65;319
b5636fee-7de8-49bb-a01f-83e6f96b6f7a;c95e8cc3-2851-4fde-b4eb-4258115c02c2;Quiz 4350 - français;21;47.49;30
b5694e51-25e0-4f4f-b265-58bee38d7772;84ec9a7a-a9a6-4052-acb4-e1aee1c4da82;Quiz 1013 - fatigue;20;35.55;59
b5836f0e-b05c-44e1-9494-fa94fdfe9b3f;fc086813-ea04-4d5f-ac3f-1fd3286cc6ef;Quiz 3473 - fortune;12;24.85;93
b5871b53-c107-4d19-b530-05cab45ded99;beead7f9-e172-407a-b964-f07c3605ae9d;Quiz 740 - ruine;13;30.16;58
b5993cad-cbc0-4521-80f5-b85936d4c764;ca615aeb-4dbf-42e8-8a70-ca24548d8555;Quiz 2593 - en;9;14.64;-1
b59d3fc3-34bc-4e86-b66f-97cb56401c61;59a2be59-1777-405f-9d56-572f415199e7;Quiz 1385 - trouver;18;89.12;-2
b5a810db-a5e1-426b-9536-7af55e74be19;1a1bf1bc-ac46-44d3-a470-456e4262dbc1;Quiz 4577 - son;30;21.66;481
b5aad40b-4503-4c9a-8ae9-0db23d4270b4;86e8279a-dd37-4145-897e-8f0d226525eb;Quiz 1627 - nuit;17;10.54;391
b5ac3384-b441-45fa-b910-ef54b30e94ac;54d1172e-da52-44fd-91ff-bca290e5c9a6;Quiz 356 - chaîne;5;16.45;69
b5ae69ec-6dd4-46e2-af40-3ba4a0efa89c;e7af09e9-80df-4f46-88b9-3222a4a25aad;Quiz 2762 - charge;21;64.01;-8
b5b4c139-6fe8-4c8e-82da-0ba447fe7246;98ec2502-2b1e-44fb-add1-ad35d3ac0e8c;Quiz 2725 - métier;12;20.19;-1
b5d7ab85-f03b-48d5-bd25-37b87cb07d2d;5c9f5107-102e-4350-8cba-697231f489c7;Quiz 978 - croix;6;56.33;-7
b5d838b2-c8fa-4062-ab19-2ce46f40f296;fd2631fb-f30b-41c0-9165-13e2d1aeaa4e;Quiz 1500 - écrire;5;67.8;396
b5e3fa3b-3879-41bb-ac14-8dd31944a4fa;8325796b-f994-4c71-ba74-0d4b88f1a7ca;Quiz 657 - fils;25;34.37;-2
b5f3d74e-381b-45f6-b383-9a237330d6c2;696ce24a-75cf-45d5-8299-70f85b36325a;Quiz 3008 - savoir;23;72.21;116
b5f71e12-add0-4c30-9951-6f3e00bd7e34;a1321448-1640-40be-b033-67e48b762dca;Quiz 3990 - sujet;26;20.73;95
b5ff6999-98a3-427f-8439-5a8023756b92;5d690fef-03d0-46ca-84ca-7713a41a7f7b;Quiz 2837 - contenir;17;95.13;-6
b60e3f8f-75d6-480f-9aa3-a034e608125c;b0c660c8-e3c1-4486-aa21-3501010ababf;Quiz 84 - ou;21;29.79;98
b6284c46-0709-4692-ba3e-09ec415f5a98;1a3519f4-ec04-4793-a43b-3eac99dc6428;Quiz 4280 - race;28;79.24;92
b629972e-0c54-45d5-92f5-cb65cb51d31c;03b3dd71-b605-42fc-b0db-43dceb73a410;Quiz 2001 - clef;13;99.85;36
b6304318-def1-4614-a8f2-953c145462b5;c0ac4652-4240-40ff-8c29-ee165effface;Quiz 3352 - brûler;19;51.45;316
b634f4c7-66fa-4cdb-a22a-98e1005882ad;03b3dd71-b605-42fc-b0db-43dceb73a410;Quiz 1467 - parfaitement;28;97.65;5
b6357460-dad4-46dc-bac2-8a1311d59f55;b02d0106-0ab0-472d-9596-862219ba06f8;Quiz 4804 - an;12;55.32;46
b63aa7d1-8ede-429a-9085-24c6866a211b;7a3a20a4-c8eb-48af-ac0b-8990d2cb853a;Quiz 4448 - apparence;5;92.43;306
b63e5e70-34b2-4da7-bf0e-44467c9ac812;855c5cb3-17bd-4a2c-9f2a-6dcc9fbf2797;Quiz 1266 - puisque;21;72.72;19
b63f9239-32d3-4c4d-9734-8ea979d47176;7a1cf84c-39b2-43f9-9700-7cb6a82115de;Quiz 2716 - paix;29;88.4;99
b64919a7-6cf9-49da-afee-2aded71cd0cb;499bcfaf-c21b-40af-9970-4b0ccbe4c6c5;Quiz 2488 - petit;16;35.92;120
b651383f-a59c-4250-aa17-da9f6f681eac;9bf1241a-e7e4-4c72-9dd8-2a9402e6789e;Quiz 3007 - faire;14;40.84;41
b6896b6e-8fda-49a3-b48c-34559103b4b8;0833fd2e-3e8e-4251-b22d-a9593081df86;Quiz 4447 - vif;5;25.86;395
b692ec1c-cdba-4542-aae0-c4b2495171ac;2cb8a9a4-affc-43d9-b061-c8780b15e702;Quiz 627 - chute;25;33.24;19
b6932728-4ee5-4726-a01b-95f7d026570d;1a1bf1bc-ac46-44d3-a470-456e4262dbc1;Quiz 664 - précipiter;23;90.82;15
b6af4bb8-19d6-4b70-a54d-19c0985ef8f1;0c27bb14-f6e2-4086-9908-1bb37d7d99cd;Quiz 3338 - scène;21;57.3;-10
b6b5ce39-72a1-49a3-bc6f-e6ba2fa4508e;4a186ddd-306f-41f8-a3ef-4579c36ea9b4;Quiz 3332 - air;13;30.74;229
b6c01e19-4f66-4d3d-a7e1-93bcf5a8c0db;7f83b9f8-5d1a-4686-872f-a38300126ee3;Quiz 2867 - chemin;9;59.91;261
b6c92580-90ff-4c14-8677-74c1c602cf92;f12296d4-5bd8-4152-b3ed-f0f431335ad9;Quiz 2995 - chaîne;26;66.54;9
b6dcb4a3-e6e6-4dbc-a624-412d91b99279;a35b2f03-3278-4c91-a7a4-eb845e735bf0;Quiz 518 - envie;14;28.68;58
b6f737bf-4a5c-47cb-9d7d-d9c6bd2b3129;439a2658-7215-44a3-857f-db8471a9cecf;Quiz 4652 - dans;10;47.36;382
b6f7cace-bf63-46e9-80a3-2a8f456c10d0;2022cd8d-730d-4d4d-b149-c9bc70a6ff64;Quiz 4051 - histoire;13;92.24;346
b6fa2761-f70b-4ac0-bcf3-59e7e2ef86fe;91174500-1ac3-4147-9903-ed86ad6f1fc4;Quiz 10 - prêter;5;54.32;355
b715606d-9142-4a80-8ce5-78fe259e9ef9;da80df70-349e-4ad1-bf9c-29560b88d1cb;Quiz 1162 - tandis que;16;60.0;350
b71f16f9-fbfd-404f-beb5-849df64355b6;607b80e2-f7ac-4ce4-b289-2edcdccb5871;Quiz 3606 - reconnaître;14;99.98;6
b7390416-c9a9-4963-8c11-6c96d1f3183c;2abeb70f-e743-404b-8b95-ef5b50679a65;Quiz 1367 - vide;6;61.03;17
b74292ca-6b23-4241-abb6-037aa7b06d30;f0ab2022-8ca4-43ed-b178-1b3e3b2163e8;Quiz 3114 - neuf;26;88.41;-2
b75727ed-5d14-4b41-9124-d9d933a7a5f4;cd3493fb-4ea0-4644-887a-50d421d8b09a;Quiz 368 - étouffer;29;34.11;62
b767c2b0-5442-4582-b6a7-a58144c4538c;f8b3a86b-cdfa-4c82-88a1-2ed432450244;Quiz 461 - long;25;43.94;31
b7906cbb-048f-4079-ac56-5b63bf7960ad;972f1c59-ec9c-42c5-862b-a1d78fbc7737;Quiz 2855 - avoir;29;79.45;423
b79a7d81-ae7d-48f3-9358-9d8d40a85707;8577b432-f71a-401c-b91a-20a487b8ff88;Quiz 4393 - dos;18;61.99;16
b79e5d6b-001a-4f05-8664-70eb3eae1987;027b6846-1786-4b5e-8ecb-8a985a736240;Quiz 980 - sein;14;32.11;90
b7a2850f-6d54-48c0-a215-11607a5cc928;5be4c3bb-0f7b-410d-ae35-fa9e67a785de;Quiz 654 - forme;24;20.49;434
b7aa1763-287b-439a-b141-5c39d6109204;0e9d4058-1568-4454-b0e8-29eeb24488c6;Quiz 4914 - prison;28;75.99;266
b7b3fecd-26ed-471c-b52b-68eb571312d2;b9f9ef42-28f2-4861-914b-008caeade2df;Quiz 4408 - croiser;9;55.77;-5
b7bc7527-dd24-4525-bea5-bdedd45b204c;e9748da7-2f2c-4e88-8f84-fe5cff765b3a;Quiz 410 - secret;23;47.31;-4
b7c1f471-caeb-47f7-af43-e74825f1c86a;18372723-c71e-4f8f-86b4-9c1a01875a9d;Quiz 1657 - mal;26;33.41;-9
b7d5d3ce-346c-4bda-acc4-00e7f9f13be1;82fb04de-6fb8-4462-9f72-52dcc0f98409;Quiz 40 - acheter;13;63.96;-6
b7eab1a0-5abd-4b27-80b8-6024e379b031;b767d9b2-8e5e-4c17-9616-fa7f1ed1395d;Quiz 3907 - gros;19;26.52;-7
b7ef631d-3e4c-4902-a602-6d5151a90982;4d3beab0-dfc6-4530-9509-76f12ca510bd;Quiz 2795 - tapis;30;23.47;370
b8109a24-8536-4ef1-b9bf-346d87e38544;aa39b208-4b62-4bf3-a064-1143274ecf51;Quiz 581 - baisser;29;41.27;24
b82a9d29-75ea-4845-927b-4468050cea96;7ff92f94-5446-4dc2-bb30-c246c732a6f4;Quiz 4441 - raconter;8;84.13;261
b830ce98-28b5-418a-8f8a-e6531a23a241;95a9c472-501e-408c-b3b6-14ef720d2912;Quiz 2433 - situation;20;39.26;-3
b84b641d-1949-4fb6-b18c-2c93efcb330b;c45e5a7d-8831-4981-b331-bf7a72430385;Quiz 3576 - humide;30;84.92;287
b856fd98-afcd-4837-811b-2908cfc35db5;184260fa-ef43-489c-b1f9-5dabd99898c3;Quiz 4067 - train;22;39.9;91
b857303c-1503-4bc8-afbb-d05bf90f9df7;bed775c2-d0cc-4226-ad91-3d056e2bda5a;Quiz 4695 - conversation;11;12.92;386
b85a9e0d-d6c2-401d-a06a-def160138e75;804f3777-cd4e-4468-b20f-4b7564f39503;Quiz 422 - maître;19;24.4;-7
b8610e60-da55-4a0b-ad2b-83974d4d01fc;970f3327-2322-45e9-b36f-d730061d549c;Quiz 2446 - mauvais;20;36.99;445
b869baf4-1a2d-47a4-8ec8-5308e40a51a5;5a4c2ff1-faec-4570-b1a4-fccfa4173d9b;Quiz 3077 - drôle;28;51.04;-3
b876a467-ce04-44d2-acf1-cb9c086b6b51;337036f3-0576-475b-8e37-8d8a01e9235f;Quiz 2742 - oublier;7;46.65;15
b879fd62-95c9-41df-979c-23a1208b561e;1d62e38d-2298-47cf-b8d9-284e7147bc79;Quiz 4681 - vouloir;27;66.32;-4
b880ace2-f234-4b13-ae24-5f1aae6022a4;052474e7-08a4-4a1d-8938-c67f5ccebffc;Quiz 391 - blanc;21;58.14;394
b8c34f02-a68a-41a0-b3ca-07b0627a206d;6c2b69ee-dc67-4153-8aa6-4894f7718f62;Quiz 876 - sortir;27;62.61;-5
b8c5c70d-ce86-48a7-9904-5ca0e63694f9;b33d8778-6373-4349-89ad-8941b51e5a7e;Quiz 3648 - inquiétude;19;30.51;316
b8cbe8e5-4bd0-45bb-9ae7-f652ec49827e;c8f7beee-c89e-4c11-b643-67ec2fae0648;Quiz 676 - condition;21;16.48;-2
b8d0c076-39e3-4927-86a3-db8063e2462d;1663b4c3-8dd9-4870-836b-86fcff4a4ddd;Quiz 4589 - sol;14;54.74;110
b8ddc714-072c-481c-a340-05717a997252;b114f508-b3ad-4fbb-980d-05819ed8f4b1;Quiz 100 - d'abord;8;21.48;0
b8fed317-430e-4fe8-8ee7-9c8576c37cf3;6f0a3717-7d7c-4ce4-aa62-b6bebe58d122;Quiz 3562 - second;23;26.37;363
b90a9fd2-1890-4ecb-ba27-519f21015bbb;2c501e89-a6c0-44da-9d2f-551d870b0c33;Quiz 2176 - montrer;7;88.46;57
b914dfb0-27e1-421a-a471-74521fb65c01;6d2fec7c-1f12-43d3-8c05-dc661f4400ec;Quiz 989 - fatiguer;23;10.39;202
b92b9c0f-61bf-4fba-9260-f39b6441e7da;89e43a65-d5d8-4db4-aadf-9f0441e79c51;Quiz 3244 - être;8;43.15;28
b93c86cf-63a9-4f6a-ae69-49636ad71aa6;f678e925-3807-4b8c-b508-64a0ec121a23;Quiz 1161 - rose;9;59.22;283
b9588e22-5b8e-408d-9ffd-bda9410a0e94;ad47e2ae-841f-4fc0-8dbb-5b3bbbdbf43a;Quiz 3158 - ensemble;15;35.22;0
b959b6ac-c5ab-49ab-af9a-3fa0c1af3722;89f5af14-7496-40e5-bdb4-960f29d7eea5;Quiz 2065 - réflexion;14;54.92;261
b95d4baa-90c4-4b51-b4d7-4c1345625c15;e1871dcc-512e-463d-813d-cc0b2dee40b9;Quiz 3377 - saison;7;93.81;-5
b9808e87-04a6-4e3b-b8b1-c598425f50e0;f8b3a86b-cdfa-4c82-88a1-2ed432450244;Quiz 4132 - cruel;13;13.95;-6
b99702b4-b2a0-4695-83cf-6b201b803942;632568b6-5118-48ba-9e8c-900617b9167a;Quiz 2021 - mer;14;50.95;-3
b9b834b7-c8e0-4ec5-883d-8ceb851a923b;d9f0a296-d124-42b9-8490-661896c1c2e1;Quiz 1212 - toujours;7;64.36;372
b9cdd429-baeb-48d7-bc2b-d599b475cf23;ded4fe0e-df14-45b2-a4bc-01daa1eb74c9;Quiz 2604 - folie;13;43.41;111
b9d6dfd7-295f-4da5-9c61-4c2e7b4dc113;cd46af3a-64bc-433b-9678-d69d7c2374f9;Quiz 1613 - apercevoir;22;59.26;64
b9e2c1eb-2ee6-4589-bba0-961b95e8f00f;558c4646-9cd6-4f67-9f71-4d2e79a85bd2;Quiz 3599 - apporter;14;52.85;-3
b9f2294a-dadc-4c9d-a899-915757e82a71;54f033b1-01bb-4bbb-8162-7413098b8779;Quiz 636 - plusieurs;13;81.72;22
b9f2856b-4b2a-4ab0-8acf-3a35a39758eb;d9c7e094-3544-41c5-b67e-210a44387a97;Quiz 3101 - ouvert;13;91.18;103
b9f659b2-6304-467b-af9c-d2608a4b6d1d;9def6729-8a95-47ca-89c9-523261deaefe;Quiz 3797 - monde;18;68.24;95
b9ffe348-02d8-4b51-ad42-55e55ecc8a85;6fe5061c-8edb-4681-9aa3-c17dbee19f12;Quiz 1276 - autorité;28;49.01;2
ba07facd-dd81-49bf-9ebf-60a9c9ad088b;9dc081e8-adff-45ee-bcd5-91689eab2e46;Quiz 4995 - oeil;27;85.57;-8
ba15cdd0-baf1-4425-9c14-433ff9db07e9;a188a5fb-59fe-48b7-9c5d-e7871623d5f3;Quiz 4684 - un;5;65.61;39
ba220ab4-b333-4511-bef0-fa0f4ef5d1aa;ddb9ee95-35cf-4795-bfc0-a257dd6e98b6;Quiz 1369 - dans;27;30.79;-5
ba4d8bec-798a-4df7-9461-2eb40cdc2f17;119c143d-49aa-4586-b774-fd1e330f6c53;Quiz 1563 - son;7;49.84;-6
ba6c6c2c-cd5a-43e2-aad2-d8ae4a8e3874;19289b1d-1c46-40bc-a2b8-27df8ec8730f;Quiz 3685 - inquiéter;15;39.98;-3
ba79e5af-9481-4512-bb6f-0c1aab712de5;23b845c8-23b0-432a-8051-b877decc8ead;Quiz 1081 - là;29;42.4;-5
ba7c8515-f36d-4d2f-af30-8c02c497b893;881b422a-5016-4ad7-91c8-5afa5660abc3;Quiz 365 - colère;28;14.65;-5
ba7f17be-5e54-439c-8909-b4598c4c82d3;7f2bf7ec-2118-4d8f-8560-4785a5f82cae;Quiz 3038 - grave;6;70.38;1
ba87ed8b-e4d6-4f5c-b845-7bc1e80ebadd;2c81da54-2567-49f8-b7ee-fbe846eaef38;Quiz 4968 - nul;6;70.71;430
ba93ed63-0fbe-409b-86bb-39544c28ddc1;54efc4b5-aae7-4a1e-933e-9e677aa26abf;Quiz 1256 - inviter;17;38.39;7
ba97e55b-c688-4daa-9cce-95aa59ce78df;eea21102-7686-4408-a4a6-e0b9d31fa604;Quiz 1862 - nuit;30;64.79;490
ba9d2bda-9180-422f-bf14-efa1b8440544;892956bd-c718-479b-9708-a1c8c6d518b3;Quiz 3514 - étranger;9;76.56;45
bab0fff9-0dc8-4b11-bce9-4677e24e3d01;1f1fcfc3-f5ed-4175-8dcc-492e3a46f60a;Quiz 3393 - fort;10;25.78;68
bab2f01b-a0c6-4417-a3b8-6f3177308cd1;a38b589f-9838-4948-9b96-9b40d92ee004;Quiz 1503 - capable;25;28.02;33
babdab8f-c440-46c0-919a-73664ef3c66f;95b62884-df13-459b-8ecf-c596b843f928;Quiz 3225 - retour;5;65.09;-1
baeb45eb-ab24-4427-a917-3f3b79beac73;3de0ab81-b712-4ca2-a037-75d95930e73b;Quiz 1917 - principe;6;47.38;98
baff623c-13aa-4597-b51f-5159af5b321a;b9f9ef42-28f2-4861-914b-008caeade2df;Quiz 1359 - livrer;6;54.82;222
bb0ebb33-e595-4196-93a4-cdba2916157f;580e5caf-e175-4317-a9ba-789b3674964d;Quiz 1054 - général;15;41.99;-5
bb14133b-3fe2-4bf4-9288-94bc28b3141a;ce17389f-51e9-4197-bfa2-a9391787074c;Quiz 3131 - lit;20;78.16;45
bb19885b-970c-42f9-8c4c-6c1c736304dc;46174b0f-7413-47d9-b113-601689a8e66b;Quiz 3430 - chose;24;64.7;226
bb21e4cd-fa1a-46dc-84ba-7d47d0999199;84ec9a7a-a9a6-4052-acb4-e1aee1c4da82;Quiz 3968 - renverser;17;75.45;0
bb30f2e8-b414-439e-8733-ae0574768294;ae4e9c3d-e0a2-488f-82f0-3be3385a5359;Quiz 3535 - davantage;20;67.75;20
bb37e031-de2c-4894-9cb3-25fd9ee56191;8a9b701f-ba40-4eec-884c-139323ee8aea;Quiz 4226 - trop;19;95.48;51
bb4b6f1e-c2ce-4372-b57c-187912ce0f1e;48867ddb-504c-496f-bcfd-5140dbb9b934;Quiz 170 - falloir;26;69.39;301
bb56b368-6f9b-482e-9fc8-5fd3607c3ea7;74e8ba68-e3e0-4a76-9632-7517d7d1acf0;Quiz 3669 - tout;28;60.8;29
bb6122a7-e10a-47be-b54f-7b5065e06f42;8a9b701f-ba40-4eec-884c-139323ee8aea;Quiz 1502 - ville;18;18.24;106
bb66a256-d07a-4e89-ba83-d7414398d9ca;ae4e9c3d-e0a2-488f-82f0-3be3385a5359;Quiz 1826 - durer;26;59.45;31
bb70895e-4b59-4d5b-b3c9-5cbe31bcae81;98ec2502-2b1e-44fb-add1-ad35d3ac0e8c;Quiz 3618 - alors;22;56.85;31
bb918b31-1290-4add-a0c1-83bc96b139f9;f9277511-bf3d-435f-9102-07fb25a655a0;Quiz 3081 - remplir;24;12.03;410
bba9e6db-1277-4b2c-898c-3f2bde7b9ca4;ee01dfb1-6a13-4525-a23c-56051bdf1c7a;Quiz 106 - réel;11;42.41;-4
bbb1c358-b4e4-441f-9519-745fb85d6f22;d81d2c84-87d3-4d9b-8ad1-6400a8ddc13d;Quiz 1473 - résistance;7;75.0;28
bbb55b90-58ea-4213-92a9-f88516307ecb;f9ebc5fc-1fac-4e80-9c41-9f772c3afc36;Quiz 4376 - île;5;15.89;-5
bbc805b7-c664-4fa0-9a3d-1eac9743fdfa;2dcdfedd-4a51-43d3-a211-f8acefdc835b;Quiz 4458 - calme;25;84.84;0
bbde4856-f93b-4139-901a-6173d9eb2625;0f39985c-3dc5-41ed-bcfe-f8d9c532d33f;Quiz 4461 - impression;6;77.04;-3
bbe01b2d-3631-4239-a3c0-0faecea37962;86ff72fd-a55a-4c40-98fd-6ed0d68b2d48;Quiz 2772 - robe;17;98.88;-8
bbf1e1d3-3452-440b-be6b-7329b7fb1c25;77f4f325-c52d-4940-b809-78738acb435b;Quiz 2436 - afin de;23;14.25;280
bbfd1b15-f82e-40ce-b3bd-665d4966b7b1;6e984635-eb8d-4f8d-b44b-1390f568f016;Quiz 1035 - rôle;29;66.34;-1
bc0fa46d-5011-4ab8-bb06-ca24aa9094ba;c35d75e5-2b61-45c9-ae89-57d86bc12787;Quiz 652 - courant;22;98.62;67
bc13a986-4320-4f17-914a-4ba197b138f7;f0ab2022-8ca4-43ed-b178-1b3e3b2163e8;Quiz 1678 - pourquoi;16;42.27;-4
bc15963c-a47f-4ce2-9803-4af8eab104a3;d957630a-2d05-40e5-9ad2-8bd3e04c5037;Quiz 343 - mentir;17;77.77;-9
bc27ad71-2166-4bd3-894d-fc77b4600c7b;4614dc9b-219b-44e2-a1d4-8f5f2860369e;Quiz 642 - notre;14;48.41;25
bc308ff5-2d16-437e-a0cc-0042e1ad197a;533eb572-564a-41a1-90ca-c4c27be41b31;Quiz 3696 - remettre;14;21.51;50
bc32d239-ae56-414d-ad4b-63d29eba5780;6ba1f71c-8d7a-4bb4-8bc5-e0476bbd77c4;Quiz 1427 - terrible;20;54.37;-10
bc5d1805-9645-418e-875a-1f5427a62efe;dea2f982-f3e5-4f4a-aae1-1557d8381973;Quiz 2361 - hauteur;5;33.5;-8
bc761316-1083-43b6-a130-79422e10ce7e;fd1595f5-43db-496a-afaa-5a5195f95c1e;Quiz 4905 - français;16;85.93;-1
bc7f9291-8241-4317-b6d0-2659ff1e8eb2;3292d16f-3b43-4ff6-8f2d-01b45e8fc8cf;Quiz 1489 - mériter;8;87.31;84
bc9efdb7-40ee-4c57-943c-c05fb26617c3;937f2edf-3a3d-4250-8add-4c7825cfb7b6;Quiz 3155 - terminer;23;99.12;100
bca09bb4-0124-409c-8c64-f79715ab1ab3;40bbd20b-a498-4767-8bda-2bb38a32c508;Quiz 1101 - ci;17;23.4;387
bca916de-fd34-4ada-8bf1-ef39afc0b320;35eb4e17-aac0-41a2-a192-c6cd8c39fdb9;Quiz 4049 - sien;11;33.11;25
bca9207d-e3c9-4d34-9087-a6c1e8e3fb17;86032cd0-d20c-4ce4-a15a-30cbc8dc711c;Quiz 2384 - imaginer;7;72.94;397
bcaa1ae1-f3cc-49c2-8bd4-3acf7071ca97;3514f9ea-aaaf-4168-824a-8fd34171ae16;Quiz 2440 - désigner;5;35.76;-6
bcb0c209-15ea-4709-a098-75e9507159f9;61cfa330-a94d-4268-a6e4-caf9174d8af2;Quiz 4276 - coûter;20;89.53;113
bcb289dd-65a2-43bb-bae3-c2a418480ec4;1c5299af-eeed-42d2-859f-5164c130859c;Quiz 3313 - établir;30;29.31;14
bcba471a-a99a-40cd-9d0b-4cceb65300f8;f6c4f496-d876-4445-bc25-9cf348cb332d;Quiz 2081 - gauche;25;65.89;240
bcbe3243-5dc4-4769-8e5f-2226ed95dea4;e90bb46e-df97-424d-a285-3000f246d2c4;Quiz 2947 - comme;11;63.37;292
bcbed398-a837-42d3-a652-bff99bc1b2c8;89db2c1b-3f8a-4de5-82be-93f4e8293dcf;Quiz 4002 - seuil;11;34.25;323
bcd60c26-3419-4ae5-afb5-c333aa022293;ddde5c2a-0e2c-4616-9603-0cb26ea17503;Quiz 1205 - l'un;17;70.96;451
bcd63c5b-db59-483d-8603-da6edf3cf953;092a687c-7403-4324-9c18-842abba34245;Quiz 514 - mêler;25;92.93;-2
bcda6c7c-2b2e-485f-bcc9-712e675dff6e;15111c89-2a47-47d2-970a-d832d3e17e60;Quiz 496 - ni;23;78.4;-8
bcde5a72-2446-4c48-9520-aed7ab45409b;ef1389b4-cc4d-4c37-bfdb-d7b6ac178e5e;Quiz 2333 - fils;28;47.7;269
bce29d69-2581-42cc-8371-4188949b0d7a;f9d6d5f0-3131-4bd6-b5f4-66a4ad5879b2;Quiz 3010 - également;7;89.42;-10
bce904aa-ca9e-4330-af9e-9f780ae370da;154241ef-ae13-48ee-b184-14816b75c9f3;Quiz 815 - chien;27;52.76;-2
bcecf732-2e67-47e8-8a41-ea0f535dc181;4bfc58e5-2712-4417-b06d-5417056f6e88;Quiz 1049 - oublier;22;25.25;-7
bd069bff-ddd2-4cb1-aae2-189b2f8d2a44;34856445-5eee-4232-999b-432c1d82e41c;Quiz 4648 - fixer;12;92.65;51
bd1f3bd9-e8e3-4fe0-8e2c-3818f0125e5b;151ee215-ba4b-42ec-8486-50181e05a347;Quiz 4113 - éternel;10;57.86;12
bd397b18-2a5b-4aba-a2ef-ee6f0e01cda9;659a0bf3-6e99-41d9-ad1b-f54109f096ba;Quiz 3416 - défaut;14;35.6;311
bd3dd38b-7de6-4426-9a47-c7f39bbf6f9c;99517738-e5ce-4aa9-9632-6fcd36f98128;Quiz 686 - impression;24;43.88;35
bd4e8334-6724-4ad1-ac24-48d2cc7513d9;6e984635-eb8d-4f8d-b44b-1390f568f016;Quiz 890 - confondre;10;88.26;311
bd658398-e80b-4367-81df-24ffb15c492b;9d2c66c7-d821-492f-82d7-ef1920684079;Quiz 4640 - mêler;11;90.08;300
bd69d566-4aa4-48d0-82db-ed37d7904d84;127c8b66-7e4c-49ee-b126-855d2257d9ea;Quiz 541 - d'abord;20;30.41;427
bd7ce2c2-c050-4605-bdf9-f09d7a5ce380;b1d2b689-4bb4-49ee-9bd4-c16414a523df;Quiz 1419 - servir;23;82.71;290
bd835164-6134-4f95-aeb3-335450b3f957;f89233a8-e4a8-4b29-8fe2-692136d6ecc6;Quiz 3820 - attaquer;8;63.53;0
bd916fa9-e6d5-45cc-9ce0-addc99ad1026;4d3bb206-26b3-400d-b804-bafb1d95d952;Quiz 715 - propos;13;32.14;467
bda19655-4039-4c1b-ba2f-e4987f837aa8;868553a3-135c-4e7b-97bc-c28ccd8b9026;Quiz 1804 - demander;14;87.92;274
bdc62d8f-ecec-4713-8240-e93ed1696a28;bb5a843d-5401-4fbc-8d88-7f7ec36ff56d;Quiz 122 - pouvoir;9;32.04;119
bdc86491-73f9-47ae-b9c5-a98f7d3f0ff9;e2de8c38-070c-485e-b4dd-145ca28645f9;Quiz 3840 - long;23;31.39;-4
bdd50434-ef4b-4e84-9b36-8a8fc2838be2;ccc806a6-c719-4e09-bea5-5a593df16670;Quiz 433 - quinze;18;97.7;6
bddd9bb5-acfd-48d6-ae09-705e94a29929;826b9cfa-5b40-4689-bd1c-42e3ed62b9e2;Quiz 4780 - pensée;30;55.63;76
bdedba00-fadb-4fd5-8880-4ceee467996f;b9073ffc-850b-47e3-a32d-d20832a06b6e;Quiz 2294 - différent;19;86.31;482
bdf00efe-45bf-4c41-90b8-9553029794ff;2310387d-651d-4bd1-9bc1-f8f8bb159222;Quiz 729 - sombre;22;47.71;84
be00fd77-fd1d-408e-981f-47d7b56c8891;6a013f62-4116-4c06-9888-85e314233ba0;Quiz 4024 - avouer;24;57.07;240
be04ce61-cfa0-478b-aa22-076de5b53ba7;5674a425-6135-434e-8e0d-c4a42d70c3c6;Quiz 362 - recueillir;24;67.42;266
be1272f3-63d7-4772-b969-282757ce4d85;7477a7e2-56b4-430f-986b-b7efadecfb9b;Quiz 1388 - situation;8;12.36;-7
be25067a-3a4d-4612-9e91-d6162caa6006;688c0671-5698-446e-8363-198e9bdcac58;Quiz 1854 - ton;19;11.63;213
be2f9fff-84e6-4f75-9fff-6b095738ee0e;cd021892-3fa9-4919-9098-64184ebb3fdd;Quiz 378 - malheur;19;29.64;14
be360f80-017b-44ff-bfc7-639782a99a8a;c45e5a7d-8831-4981-b331-bf7a72430385;Quiz 853 - beau;23;63.76;119
be38b59a-1765-4a83-8d87-0fc7d7b7dec6;a0a573f9-9f17-42be-834b-86667c190257;Quiz 2942 - saisir;14;13.13;-9
be469fa5-3e8c-48ab-bff4-e18783bd4cc9;21f3721a-e524-492a-8b1a-fa677a5498a1;Quiz 3425 - intéresser;29;16.72;390
be65a6ad-945e-420c-9764-dc7e3af30b4f;0b3ca321-ad70-4996-98ed-0cf03de45837;Quiz 952 - occuper;8;91.74;441
be78aa83-431e-4bdc-a14d-7e1280ae9d38;a4b6fd96-8b42-4bfe-bfec-7853493833cf;Quiz 2968 - creuser;16;79.54;102
be8e9e45-797d-4fc8-a509-6a2f968b77b6;53967eb3-9bb5-4909-8265-80ce570157b8;Quiz 213 - apparence;13;59.52;-3
be99e723-2ffe-49b7-9800-9fee514fc22a;a877dd30-1944-4a01-b402-f55a646d7f8f;Quiz 4966 - cent;22;99.91;1
be9a6ae4-3d04-4de6-a249-b54a81dd1894;400b7a2b-9388-4ebd-9888-dd2de9112451;Quiz 3254 - père;15;74.05;81
be9b61d7-cdd6-486c-912f-fc3d75e78c5b;7be74029-db82-408d-abc1-771e0b6a0bc8;Quiz 4753 - établir;6;96.26;423
be9ecf2a-0fcc-4936-9be5-8117e34f6c05;c6bc4eaa-b5c6-46e8-8c79-c74b8fa13df6;Quiz 1335 - creuser;24;15.62;293
beadefe9-74df-4fb8-98a7-5c73ca271daf;f1dd13a6-7331-40d0-be2d-94f4c3152949;Quiz 4071 - guère;30;74.44;228
beae8d0a-cc19-48d5-837e-40d54b2d30c9;07ffb941-0cea-4f67-be37-4347ade6ecae;Quiz 2941 - page;9;15.01;-5
bec51ee7-5ef1-4b63-919d-199e9d04dca7;a4078061-a628-451f-8538-a0d7a2f29152;Quiz 4629 - naturellement;20;86.6;66
beeb76dc-0ca0-41ee-9fdf-7827e387b0d1;1b24d273-a4e6-4fce-9a91-dd22f804e7c5;Quiz 4777 - désirer;26;59.99;201
beec295b-d545-4b49-bbc6-18b8b1c00a7a;70a599c2-4cad-412b-bc4c-0a8cd9449777;Quiz 2438 - coucher;18;82.78;379
befc3b2b-84b0-4765-8048-5db50cbc1896;92bddb29-2fcb-4bb1-8667-0c1327acdac6;Quiz 720 - ou;22;38.94;200
bf0781cd-e393-49e2-8512-3edf3f4dd02e;13f33a79-a0cc-4909-9df1-e391beebb4ec;Quiz 940 - voyager;13;88.83;107
bf23b0cc-0495-4390-8a09-d2844a0e544e;f196f30b-191c-4948-90c9-67ceed267717;Quiz 1803 - juste;7;82.98;17
bf27a4d2-4847-4e80-a3b5-b63370fbc8c1;54d1172e-da52-44fd-91ff-bca290e5c9a6;Quiz 2648 - dépasser;11;96.82;43
bf2ddbbc-7cc8-4b2b-8d46-6d012430d59d;9e66b721-41f9-4b13-94aa-66bc663f991f;Quiz 4137 - crise;5;89.04;422
bf31ee6f-57bb-43b3-8931-a08a71e997a1;b8f6ea3c-b409-46ef-81b0-9f002dba62fe;Quiz 3419 - céder;19;45.76;-8
bf5362a7-4d35-4c8b-a250-f2f1e644eb28;2cb8a9a4-affc-43d9-b061-c8780b15e702;Quiz 1716 - savoir;11;35.09;58
bf5db7a3-3430-407d-9c44-af105d585af9;921929d4-e12b-4c5a-b540-24c5bd30338c;Quiz 3087 - permettre;24;45.9;410
bf943ad3-9d36-4b79-98bd-895f2bc9cb3a;9b1056f1-cdd4-43d8-a1ec-1b551745ffd5;Quiz 3371 - dos;24;39.34;109
bfa537fd-5f76-46ec-8779-41a842fba89e;ca92986c-a0eb-458b-8959-fe7dcbf609e6;Quiz 3978 - creuser;29;45.83;385
bfaaa314-199f-4816-b8ab-b4493ce371ba;f0cbc800-d9bf-4de7-b163-d8c025e8caac;Quiz 2877 - trois;5;41.77;-8
bfb62559-177f-4e88-9e7b-ca26662c720c;b9073ffc-850b-47e3-a32d-d20832a06b6e;Quiz 1732 - saint;8;53.67;437
bfb7db8a-9f52-4a5e-8bd7-a2ae9d4b22bb;54d1172e-da52-44fd-91ff-bca290e5c9a6;Quiz 1269 - chaud;9;74.15;399
bfbb02e1-8134-4092-bb7d-454092d19699;82cfe027-00a1-4c59-aa0f-4b62238f55ef;Quiz 3522 - courant;30;87.2;0
bfcd7215-4681-45f3-be5b-af8047131469;25e9a65c-1b20-4990-a71e-eccad62a9d06;Quiz 3014 - calme;22;93.96;-3
bfce8632-2698-43b2-ae80-f7101596c34c;7811dcea-3193-47bd-bc14-58c47fd08982;Quiz 4949 - général;29;88.9;494
bfd4c9d3-e09f-4891-8b61-a96ef90df712;72658910-ac2f-4aa9-a7b3-6366ce56b3c4;Quiz 2086 - son;29;40.51;59
bfd93480-508a-44f7-955e-02d05b87e71f;2153a76e-ce16-48ee-8d6c-af2080a1aeeb;Quiz 1601 - lier;8;54.04;45
bfdd1414-c1cb-407a-9b25-5fbbb66d2d2c;36b50f34-c976-4bd5-8bb6-cd1ef46bc5a9;Quiz 27 - garder;22;75.43;0
bfde3e14-5f87-4c45-801b-5e2e7676a5bc;33263c9f-a6f8-4450-a06a-679b3f6471ad;Quiz 1174 - poète;22;14.32;0
bfe68610-08fe-48eb-866e-332e0a14ee77;23fc4e9b-2486-4d06-953d-55c3bbc45bfa;Quiz 3333 - intelligence;5;10.18;330
bfebc4c7-4344-472b-9cb1-4a4418bab6c2;5c8700cd-75d8-4f5e-838a-23073fa878f5;Quiz 3021 - madame;17;45.82;449
c015936c-7b05-4732-adf6-6ab8e6e408a8;c29d2b00-f46c-431b-9199-1523baaaef84;Quiz 2200 - signer;8;13.01;72
c01fa1c4-19cd-416f-bee9-d26c0c23f603;4e5f6eb1-d8ac-412a-905f-414cff3c4893;Quiz 3695 - selon;13;86.27;87
c036f15d-f704-40e7-b858-7eb158391c91;b7776fe5-a7fd-49cc-aa11-e6a133f41505;Quiz 3065 - classe;29;14.21;43
c04cb2aa-05ab-4306-842e-a6e53f7a3beb;237d8284-c97a-4e79-85a2-3a0d8612e9eb;Quiz 4190 - toit;12;25.46;-3
c0559f6f-b0a6-444d-b3eb-d1bb9aa828a3;f6be0f11-6848-43ac-aa92-0b1e79444c1d;Quiz 1782 - avant;8;94.37;29
c0636454-3e77-4440-acc9-10215a7baa94;b2cfc331-8003-43d7-83df-33d9312c9e15;Quiz 4487 - envie;24;65.06;71
c06d16e3-ae21-4613-91a5-2236c1e689ab;bbb3ac3c-0032-4005-868a-50496b7a6cea;Quiz 112 - propre;22;50.36;-9
c086c896-b3de-410f-8103-0b4f23cc5526;193558e5-dfd5-465f-ab4a-537b80e85c13;Quiz 1442 - repas;17;83.68;-2
c0a05d07-7d2e-40c2-afd9-58b42d6b1083;6d16f155-837e-4641-ba9a-0bf65ee31f7e;Quiz 2675 - possible;19;51.77;300
c0ac1648-91ca-46b2-95c2-13908b145f83;539126d3-ecce-4b02-be44-8341fe54a590;Quiz 1558 - rocher;22;74.04;78
c0ce397f-aa7a-46ff-ae5a-9f9135e3ebf0;bc47d640-bf67-4ef9-98ff-01c0353538da;Quiz 551 - comment;23;46.5;89
c0f02b20-a0df-4097-9297-675c104f7737;dfdfe33e-810a-401e-8a5c-e17d95fb89a3;Quiz 3148 - voir;29;98.1;294
c0f1c087-d851-4db0-a0ce-9633f45c862c;9a50277e-4b94-4486-9f6b-f51ee515fd20;Quiz 860 - grand;15;82.69;0
c100947a-5c7a-4a5e-a51e-50b2c2c819e4;a1fe1c32-4c2b-496d-826f-4cda6852e467;Quiz 3504 - matière;16;61.57;326
c103a40c-a6e8-45d3-9201-0c7a392e8419;2f961e8a-7386-4c38-b0d9-e41defc69688;Quiz 4138 - oiseau;11;25.13;352
c104a3ff-df13-4d3a-afd9-4fcd2413b980;9019c755-fe90-49b2-aa93-a9f002b9b5fe;Quiz 2665 - arrivée;8;49.54;-1
c1340d4a-9d77-4f8c-9b91-399e4c9cf568;8c739fa8-385d-421c-8424-0645abce0964;Quiz 284 - interrompre;15;41.28;7
c13f5090-54f8-4f44-ac14-19d7d80d3413;81509d68-f4b1-4223-a6c9-1b97265fd53f;Quiz 278 - mourir;24;46.79;307
c1481450-dec1-41a7-9268-9c0578193434;93ff9ce4-5ddc-4adf-bc78-0d2fd0e3c5d0;Quiz 2491 - y;6;18.54;-3
c150d064-5eb6-4959-8103-2b6d5c7a42c0;86e8279a-dd37-4145-897e-8f0d226525eb;Quiz 3080 - mais;17;98.57;-5
c155aedd-824b-485f-a289-e2473134e5ca;08895b6f-6d05-4ff4-9090-1096313d17df;Quiz 4687 - suffire;9;95.06;74
c1594bad-319a-4006-a543-3fce59ccdccb;73593212-3371-43b2-be2d-6b2604ee140b;Quiz 4208 - protéger;10;22.37;87
c1605423-0ca0-4aff-8977-1a69a1d69cd1;c0978b68-b578-4f1a-8cff-ebb98ea14e66;Quiz 1017 - saison;27;56.45;0
c160dce3-88a5-4a9d-8f48-1b472fedfad2;49d56376-ccc0-4625-a998-88e8b7b1fdc7;Quiz 3674 - ton;5;79.64;-4
c182d329-fb71-4396-b903-0c366118c69a;99e040b2-00e8-4897-8cdd-cabadea1fd4e;Quiz 2450 - tranquille;20;65.42;-5
c18c7db0-ce90-4e76-9e79-979c23e4b463;b0a7dbf7-f594-44d1-8a49-169fd8397a90;Quiz 4658 - esprit;5;76.95;5
c18f7c7d-f576-4a29-8097-6b2e602290de;77da435f-d22f-41e3-b2ad-b64a352afb67;Quiz 2296 - vague;24;77.31;0
c191a51a-a102-48fd-b4f8-f952df8df266;6f94ec75-dcfc-41c5-9a65-083293647308;Quiz 4986 - fin;11;47.15;86
c1a4abc1-d430-4475-93b1-d6314a5b823a;92048586-7fc0-4970-91c5-d8aebaa6f078;Quiz 3656 - franc;11;96.0;403
c1ba7db3-93a5-4ad2-a4bd-1fb9793dee51;6552f034-1f92-485e-a590-4dea4405ee9d;Quiz 4068 - reposer;27;42.07;-3
c1bbc35b-403c-42c9-833c-7b25c9999fa5;838f1bc4-fc07-473d-86f4-6c3d0c6139a4;Quiz 3312 - relever;29;79.75;-8
c1c6fef3-9fa2-4d3d-8478-1ae5b5af5c6b;a6dfc040-6a9e-410f-8c2c-5365b4ba1095;Quiz 1578 - résultat;9;28.29;426
c1c824b1-1b96-4745-871f-d6067d558292;2bf10d0e-00c4-4744-bef8-476b17a40bd0;Quiz 3575 - oncle;5;19.69;-7
c1e78356-a336-4b0c-891d-80110e306d29;1f121ce6-f71c-4507-83e2-aeeda85ff66a;Quiz 935 - parmi;8;31.6;102
c20c36db-8ca2-4683-96fc-2b1c9cd6e86d;294d2240-c06d-4d89-a08d-bcce85851c5e;Quiz 249 - crise;9;60.95;48
c211d3ea-6b48-4f51-b78b-c170cebb7fcc;7ae7c6e7-9a7b-4921-8426-ff423a58be19;Quiz 1726 - coup;20;37.13;12
c21d9365-bbfc-47c4-887b-c68bc17fefd4;9e72bca8-74d1-4772-bcc4-b43a9147cbf1;Quiz 4254 - cinquante;19;34.92;51
c2232121-ee7b-4467-9ad3-0634d264ea8a;6666651a-a34a-4e2e-a4a1-0204323cfd86;Quiz 4196 - sable;12;15.82;493
c232f819-3cb8-45d2-b29b-ef2215f45719;ee5a6781-4b3a-4700-80b0-06c7adbf07ea;Quiz 2351 - port;16;59.74;0
c23ff43c-4412-4c99-8cb0-2a5017f517af;d686fe3e-5670-4424-b3d6-c37e006d6f4e;Quiz 2342 - côté;14;29.96;27
c248e126-d856-4062-abd7-7810c034d1d9;b781ff54-7d16-4980-94df-5ba56313ff6b;Quiz 520 - plante;8;72.43;343
c25e5f73-5422-4c5f-bf7e-49d80883b119;a997837a-ecc9-4dd1-9774-4db5af90bd06;Quiz 2831 - plante;24;22.19;-7
c269ba1e-1877-4be5-99ad-f9ef4f83c643;2b1074c8-af05-4f33-8c2e-65e7db6483e4;Quiz 1338 - sur;13;78.32;0
c2765492-83c8-408e-92c6-a4b6e486aeac;0c4bfb01-9023-4824-a49c-7315adca5490;Quiz 2612 - peser;29;12.38;-7
c298f73d-dfdc-4340-8275-af682084831c;6e984635-eb8d-4f8d-b44b-1390f568f016;Quiz 4259 - volonté;17;77.63;64
c2a12967-8306-4000-8761-41853fe76d9a;c37d4a75-837a-425d-85f1-eba3206e6105;Quiz 1197 - peur;14;70.97;490
c2b218a6-90ee-4fc1-9848-6ecf21b8aaa2;3a4311ba-fc75-48b6-9ef9-294da9a98be3;Quiz 1879 - retourner;6;56.52;478
c2b73d7f-1051-4ed9-b95e-46047d24547a;03359a13-11c2-4174-8608-f40f1518bc89;Quiz 3955 - mille;25;50.96;93
c2c358af-0fda-4a51-9a23-e4964d07e1e4;7a6a34c4-dc5c-4bce-8811-8fe5f28be79c;Quiz 188 - voler;10;10.79;438
c2c64b89-ab53-4cd0-b08d-15d19528125b;5f905f0d-6b5e-4d8f-9e8b-55efb0369cb4;Quiz 3731 - chiffre;17;49.34;0
c2d3bd72-b859-430a-ab3f-4da3a882cede;c989d738-2d3e-4771-8543-c1341d932435;Quiz 222 - prévenir;19;52.29;223
c2da8bf7-2376-41f6-914f-42c07f6a8a8b;f7be1392-a53a-4bf4-9f04-1f8f5808468e;Quiz 2778 - bureau;27;15.08;6
c2e63e28-3a1e-486d-9fe2-b06c12df2663;b377ef73-a0dc-4fd6-be79-c140f8e68dee;Quiz 1459 - capable;11;41.73;0
c2ee5a48-125d-4bf8-b749-abd4a3a8207f;6433244d-2d4a-4e38-a412-7ebffb0f1ee6;Quiz 3321 - sauter;28;21.34;-5
c2f9e05b-32d8-49bb-822b-48d7e0f0b690;3d7522c5-c46d-459c-9e1e-7dce6b0bf115;Quiz 2180 - nombreux;27;58.95;494
c30ad984-e2ad-45d2-aa5d-d37b5c109ae6;7e64f389-b7fc-4d30-a22d-42e7e6c8f26f;Quiz 1674 - simple;23;15.8;246
c3151774-f768-47e4-a466-6588922740c8;b2a0ad57-211f-4695-85de-d9cda7f76146;Quiz 2667 - etc;6;18.26;-7
c319580f-ee88-45e2-b48a-cf91f89badd3;11afd316-84cd-4db9-bae5-53518d0e5609;Quiz 1003 - moment;28;55.89;497
c31971ee-d469-402b-a1af-c8f3b6f6b24d;59513112-0cd0-42ad-9df3-bf93ed4b4f18;Quiz 271 - tirer;11;57.96;57
c31ff30d-1931-430c-b0b1-d081375a26a3;9a50277e-4b94-4486-9f6b-f51ee515fd20;Quiz 3311 - craindre;28;76.11;393
c324aa06-4ea3-4393-a19f-8ed42cf80c02;c7a21da8-e390-4a6e-9631-de0e8566eca1;Quiz 3834 - histoire;28;43.37;245
c32521da-1f6d-4c6f-a2f3-2d815a46dbeb;e5389e58-70f2-45b9-b4bf-ad67a65a53c8;Quiz 1239 - ou;15;98.84;41
c34622e1-6f2e-4976-8d39-2e24f5208921;566da41a-f628-4d21-b7d9-16ae836f0a3a;Quiz 2155 - sous;13;66.9;55
c360c1ef-f3bb-4b63-a58f-82317593ca23;de279714-3ab3-4137-b36e-0e1e165b20b1;Quiz 1981 - gauche;11;80.54;25
c36878b0-5371-41fc-a31e-41bd8ad7327f;1336e193-f778-4296-b3e8-a0d253427c52;Quiz 1791 - riche;17;95.49;402
c381e5c5-a72a-47d9-9b25-09384ee3acc7;313caeb5-5425-4243-a4d9-5e9e5792bb0f;Quiz 4781 - casser;11;79.93;71
c38f7f14-91f5-45f5-9042-3bfed8d59ad8;b781ff54-7d16-4980-94df-5ba56313ff6b;Quiz 1944 - cacher;22;89.53;263
c3973147-55ee-464d-9c4a-39b59c3af5f9;7306551f-1784-4fc5-bd97-569a10d3d116;Quiz 1659 - palais;20;79.08;-9
c3a6551b-70cc-4b03-a42c-48f08687440b;5e23bd5e-b863-47cf-be8d-8433bdbb714f;Quiz 1938 - expliquer;10;87.34;425
c3b8c03d-8ef3-4060-b5e5-7257faee070d;7431e19e-5c81-41d4-95e0-f5ac62745993;Quiz 2420 - dernier;24;31.89;101
c3bc3e7b-bbe1-492a-89b1-aaa66741b523;ea3d4136-21cf-4396-9501-02b149347835;Quiz 562 - sombre;9;54.19;438
c3c59516-c765-4ec3-bab6-f782b62852f3;632568b6-5118-48ba-9e8c-900617b9167a;Quiz 3374 - détail;29;54.91;27
c3cbc70a-f8d4-4b94-8437-8b25b895f2a1;6b57668b-09eb-439c-b188-18f215cc1942;Quiz 1906 - me;25;34.97;-5
c3d01710-533f-48e4-93d7-32f3fd2eb659;2ae021b0-3976-4533-a368-638964e181d2;Quiz 1404 - enfoncer;21;23.22;-3
c3d3b4f7-7302-49b9-8ee6-4e921469ef53;a877dd30-1944-4a01-b402-f55a646d7f8f;Quiz 380 - tendre;15;76.22;262
c3d7319f-0a0c-4a45-8414-a8ee35b6d4f3;b8dae5ce-3fd4-4dae-b5bc-4dc05356210b;Quiz 3716 - jour;25;59.67;24
c3dd1290-8844-4a56-8bf8-81d2f6a8fe7b;51ae407a-69c0-493f-aa25-9e8250a0e385;Quiz 371 - mariage;19;96.04;302
c3e2b2ef-9519-4bbb-9f62-666b423d79e9;0a7af64a-9e5a-4c65-abb1-4443314bb8bc;Quiz 2876 - jeune;18;89.49;-10
c3e910be-1d04-4293-bcec-f765be7a1803;1e923e68-f2ed-4999-9eae-0a3fa2575e75;Quiz 567 - noir;28;78.56;90
c3ef0acb-ce52-4ebd-a096-9970b1efe939;c07fd777-7891-4d5c-ba4d-343fd9efb70f;Quiz 3571 - attacher;26;13.32;364
c3ef3d01-dccc-4d69-a7a2-daa3f1dee7b4;fea136d1-f11c-4c7a-babf-c2c6f712e3d8;Quiz 2032 - quelque;21;12.09;-4
c3f1f9cc-d581-4559-a58f-bb562ea3e1f7;de6a600f-9c69-4881-8bea-072630e21933;Quiz 2089 - dessiner;16;17.46;231
c3f272ed-f01b-4482-bc09-988d1a0e8c90;b62696a7-10bb-4b48-a10b-faafdf7b3456;Quiz 1881 - bas;30;62.99;58
c3f27c2c-63e7-4f65-9b96-5875d3dfc711;ccc806a6-c719-4e09-bea5-5a593df16670;Quiz 515 - son;17;53.49;-1
c3f4f537-7b84-4d93-b4e0-0daf2f7b9743;12a6fa68-0b04-40d5-96b8-934a5c0123ad;Quiz 4893 - tout;29;57.13;30
c3fd30f7-e690-45d9-81fd-ef33b9d19dc1;2153a76e-ce16-48ee-8d6c-af2080a1aeeb;Quiz 744 - contenir;5;33.26;36
c40541ed-c947-4c6b-84fc-554f6283d870;2adf297b-a78b-44f5-a353-837541d309db;Quiz 1445 - chaleur;19;81.95;-3
c409b4e3-c9e5-4fad-9baf-0972ce589634;e3f5e05d-2541-488f-bb86-27ff107afe23;Quiz 911 - faim;23;73.03;38
c40db1d8-9f43-45a5-acc1-b8834ece26f3;7e64f389-b7fc-4d30-a22d-42e7e6c8f26f;Quiz 4185 - effort;15;88.91;-2
c40ff912-4169-45ac-9723-e3a6deecd01a;74995bad-e168-4ff0-a5f6-d4504110fa97;Quiz 3816 - fille;10;36.56;357
c41021fb-bd66-4493-a387-2b13d038960c;b636a893-95bd-4b2c-aa1b-6e42fd79cc9d;Quiz 3961 - reconnaître;16;77.05;438
c4102c28-ddd0-4c42-afb5-9c382bba418b;e6399f1b-7840-4bd3-b0e0-244a01db1d6b;Quiz 3995 - leur;17;35.79;467
c41a8d00-7f15-4242-90f9-97337cc4e8f3;8cd9ebc7-7f95-44d0-a6bf-e5b683bbba82;Quiz 34 - pourquoi;7;49.97;391
c441c536-e7bc-4dd2-b26b-8abf5bfa35e3;007e74ad-b580-4cc1-8677-f569064fbb5e;Quiz 2236 - jeune;18;60.02;16
c44c0e00-c839-41e3-bb5f-cdcdf1ae59da;bb3a7420-811f-42be-b934-af72f528b2f9;Quiz 2822 - posséder;28;96.1;342
c474df03-10f5-4081-b7bf-b0837671daf3;0a35269b-b9e6-4fa2-ad3f-d7d80861612c;Quiz 392 - système;13;89.24;241
c478f03d-d8a3-40f2-be48-e91bf676d510;95fdbbe6-c259-43c4-95cb-62515d208ffc;Quiz 1936 - comme;10;25.36;0
c47922c9-2220-45cb-8535-f70a727fa643;9294aab0-f494-4c53-a09b-5c95e2399003;Quiz 3823 - si;25;84.81;66
c4963285-6c5c-4970-9ceb-a68d51e90917;751a9b05-fa71-4ec5-8bf8-921af02b9a77;Quiz 1698 - vers;14;78.77;101
c4a22a63-706c-463b-ab64-979bffbaa06a;5c08112d-fa41-4712-aec0-f3b6ab46d054;Quiz 1036 - tenir;13;88.91;440
c4a55964-dd4e-4812-97bd-fd8510f39109;90c81880-4f55-4ce3-8d7d-4bce3cbd0789;Quiz 2121 - premier;29;86.81;91
c4cdacc6-0bd9-4086-b1a9-f17927fa8bf4;5a971016-3275-4761-acdb-0d1b9413a7b8;Quiz 3477 - sembler;22;91.99;-9
c4d2fce7-c5aa-40af-9d11-efa2b2258bcc;329baff3-c130-422d-ac52-82c21336db37;Quiz 3071 - étoile;26;61.58;-3
c4d30774-6987-4928-bc95-4eaa8411dd94;1406fe74-1735-47f0-936a-9b03072b02f4;Quiz 2281 - part;13;18.3;60
c4f5a121-4a5e-4965-9262-49100c97cc80;5d1917e2-ae15-43f3-b9eb-4d5e5b69f8da;Quiz 846 - mieux;5;89.52;209
c50a2752-074e-4747-88dd-c58cca900a94;92d9750d-90cd-4bbd-b323-43b5adb1bbe8;Quiz 4008 - verser;27;97.25;-5
c534d425-7056-4c11-841c-1ac6f51542fa;ade744a1-299f-4321-b543-2529af273e16;Quiz 4826 - donc;21;22.02;0
c5412b61-f6f6-4d6a-a49e-75793a0de940;b99280f7-b28f-4b22-b84d-e3cc6918cd49;Quiz 2944 - idée;7;40.24;36
c55cb973-05c6-4859-9f5f-33bf0d3ca59b;2f96285c-2dd8-4f77-86a3-28c6dd5cd3be;Quiz 3947 - consulter;12;73.53;39
c571dfec-2b21-4067-b6a3-54d42d788827;273a0a87-bfaf-46dd-b705-36f16409cc04;Quiz 521 - fidèle;13;96.77;34
c5780590-94fa-4d35-a6eb-a9aa2f458ee9;027b6846-1786-4b5e-8ecb-8a985a736240;Quiz 3162 - angoisse;6;61.55;43
c57b84ed-45e2-4b12-852b-0be772b5d169;606c593e-fd1c-472e-bbb6-052e1e0b5bb9;Quiz 411 - enfoncer;11;51.46;-1
c57cd9f5-04a7-48aa-9724-d70020b75170;84639015-df65-4a90-aed1-a6c93d99a418;Quiz 3318 - remplacer;28;96.54;-3
c595aa3c-1ba0-41e2-a4d1-25c8b7f04615;1f37113a-c7b5-4e9a-934a-bbf3535d5773;Quiz 3194 - patron;17;50.35;76
c5a7c5b8-983a-4dfe-bc40-c1501b9dc10c;84a463c5-f96e-4fbb-8155-72221da801a8;Quiz 4273 - parler;8;57.77;217
c5b27670-68cb-4c6a-9a48-ac320a8ba0e5;6d60643d-4372-44ee-b329-7d803e31ff64;Quiz 3276 - hors;19;81.39;-10
c611974d-1481-40bb-a283-20a05381e88e;36517514-ac7e-4191-988c-489395684f31;Quiz 4021 - achever;12;59.94;359
c61caed5-f88a-4db2-8dfd-2fba262e11b2;ebe1a08f-88ad-484d-8bda-fe0bc4ab2350;Quiz 644 - puissance;5;54.9;-3
c6241d66-d599-41f3-a77d-763f33796470;7cf78248-e00c-4304-a507-c08835ed8005;Quiz 116 - baisser;14;18.6;46
c63e2a2d-e6ea-41a9-be35-04b820346f97;ea01dc97-365e-4296-841b-40021ce8b19d;Quiz 2117 - monter;15;13.16;-1
c65976a2-e04c-4681-8c99-414033304b24;25e9a65c-1b20-4990-a71e-eccad62a9d06;Quiz 1778 - guerre;5;15.65;-8
c69c3959-db0e-4be0-aa0b-ce82dd6218fc;9d58cf65-c3c5-41df-b6d9-78e17c9ff519;Quiz 4772 - cri;25;32.34;340
c6a90798-1b76-4d95-b8bb-515769ab1efb;de279714-3ab3-4137-b36e-0e1e165b20b1;Quiz 2599 - fidèle;13;73.65;113
c6ac075e-0116-4993-80e4-9b5e71e94778;0de333fd-9020-4a05-8ca9-67535f57baaa;Quiz 2687 - franchir;22;34.56;66
c6b1e401-58a9-41db-9a7f-936f64c3440c;e4d3d072-c880-4ad7-9739-452ebb719461;Quiz 3185 - inquiétude;30;45.77;-2
c6b3c91d-fec0-4efe-bb2a-2e0f2e503015;a6097693-ef6c-4317-bc1f-dd313b6b0ba4;Quiz 1603 - remettre;11;30.04;31
c6ce18c9-c27b-41d3-9720-17fcff1fbcf1;70bf7ee0-20bd-454b-b6c0-3358f57bf398;Quiz 2983 - position;28;29.56;-3
c6ce6dce-b3c9-4235-a1ae-fba9684ec96e;54fc6240-e45f-4b98-8e77-2a7b30b3c32c;Quiz 1978 - troisième;24;22.71;-1
c6da2ca7-058a-41d5-b04f-df9e079618bb;99627a8f-fbac-4d1b-8532-c4d075487404;Quiz 2637 - recevoir;11;51.67;-2
c6eeb037-5e99-4d20-90bb-572c88238f8f;bb3c9e69-70a6-4a2b-9f03-f6919083f89b;Quiz 4615 - passé;5;40.3;297
c6fd10a4-8aab-49e7-8b74-5f3b521fa310;3c19d9ea-43a5-4877-b126-b52f466712d5;Quiz 1410 - content;27;65.54;19
c6ff850d-35ee-40e2-a023-8f0f639426c8;c3b088c5-0465-4cda-9639-94a0a8bf328c;Quiz 4058 - endroit;17;45.28;-9
c7083368-6e9f-4094-b576-52da6d49aa64;36ea7c98-135f-46f0-9ed8-1018fc4f7d4b;Quiz 4831 - dernier;24;82.91;-9
c719cde6-a0a1-419e-a15a-b7ccb68d29b1;76ae7fd1-fb7f-4e83-9806-2862ab5982a2;Quiz 4942 - visite;26;33.34;26
c72ebcb9-7630-44fc-8311-8bab5fd73052;0a7af64a-9e5a-4c65-abb1-4443314bb8bc;Quiz 1120 - cher;17;73.46;-3
c7315835-9915-4de9-8154-d99549c4fea7;ef3ea579-2400-40e6-a3c2-f81f68633670;Quiz 2174 - trop;15;38.58;27
c755c861-e68a-4dae-bb68-76bb66d4f807;606c593e-fd1c-472e-bbb6-052e1e0b5bb9;Quiz 2143 - apparence;5;49.59;433
c75f0a7c-2c61-41c3-a317-6939e2bbc8d3;568f285f-bdaa-4438-81bd-119dfda56d91;Quiz 3598 - préparer;9;13.83;476
c766d5c5-5644-497b-8d2d-8c3eecc6017f;7c35a312-a098-498a-82c9-1a2ce4087082;Quiz 1970 - résister;29;54.13;205
c7705096-4b75-48c1-af83-9ca4871ea75e;3863b494-c94e-4ec7-89ba-a6d17cb39c46;Quiz 226 - part;21;66.78;104
c771cf03-d833-4fea-bcdb-6cfae9ef8365;b7c72358-d47a-4796-ba3a-37f5bedff170;Quiz 811 - mauvais;18;50.14;11
c775c229-7e8e-439e-a261-53f2dcb56f5c;54f033b1-01bb-4bbb-8162-7413098b8779;Quiz 2224 - pleurer;23;67.24;-6
c77aef96-c728-4409-9101-b19b93a53709;e3f5e05d-2541-488f-bb86-27ff107afe23;Quiz 2525 - papier;6;82.22;-8
c77db547-ecc8-45d7-ace7-769bdd0b36a1;679a5bed-77e6-49df-8863-7a0fd1ca29a3;Quiz 710 - combien;30;48.67;-5
c785463a-2ffc-48ed-9e46-2bd514e8416c;affc70a6-cbc8-483e-bb16-8ee43e849143;Quiz 448 - lui;13;58.21;-8
c78d7cee-f85b-4291-ad94-5824c77670b1;027b6846-1786-4b5e-8ecb-8a985a736240;Quiz 4290 - ou;6;56.29;-9
c797b779-97e6-41b9-8c2e-5f0fe9e0ad04;b05c3b80-b051-4a76-8ebe-94861a3cb20b;Quiz 862 - essayer;24;68.14;65
c797dbba-8dd0-4b48-9dd2-b038698439ca;562f52a4-4710-4011-9235-979251a95a06;Quiz 2367 - avec;16;51.45;25
c797fbd8-beec-4e90-9456-208a22d783f6;c6ad2956-23c1-41ed-86e0-b82a0bb5f8a6;Quiz 1201 - puissant;18;52.5;9
c7e38be0-c6f7-4313-acd9-6dd9a8459868;1bb83558-7920-4d01-99d0-a08dcce2ac22;Quiz 4135 - rideau;19;18.57;-10
c7ead7eb-cdcc-49a7-865c-2f2daca9e9af;047804c3-b7ca-4730-8e79-67432c152ea7;Quiz 1280 - salle;21;20.4;462
c813b9f8-bb39-4cdf-ad07-6d770e394a10;c5a3104f-4913-430f-87f6-30720a088eb1;Quiz 1348 - écraser;8;65.48;48
c822582f-2799-4e9b-b8a1-61648823669c;49bdcb32-8915-4172-b08d-1c64bf582730;Quiz 4825 - marché;16;52.11;76
c8247cfd-1333-4f23-a30e-2b7005f5d3b4;b68441e5-0266-42ae-8e7c-42a8321f96ad;Quiz 2160 - passage;18;73.71;-10
c828671d-4d8e-4602-abf2-2d7cc1cdea51;82314068-1724-4184-a8af-3c5119c4773a;Quiz 4023 - faux;30;66.2;-2
c82a7072-6592-44b9-b79b-9cc7832c82e5;b781ff54-7d16-4980-94df-5ba56313ff6b;Quiz 1265 - cercle;5;22.68;363
c82f0493-c332-4ca5-aabb-e407d2293ca7;97965dd7-7966-4449-8190-3f505bfbb68a;Quiz 3757 - deux;19;36.85;354
c851b66e-b608-4cd5-a427-57bc7e967822;af4ccabc-86c0-4a2c-9d0c-3dfe256ba33f;Quiz 4800 - rideau;15;34.42;-9
c86490f0-e381-4220-8eea-5fb243b1c944;ded4fe0e-df14-45b2-a4bc-01daa1eb74c9;Quiz 108 - vieux;6;10.72;74
c867fd50-a986-4638-b827-c939682cc03a;60c9d4d9-7ad1-493f-89a7-5588068f3558;Quiz 3833 - toucher;11;45.51;-7
c87cb2b8-4e4f-4fb4-bcca-b0ccee92f988;6967ed03-19e9-4463-a2ad-f0d6791fe7e9;Quiz 4474 - mince;18;12.3;54
c8a61053-d966-41c5-a70f-506324493b34;b6ed6b19-9726-48b9-ac3f-374eafe1a1c9;Quiz 4096 - étonner;9;24.87;96
c8b3b3a3-831d-4d9a-8893-ac6ef13d53b2;9815f3bb-0ccd-4257-abd8-d0179a6f00b9;Quiz 466 - mal;25;98.87;-1
c8d34161-3f56-42e0-aff9-11c0bbcaf604;bde9f613-da61-4fea-ab5c-2dc585ff578d;Quiz 2003 - soi;10;33.18;104
c8d37ab1-7d34-44f8-8c92-2c9e8a835312;ce135927-1158-49b9-bb9d-cc47d3c06ae0;Quiz 672 - allumer;21;42.95;229
c8f0f4da-cb7a-46ea-a3b6-7c394a939d77;b60840a6-66a3-4d9f-a9ad-9366e42bcafd;Quiz 2538 - quitter;12;90.34;-2
c8fcc640-0839-4794-ab64-e249c77d13eb;33ec9371-4621-4501-82d0-b08c92154aa1;Quiz 3857 - que;22;42.53;449
c907b2b7-4a20-41b5-91f6-df6be72a0723;ec7b1246-be28-435b-8cea-3ca4f92bc52b;Quiz 2401 - entrer;19;40.1;105
c910ef6d-a1ed-4d30-8ab4-44cccf5d5660;e1bd078d-6c0e-4446-bd43-91038ed51a57;Quiz 552 - désigner;12;35.55;-4
c9117bba-0648-4a65-87b2-afb582d9939f;e9bee3ed-fa9e-4099-adbd-3c09159ba9d2;Quiz 4029 - billet;20;24.59;53
c9127682-995a-4ffd-bccf-0f46efc701a4;ad5af0ae-5f54-4b90-95a8-bb65c9094e84;Quiz 219 - son;5;78.56;-1
c91af5b8-a774-42df-afe0-0564568407e3;9cff733a-fcf9-41ce-bcad-f650e0c07027;Quiz 3177 - tache;26;52.71;417
c92166ad-e5d5-484f-a207-92e970d1e077;0fbf6f99-8166-47e6-8d60-4e505c0dbfc2;Quiz 808 - très;8;56.8;-1
c93516c7-ea88-4e5a-993a-84b3feaed624;ec8005f3-f774-4d7d-87cb-0937f1efdf14;Quiz 1391 - contraire;9;16.87;294
c94fb025-bcee-4031-9c2e-4f8da6db529b;73593212-3371-43b2-be2d-6b2604ee140b;Quiz 512 - vous;9;29.63;408
c9579c7f-fb45-4b80-b867-376d12d16f57;d60931e6-9a39-4485-85e2-164147a1ac0f;Quiz 2509 - doux;8;12.05;250
c9683f4f-0cd5-490e-a853-1b2b8162a8e2;e0a58506-4590-4dd8-b7fc-0be327422e23;Quiz 4569 - confiance;25;79.01;-10
c96de0f8-18d0-46d1-8fc1-59dfe027fec8;a0ec8cbf-6c4e-47cd-a923-a7e857544d13;Quiz 2598 - rien;27;93.9;13
c9731da7-8890-4df4-a6b5-502d5d3baf90;cd3cda89-344d-4cb0-9920-d66c2fad5761;Quiz 275 - tirer;24;49.34;331
c97412d0-557e-4e6b-8d80-64b150577207;199a09f6-17ac-4d54-bb86-56fb2c6b596b;Quiz 1192 - as;22;41.41;47
c979533c-e2f0-44a9-9a5d-6b8dc2beb0f9;3b9ac18b-804f-47cf-87c0-1062b4fce132;Quiz 2383 - asseoir;24;14.78;-1
c97f402d-f2b0-498a-9272-f6e625ae6370;0b25bd38-5b1c-435f-89ba-ab80761e6905;Quiz 3928 - police;6;14.63;335
c9b590c1-acf0-4c12-95e0-ebb974879524;010a4b27-3180-40ba-903e-8b1e31b55e5f;Quiz 3625 - hésiter;6;32.49;107
c9c0d38c-8deb-4022-9c68-34ad1faed81f;9cff733a-fcf9-41ce-bcad-f650e0c07027;Quiz 1993 - joue;16;48.75;261
c9ce3b14-accd-49c0-b7d9-f4206a38b40b;2dc811f4-ab2c-4da3-b474-826491e35e34;Quiz 4531 - discours;30;37.76;-1
c9d91b0d-8dad-4d3f-91a0-d3f7cc9aacad;b8ee679d-4189-4c89-a5a6-2d92910f2e8e;Quiz 545 - fenêtre;21;32.85;105
c9e87df4-5785-47ed-bc9f-108fcac05e4e;8c964b39-cfdb-4261-88a0-900e490530d7;Quiz 4562 - dès;12;13.08;44
ca0405a2-b153-4a5b-b222-7c6a7d16a028;2a326d51-3cab-421e-844a-6893f62d73b3;Quiz 1719 - remercier;9;18.04;-5
ca076721-a1d3-4ae5-ab5d-159afdbcfc4c;4120c637-32c2-4a8e-8695-842c602dadc3;Quiz 1539 - seulement;24;11.04;330
ca35ed44-645e-4d58-b51a-e59135bf4475;5306c95a-8d79-4beb-99dd-8afbfbf660e8;Quiz 2696 - rapide;5;98.13;-2
ca39eb8b-f723-4764-a761-3f93349d1781;54328911-2fe2-44bc-8b06-bd0d981602dc;Quiz 3218 - bonheur;7;64.15;46
ca42f48c-6078-40ac-96d7-6dc1efa0fbc1;eea8c297-5aca-429a-abf1-df290cfbed12;Quiz 2801 - longtemps;12;38.67;21
ca48b64f-defb-4a32-a3a7-25c9575e52d8;77da435f-d22f-41e3-b2ad-b64a352afb67;Quiz 2780 - huit;11;97.08;350
ca57ab88-1486-4b93-9285-d3f93cf9fe3d;84639015-df65-4a90-aed1-a6c93d99a418;Quiz 3107 - marcher;30;82.13;8
ca69b03f-a40c-421c-88f3-c02ea02d3479;632568b6-5118-48ba-9e8c-900617b9167a;Quiz 274 - jaune;11;22.45;238
ca733d46-344a-4214-8bc9-9bf0ce0d532e;6758cbe6-6df0-4dd9-801f-964d9a6fd7d7;Quiz 1311 - cabinet;6;59.45;-5
ca7519ae-8e73-4ad6-82cd-6a3f9cfbab85;d81d2c84-87d3-4d9b-8ad1-6400a8ddc13d;Quiz 2833 - règle;11;29.59;-9
ca757846-c4ea-46f5-a7a0-20fb97a3967f;3a00686e-7ac5-465e-991e-392ff32371ad;Quiz 4607 - verser;16;41.81;402
ca7615e7-a6ed-415a-a54a-fed8dcb27ca7;b3860b42-fcea-483c-9790-973c4e44f295;Quiz 4594 - espérer;23;21.04;405
ca98ba0e-01bb-4a7b-b65e-5801fe9f9d7f;e6088f5c-6e76-4ece-a00f-83a7876ed40f;Quiz 3927 - position;13;72.97;69
cab5136a-a4ca-495a-9963-17d4baa27d6f;a3288ef7-018a-4626-925a-edd5974ca374;Quiz 760 - million;7;38.65;32
cac165d3-58af-47ba-bb7a-f02320f9035b;1884b798-0c4a-4bfb-8380-a1b61da63b61;Quiz 1409 - dimanche;9;65.32;-3
cad8283e-3f50-4b01-adab-ec86a51697f3;5cad878f-57eb-4c9b-841f-ffa39258953c;Quiz 2594 - joindre;21;19.24;0
cafd936e-3351-48b7-8a37-69199ffa8072;672dc4ed-b845-4da3-8803-f610cac5187e;Quiz 543 - sombre;14;74.48;108
cb04cb80-31ee-48ba-8a00-c328c19a4ce3;03359a13-11c2-4174-8608-f40f1518bc89;Quiz 3201 - prétendre;8;87.14;5
cb33e555-a87a-431a-aad5-8749e842ee5d;6b26b666-d40f-48b4-9673-f2ad6d4d2058;Quiz 4518 - confondre;16;65.38;49
cb357d2e-82e1-4bc6-a08a-27a74945ae14;96869ded-0cf1-486d-a86c-7d0f4d737cfd;Quiz 3440 - pourquoi;30;35.66;-9
cb365235-bc75-4488-b2cc-9ff01a1b9e8e;daa0188e-c095-4bff-b2c4-6ce4f973964d;Quiz 2434 - souhaiter;21;59.36;-5
cb4f1a45-a0fc-4a6a-a48e-fefa30758814;33c92fad-fe8c-4793-b45d-84ac055ebb6f;Quiz 572 - dégager;18;16.49;386
cb5b277b-884c-4128-80aa-95710aa1cfd7;8fa42a52-a6b9-47af-910d-573059985096;Quiz 1837 - épaule;23;66.2;58
cb6c8149-7b3c-4a8f-95c6-f5ae83a38ee7;2f7e1032-8da8-40c7-84fe-c0f9421edbaa;Quiz 527 - réfléchir;22;59.46;222
cb8791d1-31a3-4c1f-aba1-7cb28f6c3b0a;7899eb38-1922-41fe-a53a-153f5aa28f7f;Quiz 1472 - compagnon;24;65.0;59
cbaede0d-21ea-46d6-bc24-d1de3057acb5;1df274f5-3268-4308-91ad-57c516b3e75e;Quiz 723 - épaule;13;53.7;-1
cbbf8318-9bf6-4ccc-8bbc-7e57988493ba;7b34bb86-11f8-46db-8741-af0549d2537e;Quiz 1976 - bouche;21;69.06;217
cbc34efc-4cc8-40f3-ae38-49a7cd41b61e;6f218a91-10a0-4c50-a43c-192f4d437038;Quiz 3165 - retourner;24;76.08;0
cbca33e7-e79a-45fd-9dd4-e1badc2cb0c0;caaa79a7-0d79-4a8f-8f4e-05d39d4ae085;Quiz 2788 - lueur;14;52.16;280
cbcab517-3a2c-4837-990a-526510943efc;86b0293f-9a32-400e-a50c-90c48b384214;Quiz 3908 - fauteuil;27;86.98;326
cbcacec8-9c79-4987-9240-e00b62bd7de9;dfc01dc3-6c04-4114-bc8f-b9c065de1c86;Quiz 2785 - roi;18;42.56;-7
cbdd8b5b-31c7-4775-a728-b9f62f3acca3;db242367-da66-45db-bc63-e6088c8f5eea;Quiz 4746 - intérieur;29;32.14;0
cbe0a699-7cc9-4ee4-8bac-2512eff17674;e7cc8e1a-7d53-499d-ac96-d0570b70cdfc;Quiz 224 - suffire;13;96.31;378
cbe1f674-4c57-4967-8d61-7f70ebb937cc;7375a627-19f1-487c-86f3-f89f17e3502b;Quiz 1217 - apparaître;23;31.38;352
cbe9e843-0efd-40d3-b1e6-547f540bb606;940c2a32-1e31-4257-8f82-caa44064ec9f;Quiz 114 - cri;27;76.45;344
cbf82064-fb20-4f4d-b0c0-9abda4d9f83e;e64bdd19-5578-4f33-bc14-5e33de3fed08;Quiz 2607 - te;17;93.16;60
cc09a564-7f94-4d1f-b910-405c24c99c51;b82e58b0-23c7-4c6e-a94c-2b48d76f3b2e;Quiz 3471 - membre;17;38.27;-3
cc11cea4-d422-487d-a0ee-adf2769207f9;7a4f366a-bbb1-4ce2-8e43-8ee8960d1984;Quiz 1329 - sûr;24;40.14;-5
cc138ee0-d733-484d-aa1b-86e3c0815654;f09f27ee-35f8-4117-a859-23da7d269cf4;Quiz 951 - dur;28;89.0;376
cc195a2a-dec8-42ea-8ab2-fbb9599bd57a;98b317a1-0e6e-4da2-bb37-f8ef312cf12c;Quiz 4001 - silencieux;24;19.07;366
cc2a5d41-b66c-4c50-87ed-9f449a1f6a90;6c2b69ee-dc67-4153-8aa6-4894f7718f62;Quiz 4025 - afin de;10;15.12;333
cc427377-f58c-4e8a-a481-0eebff48831d;a8384f1d-4b63-4c94-a213-2b9641d329f8;Quiz 1908 - horizon;13;85.05;24
cc449d05-4f44-4ae7-a7fc-bba518b3c7ee;3b88183a-5518-4a70-958e-029b298d4eb0;Quiz 2137 - venir;25;97.57;0
cc5e7ef6-7c27-446d-8cd6-4ba1fa75c183;fb19ce48-63f2-459a-8f1b-a161a237baf3;Quiz 1718 - corde;20;87.47;-2
cc63654a-5362-423b-a6a3-9a08f1c5d13c;3f0777f1-fa44-415e-8520-af737711b276;Quiz 3407 - argent;8;92.29;-9
cc75e695-4cca-44a4-adcb-e18122580e06;49a60371-7a2f-4cda-b202-c3f35865ec01;Quiz 499 - ceci;22;15.4;-2
cc7d2994-4780-4943-afea-1dde3db148a7;cf7cde50-b338-4ada-a46a-1611e0205fba;Quiz 3168 - propos;28;29.02;15
cc7eb456-a847-476e-aea3-b937b935e1c8;06162620-db3f-4df2-b1b6-ce24f6e684fd;Quiz 3874 - toi;14;66.54;-3
cc7f46dd-b1a2-4a85-b6d6-d7fb980d94e0;3f9d1172-475b-4aa9-a1fb-cc55777b277e;Quiz 4843 - désir;11;24.43;111
cc866fd1-be5a-4c73-9f36-35f38d2b7a1c;0d417bb5-516c-4031-83d2-a36716c2f4e2;Quiz 943 - enfermer;13;92.36;13
cc8c0c0e-8f20-4ba8-89d6-a158c3b66d27;b4767fe7-155c-4d6a-9b1f-a0529d06fea9;Quiz 4915 - mémoire;19;12.1;333
cc9d8876-4f89-4c9c-a218-2e9ddf744ddf;e84ee02c-32e2-4d6a-bd0f-6489dea3402d;Quiz 3120 - passé;27;35.29;89
cc9f5c90-f542-4696-a823-bf94fdd5ed4c;08b4ff8e-31e3-430e-8ec1-2b8c6449c0b7;Quiz 3499 - éprouver;26;10.36;-5
cca506c2-cffe-4704-a0fc-63f2bd6d416c;11ec2790-e0f0-4790-b1a2-706018fa7295;Quiz 2938 - comment;25;42.0;-1
cca66b9b-3c22-4b49-9b9b-eefc5194129a;f6b20483-32a1-4177-9de9-daede108531a;Quiz 774 - lit;20;82.64;306
ccad2686-89cd-4fb7-8f05-feca73c09ad0;534abfef-68ca-40e8-851a-a20e54021aec;Quiz 2529 - interroger;15;37.62;117
ccb1e83b-2c58-4b6e-847e-7d0d3065bb51;8f1b6507-c30c-4a0c-9c86-d0e03220f20b;Quiz 1885 - appartenir;16;66.83;420
ccb47aff-a23d-4f25-aa9d-f519fecb55a4;dc5ad8d6-8b51-4ad0-8402-22c14a789f94;Quiz 4289 - dangereux;17;58.57;372
ccda7b9c-988a-4fd5-98bb-de908a520a86;32145d13-43f2-49f1-b8df-65eb84e3c90d;Quiz 4939 - quelque;19;13.33;298
ccdbd07f-1839-44a2-947f-9bb66e4dcd22;c0f06e2c-9776-45f5-aed1-5c38476a7cd8;Quiz 1034 - élever;20;27.06;419
cce0a7b6-c0e6-47f1-8922-276c624d9364;c9f9a95f-96f9-428d-9c74-d09a070b9de7;Quiz 4322 - devoir;28;38.01;69
cce8afa8-291c-4e77-bc34-a0cf1668e65a;9a6a32ff-039b-4af3-9eb4-6e392101591c;Quiz 2031 - douze;27;12.07;232
ccf73a59-7121-4899-ac25-90711bccb81b;193558e5-dfd5-465f-ab4a-537b80e85c13;Quiz 2118 - mer;9;11.57;419
cd134364-4225-43f3-b4e0-526c235b159e;710d5b04-1c92-4993-9e5c-cebbc4b1ee9b;Quiz 124 - l'une;9;25.79;118
cd143bfc-9993-44d6-9b44-1ead22f32399;b8933d50-af1f-44fb-803e-ad0e38ebd258;Quiz 1561 - courir;26;58.33;-1
cd1ed3ef-63de-4b0d-bc5f-162b4b1562a9;d8373543-3a65-4204-95e4-c23952094ec7;Quiz 2495 - traîner;14;30.52;345
cd1efa0a-7a59-4b8f-b7de-4fc6f9a29479;fde8d136-2782-422f-8a88-324237212909;Quiz 2870 - goût;15;46.91;-4
cd1fe018-2967-487a-8631-6076658c5299;68eb121b-3eca-43b8-acc9-93c5852fc0a8;Quiz 2374 - résistance;7;71.45;357
cd3325ec-4ef3-49c2-932f-bbbaaa2d1862;7a9d33d8-9b51-4362-af20-82e0028ac8e5;Quiz 4761 - blond;26;26.8;440
cd4047f9-1e0a-4c55-b1e5-8077ca383e56;ab4ef105-7b04-4aae-a588-fd1273b66231;Quiz 4073 - village;8;33.4;103
cd416e37-d0ee-4341-a89b-1de20cd9e745;ed292c50-6faf-4853-8a13-af474ad3601f;Quiz 3681 - sable;16;39.57;237
cd6bf17a-dcbe-42f4-839f-f7538f4e446a;3514f9ea-aaaf-4168-824a-8fd34171ae16;Quiz 1430 - être;19;85.16;-6
cd717af7-8cea-46d4-998a-d2d2eff7b1e7;11a0394a-919a-46be-acf3-d4c553dc8856;Quiz 2198 - oeil;28;90.43;326
cd7b2d6c-e609-4b19-97da-9bfb1eaf273a;3276a8d0-81d0-432e-912a-2fd8c35285ac;Quiz 844 - apparaître;30;45.21;0
cd82b6dc-a5df-45ee-9798-53066bd1f808;5ff138da-0ef8-4242-a1dc-5692d39ffb0a;Quiz 3675 - apercevoir;17;92.4;247
cd887780-860e-4ad3-bcdd-1800fbeba079;82cae136-d066-423c-aff8-fa1808a50d5a;Quiz 3743 - pénétrer;12;39.31;38
cd946b6c-5ca6-4d06-a0e2-5676ea0faaf4;3ff58102-282f-4d7d-9941-e8e0ae3ba111;Quiz 914 - supporter;22;33.98;389
cdbf11ba-a7a8-4a4a-b3d7-07293ad65816;b8ae9a8b-cc90-44e1-8f92-5f9e2b3bd873;Quiz 426 - rang;23;91.16;-3
cdceee58-7435-4dc0-950e-58e79c1f95ca;7e02319f-903b-415c-8a6b-2cdc0d1e0e9e;Quiz 4891 - partout;11;43.97;63
cdd32d9b-69d5-4890-9fcb-b2d16133ae05;4bfc58e5-2712-4417-b06d-5417056f6e88;Quiz 3749 - danser;7;46.25;-10
cdda307e-9e1e-49ea-bb79-4d244227b8ca;07eb9b04-eaa9-4ea8-9dec-22796b72d8ea;Quiz 1686 - mais;10;70.31;0
cdf0e5d9-f324-4d05-9628-1ff5fb707a78;6b02de0c-d8da-488e-b234-632bc29efaa4;Quiz 1136 - plaindre;20;66.2;223
cdf4cbd6-c406-44d3-a3ad-eae1230bb441;2ea28656-be9d-4cc4-9120-3a5d35360880;Quiz 2969 - premier;30;12.32;289
cdf53b16-89c1-45c9-8503-1903554988d3;2d4880f9-d0fa-46d1-982d-6757e272135e;Quiz 1757 - mari;14;15.89;-2
ce1ee151-5123-4282-9bb5-f2cbf897116e;540210fb-1541-40a8-a786-3281540e172a;Quiz 2673 - nu;29;32.66;92
ce372f13-16d7-4b4a-8ae7-c8915a519664;8bd2fc2d-2267-43d2-a407-6edee65b62b5;Quiz 1645 - retirer;10;82.67;118
ce3be404-b7a9-4a51-a4b3-6c62aa9bedc7;54328911-2fe2-44bc-8b06-bd0d981602dc;Quiz 4109 - tempête;22;38.76;-10
ce459ee2-2f23-4784-9507-9353740df1b6;9cb2ee8d-790b-4511-94b8-d141ef1a9ceb;Quiz 3195 - soulever;18;30.0;28
ce52cab9-73b7-4a6f-bca7-f35cbad842ba;a0088abd-1485-4134-bbc0-2e33a7720331;Quiz 1996 - membre;17;83.55;209
ce532cd8-3628-48aa-82f1-6ee5012ccb49;e9748da7-2f2c-4e88-8f84-fe5cff765b3a;Quiz 628 - repousser;28;45.12;-6
ce56c87d-c630-4666-999f-44878198fe62;7ab25d19-abb8-41d0-aee8-c6cc4c37e083;Quiz 2568 - tu;21;58.17;207
ce575223-0e0d-4944-a7b0-cc436c11925e;07060300-3330-4c19-ae30-e2a24ec652a9;Quiz 4182 - comme;20;79.12;-9
ce702fe8-066b-466f-aae7-5bedc0697447;5063caff-f206-4413-9159-54705149e47d;Quiz 3986 - dehors;13;97.7;-3
ce7150b1-5d39-4c5c-94bd-a6320e5ff136;a6dbe6ea-e61d-404f-b3f0-74c5b54fec86;Quiz 889 - suivre;22;58.94;102
ce8b7d6b-4a80-48cb-ba0b-7ca6bede826a;c8f7beee-c89e-4c11-b643-67ec2fae0648;Quiz 2646 - sac;11;12.14;48
ce9af9f7-e7fe-4062-b8eb-5eac98fca17c;0e9d4058-1568-4454-b0e8-29eeb24488c6;Quiz 1605 - mari;17;40.08;-9
cea28118-3f85-4163-a307-f0c6de385148;691c36e1-2eab-49d5-b6b7-cd68ade7a032;Quiz 2437 - porter;19;75.18;113
cea99354-ec96-4f5a-8f4d-a513c9a14f67;3f086ada-bf78-46d4-893f-c6e13cba7dfd;Quiz 3426 - secret;5;55.69;-5
ceb07bbd-ff15-4a9c-a1a7-6f8df676a2d4;22ea7111-b4d0-42d6-8498-12f66e51d378;Quiz 4394 - amuser;6;84.07;233
cec035f6-2f98-45c7-a513-c7949354f372;afb2b7bb-552c-4d0a-b071-f77f2378e669;Quiz 202 - yeux;6;89.03;-8
cec335c5-56de-4f40-bca0-37bef6326da9;3e877391-515f-4597-85ec-8bb8afa5a78e;Quiz 1029 - devant;14;33.31;-9
cec95cfe-726f-4a21-94f9-4a737c8b3ec2;99ab4bc4-d29a-4654-a219-d6da0aa8e4a0;Quiz 2808 - circonstance;5;34.75;481
cede69f2-5ffe-4c92-ad9f-37348129a9d8;9d58c19d-4dae-4a26-a132-60d507c7150f;Quiz 2879 - voisin;23;39.15;461
ceeeec11-6bfb-418a-a322-5f52f989ebf6;96926d72-86f8-418b-9d60-d1441a54ad44;Quiz 1618 - beaux;19;25.11;0
ceffac82-7fd0-4449-87ee-5fc937a70b34;43ca150e-61a3-4cc7-8a01-ed711fe8e003;Quiz 698 - frais;22;33.41;26
cf0a8a84-69e7-48e3-86f8-a77681e4f840;94dd0b6a-40a6-4de3-bebc-3155f545a66b;Quiz 3387 - solitude;25;81.72;-10
cf1684c6-328c-4e82-9293-65fd03fbccd8;5f20f10b-c654-4cd3-8f65-b97c64970473;Quiz 2164 - sac;11;67.79;273
cf1e940f-89b9-4964-8363-13070dac4d19;aebc3ee7-1db0-4213-9130-9ee6d8882513;Quiz 669 - billet;28;56.63;397
cf1ffeaf-e773-4180-a83c-901165bf4689;eea21102-7686-4408-a4a6-e0b9d31fa604;Quiz 2903 - entrée;29;81.95;89
cf3f0d46-79dc-4f16-a50c-85d28832c460;ff9d5d97-b2cf-4bb0-9533-1bbfb2cb35c6;Quiz 1428 - accorder;22;18.58;251
cf664ed6-f01d-4504-bfd5-71afaf8ceaba;36eb766f-8d08-4b1d-ab71-b052723328db;Quiz 721 - fonction;6;59.71;-2
cfa0c310-28cb-445d-808a-67210bdaf690;7845a360-6d9d-44b4-960f-088cebe07d7b;Quiz 4498 - personne;10;93.28;264
cfa2713b-163b-45fe-928c-cd2735657131;f9d7d1fb-2fea-4aef-b85a-1db7121617ed;Quiz 4493 - minute;30;97.89;287
cfcca659-14e0-49a5-83ef-a197fdec3bd3;b058a045-9f31-421b-96a5-5a03a172506b;Quiz 3722 - remplacer;6;39.33;66
cfdf6f4f-e4a7-43e0-abd4-adafaa34fbc6;0995269e-3620-4a1d-a917-15254735aa52;Quiz 3451 - content;14;10.67;355
cfe58c31-05ed-4b82-9c87-0b0c2ed3de16;2edb2f2f-a169-4cc6-885f-5f4197685c4c;Quiz 4313 - attaquer;21;63.7;70
cff8736a-46e4-4868-a637-4d233adc690d;6ba1f71c-8d7a-4bb4-8bc5-e0476bbd77c4;Quiz 2152 - imaginer;6;97.4;74
d017d154-682e-4b19-b4b6-84893a084560;d5382abf-1e7a-4d5a-a029-985f7d8e322e;Quiz 2984 - envie;27;53.86;383
d0180958-7ea4-4268-9858-942d85d2b117;cf6a02d5-3ba1-47e6-b556-f9a8fd34b966;Quiz 2221 - peser;29;41.42;68
d01ebff1-20ad-49f0-a74e-ed7e7699e7e6;b0a7dbf7-f594-44d1-8a49-169fd8397a90;Quiz 1704 - nous;21;68.77;14
d02095bd-0316-406d-8dc9-5379a332b88c;d7784ff2-3aec-426a-aae7-ea1311fef85c;Quiz 2572 - contenir;7;71.29;120
d02200a7-994b-4681-9829-8a04733b01dd;d1186d25-507b-4b49-870f-6a02d93c5ed2;Quiz 1966 - franc;9;61.28;-2
d028ae74-4ae0-47c2-ae31-090edade5d63;bb8948b8-8aa7-42e4-907b-cb4024ed2183;Quiz 3329 - mode;18;98.37;218
d03cf4d1-3173-471c-befa-7bde134b4bee;7899eb38-1922-41fe-a53a-153f5aa28f7f;Quiz 2402 - expliquer;5;97.95;396
d049e9e6-6022-47d4-bacd-f7afca264230;fc8355d5-cf7b-437c-b093-e35f542489aa;Quiz 1333 - cerveau;18;91.18;101
d05b53a5-00ad-4eed-a0f1-0665cd00c9cb;41dc7dfa-e0ae-4848-93e5-d899f5f205bb;Quiz 892 - trop;18;72.97;-4
d05c1452-8b32-4407-9c35-2eea90f468ec;c3a7f298-1575-4b83-bc3a-dc0ff62d9300;Quiz 917 - comprendre;22;36.09;40
d05d0995-9ec5-48d6-86d2-faab41c0863a;a4078061-a628-451f-8538-a0d7a2f29152;Quiz 787 - forcer;16;21.76;315
d060f78f-a7a3-41fa-966a-578f613bd15b;e4ab5b7c-541e-40b4-b993-e9687366b5f7;Quiz 308 - dix;30;24.5;35
d07f4145-cc35-463a-a815-04d861b2261a;4ac15fc1-ee5e-4a6f-bf58-25e74b72faed;Quiz 1986 - nuage;8;16.63;306
d0872821-8f91-434f-b5d4-ceef33ad117f;b60840a6-66a3-4d9f-a9ad-9366e42bcafd;Quiz 738 - vue;27;10.03;-1
d0a6fff7-2f6f-463f-b278-8d0bf16f7972;3d6d5922-674b-47c2-a06f-f1ffab5a4f86;Quiz 1298 - secrétaire;12;82.29;484
d0b493e7-9b03-4d23-8e33-3c510cfda80e;99faf585-8819-44c0-a7b5-3b8353f637cd;Quiz 3622 - ce;21;87.52;109
d0b7cdf3-0f2f-460b-aedc-25945900df9c;3a56e5c4-41e5-41cd-82c8-e99858c54c6d;Quiz 4758 - pénétrer;25;92.29;0
d0b9cf00-4f86-461c-aff9-e8e49ce358f9;558c4646-9cd6-4f67-9f71-4d2e79a85bd2;Quiz 3342 - mode;25;72.63;228
d10433d4-363e-40bf-b24b-e0bfeac021d6;bfd41e92-ffdf-44c2-982d-b94900b929c7;Quiz 1590 - trouver;5;43.37;53
d111b619-68f2-4b48-91fd-bad554695d1c;8a86503b-445b-45c3-a98a-7a59e7b59a45;Quiz 1622 - quatre;15;36.2;0
d12260ee-78a1-41ef-b068-23cfb5539b63;4c9eb432-7890-4389-a7ed-f19facaec638;Quiz 2013 - gris;10;11.31;-3
d123f2dd-2e65-4343-b88b-6c6bc22231b0;30e2e3bd-53ba-4f67-8093-6c2b958649ba;Quiz 4670 - rocher;6;24.33;0
d128245c-d5d7-4d77-abcb-7b2478e7f251;a700db33-dec3-4b57-bfd9-2228f02dd8fa;Quiz 1683 - couler;18;59.58;45
d12a4966-7cba-4dd9-a85b-4dc3eca4edc9;c52c8311-0ab1-4db0-9aa7-3c3a25ad2cf1;Quiz 530 - million;26;91.67;-6
d12b15ca-0d2c-465f-8a60-b46af3cd8358;46e7766a-74d6-4529-ad6e-41864ca32cbd;Quiz 1567 - songer;11;83.55;119
d12c24d2-ada5-453e-93ec-b4b55d52b58a;c1a2f203-2835-42bb-84b3-76a138dde320;Quiz 3896 - âme;27;12.85;48
d13404e1-dea8-4b8a-9cb3-9d4161d30802;9fe653b9-b4a1-4f97-ac12-ae3833a57202;Quiz 1518 - arrière;8;61.48;321
d1422fe1-d1c3-4ddf-877b-761b40f2c51a;41114c4f-c1e4-4ff9-8b39-5aeb437da94d;Quiz 1682 - sec;27;79.72;15
d142a2ec-ffd1-41e9-a356-378402fedd8f;f89248a3-961a-45b9-b665-8f08aed00fc7;Quiz 1084 - inquiéter;11;45.89;-5
d1450aba-3f24-4408-91e2-b39784ebbee5;7c4b9d1f-a2a1-4cf7-8908-c524983f345d;Quiz 746 - désigner;28;42.23;485
d14b79d7-1388-4739-a501-e44ac4cd0cbd;0691cc1a-db8c-4211-86b8-0ac84dcb7a24;Quiz 2859 - perte;14;73.36;483
d1561f87-c693-45ac-9e2f-274b5b7cd16e;41114c4f-c1e4-4ff9-8b39-5aeb437da94d;Quiz 4718 - histoire;30;35.4;10
d1600f81-a6fa-4ad4-9066-2e0bc54125d4;aa5db194-687c-4e91-b795-278a2b830f8b;Quiz 1145 - se;25;65.42;224
d174343a-d70d-4883-817c-1b94713e6103;bfae2d78-149c-4b82-8620-c91064e032ca;Quiz 1492 - étendre;9;84.89;1
d185a61f-3bd5-4db6-b33a-7eebe86dfadf;3afe5eed-2bd5-430d-a4ab-7ef62899d09d;Quiz 4343 - impression;18;83.84;397
d18a65db-0c07-4176-a8db-2cef48980dba;fdd76d38-89d6-48eb-b7ac-562697db0964;Quiz 4726 - là;5;67.57;-10
d18fa169-8a87-43bd-a9d0-5ab1cf55c7fc;76e5b35a-5780-47f3-9faf-f4a1ce972ada;Quiz 4386 - indiquer;13;93.24;102
d1927a3e-fb5a-49d7-9d86-5b1d74893860;ed292c50-6faf-4853-8a13-af474ad3601f;Quiz 807 - continuer;29;30.24;26
d195ee2d-54f6-476b-863d-d34973efae31;76ae7fd1-fb7f-4e83-9806-2862ab5982a2;Quiz 1780 - je;12;41.58;-8
d1d0900a-65b8-4ce1-8c5c-fe95cd8843f1;b58f7f37-8285-4997-9e7b-d58b11df205f;Quiz 3972 - taille;23;40.16;-5
d1f62013-1aae-40d9-82c3-b34074f7d45c;e64bdd19-5578-4f33-bc14-5e33de3fed08;Quiz 1737 - ville;8;13.1;87
d20725cb-2f2b-43a1-9354-99860e8a04c1;ec6819dd-74f3-4dcd-8b24-c5ee8bc7ade5;Quiz 1665 - puis;8;63.64;-4
d20c1553-d80f-4248-b74e-057f8feaf8a4;a0aecea0-8803-4629-87c1-f88c4054cd75;Quiz 821 - retourner;8;76.04;442
d210d29b-b6ea-4b31-ba23-0e5f11d6c55b;db242367-da66-45db-bc63-e6088c8f5eea;Quiz 2193 - presque;17;29.78;0
d21f309c-27e6-45c8-a521-09e488d9633d;cbf99d73-1a64-4c22-817f-43e8e60254e0;Quiz 1134 - rentrer;17;10.37;364
d22a3990-a86b-48f0-a184-be382f1fd919;ce13353d-e619-44e5-80dd-60c1652f525a;Quiz 1900 - blond;21;91.2;-10
d2304bfd-2755-4cb7-899f-96203b1c341f;f0ab2022-8ca4-43ed-b178-1b3e3b2163e8;Quiz 294 - douter;15;18.68;307
d236f4e7-935c-42e7-8b2f-1cbd75b0a2aa;9f9fc98e-b443-445f-9cf0-a8cff9d52d15;Quiz 1676 - ce;12;43.66;32
d24a7b9e-665b-4714-9142-1191f993dcf4;7375a627-19f1-487c-86f3-f89f17e3502b;Quiz 4808 - chose;14;75.1;51
d25a6dbf-6bd8-4cdf-924b-a512b09b4ed4;ef1389b4-cc4d-4c37-bfdb-d7b6ac178e5e;Quiz 3063 - tomber;12;31.67;43
d26bae3c-ffdb-46ee-af38-d719277f6c96;9e1f35c2-dd20-42c1-83bf-739e5ba496e9;Quiz 2835 - rapidement;22;67.95;399
d26e220a-1b81-476b-adb5-725ce8b071dc;e62e7327-7bdc-4d4f-9956-58191b1690d4;Quiz 3439 - jour;26;53.63;307
d2a07ed9-9a66-4362-9661-2a232769f9fa;c865b50f-7feb-4689-9900-c5c34cb2d4cf;Quiz 757 - rare;10;62.28;109
d2a463d6-9ae2-46f4-8866-7190884fc5ad;c275c699-c95e-4559-bf71-9e6e1e4dfbf8;Quiz 2751 - seuil;15;49.09;-5
d2a7cb5e-2737-4f2c-a0f6-6f96ad0357b7;8853c3fb-5a81-462d-8dec-09353bca0d25;Quiz 2821 - tout;26;26.06;83
d2ab5aa5-9da8-4aa5-8402-1fffca789f63;548b6a33-f4c8-4bef-8cb4-9354058ec650;Quiz 1916 - vingt;20;22.69;37
d2b7e279-1e0c-435b-9e96-e4fe23a42543;d39171bf-28c1-4879-8de3-3ed7d8278583;Quiz 3692 - naturel;16;76.36;-8
d2ba4053-68be-4153-9768-1824899a84c0;4c9eb432-7890-4389-a7ed-f19facaec638;Quiz 4451 - appel;26;47.96;-6
d2ce5c23-63a9-4f40-8975-d825a1209a1c;892956bd-c718-479b-9708-a1c8c6d518b3;Quiz 4743 - goutte;13;93.27;90
d2d3bfab-ef36-4e73-9910-f0885ca155ab;3978b6df-1a7c-4fe6-979c-f40ee6511172;Quiz 4040 - retour;7;46.77;117
d2dc25bc-4b13-4554-8c26-d57facdf10ab;7e5eeda1-69a4-4ebf-b3bb-2f0078c8a01e;Quiz 345 - justice;11;42.19;486
d2e902b7-0b09-478e-a10c-4535e2d352de;53967eb3-9bb5-4909-8265-80ce570157b8;Quiz 1465 - seconde;30;95.73;79
d2fce9ef-459f-4d36-b271-17cb3d780814;2228051b-80f1-46ca-b6cb-4688956ae1d9;Quiz 4590 - nul;8;45.78;75
d2ff000d-14cb-4423-8909-b257a55ae969;974bc992-45fe-4216-86e8-7a5892d27879;Quiz 1653 - sauvage;28;19.71;289
d304d9d5-e42b-4549-b97a-35ad7aaf9b01;337036f3-0576-475b-8e37-8d8a01e9235f;Quiz 1206 - entretenir;21;60.0;-10
d3172f55-c39d-4fcd-bcf0-625903c3122f;63d636f4-f71a-4622-b0af-e42f66a8a207;Quiz 2571 - moindre;26;32.71;329
d31872c2-1a27-41d9-9504-5722cd17ef29;f90aa1d9-73e7-4ddb-ae2a-bbc99f0f798a;Quiz 1647 - clair;13;34.4;-4
d325d277-6887-4c9f-a23a-0e20f24cc6fc;fc00e448-28b6-42e7-9901-56f4c8554055;Quiz 2936 - trouver;29;24.78;-2
d33aa780-e4c5-4d8d-a6bc-e5ae97c57ba9;cad285e5-fd8a-430a-b160-70a7b74499a6;Quiz 2615 - faire;30;38.03;81
d3455549-4dc3-4dac-85c0-f57bd5fcc785;5195d93d-2261-4e2f-b4bd-903c0dbb551c;Quiz 383 - bout;12;41.12;80
d34af96b-de32-4e23-9b1b-e9cbb46c7208;7cefe6df-0334-49f1-84f4-3edd09c1c514;Quiz 595 - écarter;19;41.25;297
d3507a0a-9200-4991-b185-954a8d3cfad6;d39171bf-28c1-4879-8de3-3ed7d8278583;Quiz 2406 - mode;29;44.51;362
d38305e3-c1b5-4774-af43-7dd2b73822b7;606c593e-fd1c-472e-bbb6-052e1e0b5bb9;Quiz 4316 - ne;6;63.39;483
d3878132-3e31-40e5-b93e-671eaf5b35e1;4d3bb206-26b3-400d-b804-bafb1d95d952;Quiz 1857 - lune;30;31.97;71
d3a588d8-c30f-4b4d-8bf3-f562b0e0ee78;89db2c1b-3f8a-4de5-82be-93f4e8293dcf;Quiz 295 - vent;18;90.56;-2
d3a666f3-ec86-4c30-b624-aab0d5b99991;42c8ae77-04ae-444f-a20b-505545eebffc;Quiz 4575 - bon;6;34.76;12
d3acc7e2-b8a1-4776-97da-1e2442e2ee3e;49d56376-ccc0-4625-a998-88e8b7b1fdc7;Quiz 2054 - principe;9;80.5;303
d3ae9e45-2c3c-4547-8e21-0af24b7d3041;93c69d93-a115-4f2e-a6ff-dd399af9151a;Quiz 630 - coucher;18;60.12;13
d3af9c5a-fde9-4a15-8eaf-8078ca755ad5;4d148bc0-d4a9-48ba-b8a5-2d15e549d2d9;Quiz 668 - attirer;18;16.83;119
d3b8e502-0aba-467e-a728-5ed6d8b8b337;0037456d-d5e6-4c1d-9ced-47c95585fc81;Quiz 4491 - valoir;26;92.08;69
d3b9b4ab-bcab-4430-b728-4f45b43ac2b6;b02d0106-0ab0-472d-9596-862219ba06f8;Quiz 963 - mer;12;20.19;51
d3bc47f1-ace7-49dd-a2e9-bf5e0071250c;7250425d-6be7-441b-ba19-367f54ee0e77;Quiz 2793 - ou;23;13.85;11
d3c944a9-b740-4806-a624-fdb9f3de60ca;249a6ff4-bbd3-4f74-af6e-1163e6c4463e;Quiz 409 - fier;6;81.63;106
d3df8946-ea9e-4075-89ec-5f991505b03d;63b9e475-70e1-4f72-ac63-e683d221e84c;Quiz 3635 - point;30;56.03;110
d3e8d45b-5a85-4c1f-aaf5-ffec0e4e1747;fda4ced7-7580-4dc8-907e-52f65a6debf6;Quiz 828 - pas;28;36.81;-2
d3f0edbf-cad6-42b2-87f7-c3accd59bf7e;439a2658-7215-44a3-857f-db8471a9cecf;Quiz 4402 - maître;6;93.83;209
d3f6e673-6ea9-4131-a305-e1d3a2c37477;1d557647-7a59-4301-9c85-e33e7a20568a;Quiz 2066 - habitant;12;45.75;115
d3f954ad-e12b-429f-84ec-fe32c6c13892;4bfe4bef-dbd8-4e1b-9356-1571d44f4951;Quiz 1521 - billet;9;67.09;395
d4058f23-7cb6-4030-9e32-7b4da6ffe477;6184b2cc-54e1-4875-8722-e34cbad51fa4;Quiz 1251 - proposer;14;44.6;-9
d40f2d40-3717-4ddd-aba5-03898559975c;0815151f-d345-4b1c-8f17-83936916ea28;Quiz 2589 - société;27;40.03;240
d4416cf0-4224-4108-a4e7-434d1eeee2fb;4eb877b8-28c5-4505-959a-b95d468fe190;Quiz 4365 - élever;21;40.25;43
d4549665-f808-4582-8e13-19b75555111f;de313ce6-cf5e-481e-8f40-ca1f09641dce;Quiz 4457 - importance;8;17.98;-3
d46555a7-02f3-400e-afde-ef30502466dc;95382c0c-7822-489b-bcf3-98bef56e8e89;Quiz 1360 - tirer;30;72.34;-5
d4702e66-5d6f-4919-892c-b2d498497455;b0891f93-36d7-4140-b54c-3ce43e3ff5de;Quiz 4077 - poitrine;11;76.11;22
d478d83e-3c81-4542-86b8-11eb58b57f29;b20b0720-287b-4e97-85e2-4e3f4fdcb0ee;Quiz 1566 - glace;8;48.68;-1
d4869b05-c8e9-4647-893e-51bdf473541a;41bd6494-4547-4247-8c8f-adcc807d076a;Quiz 666 - tomber;17;43.93;254
d489a6c6-9cde-4ece-a887-28b23202fa21;c6496d7f-f982-4949-8cd7-81ead37ad1d8;Quiz 185 - marchand;7;61.88;-10
d48a2c28-83d8-422a-b2d5-1e72700e739a;ddb9ee95-35cf-4795-bfc0-a257dd6e98b6;Quiz 306 - mari;18;94.87;-2
d48b9fc8-51c3-4e39-be13-5f1f71e38ef4;1a8ba412-15a7-4e3d-86af-ceaed4aeb4cb;Quiz 622 - maison;26;35.06;-10
d48c5238-c42c-4933-a1e8-04586acfdab7;9c34d8db-83a7-4989-84d7-198cbed8a2db;Quiz 3515 - bête;5;66.18;0
d48c67c6-b22b-4910-a50b-62ba94c38b2f;52626e64-0a2b-4754-86aa-f75750e69fc8;Quiz 4941 - satisfaire;5;63.85;410
d48d112f-fa80-4d07-9798-13c32b45dfcc;d4980dc4-458a-4265-a44f-bdfab98e2b39;Quiz 4056 - casser;12;61.99;245
d492e844-7612-4b8b-ad1d-b15add909a73;472f8d9a-68d0-44a6-b196-1fe51b91b174;Quiz 3405 - devenir;27;60.52;412
d4a66e55-2efd-4747-a812-856487cdfd66;5306c95a-8d79-4beb-99dd-8afbfbf660e8;Quiz 898 - coup;18;68.75;97
d4edcae5-4371-406b-bbe0-bc5b4f172fe3;5e7e5158-84fe-49b2-92a0-324297c1c915;Quiz 4617 - usage;8;92.1;382
d4f1246c-2573-4c19-b660-0657ab3f1028;b636a893-95bd-4b2c-aa1b-6e42fd79cc9d;Quiz 4597 - menacer;18;74.62;315
d4f8d8c8-b228-4c6f-9be9-3ee005f3f5e5;6b7b58e8-e4b2-41df-93cd-7e05f8066f4f;Quiz 2426 - sable;21;28.22;439
d5000589-5d90-4ecc-af27-51fb18fa9875;70d1cf2a-51d0-4c8c-a0cb-195762a17e43;Quiz 1651 - trésor;25;35.65;107
d508852c-ff0f-4eef-b929-b29174fe4ca3;62b2fa02-e303-4351-b65f-ad6e72e7a264;Quiz 1758 - à;28;33.48;268
d51cbfeb-faab-4b6e-9cad-265d8049c829;e5b426e8-bcf1-40de-a667-fce69574115a;Quiz 57 - fils;15;24.94;111
d525ab06-cef6-46fb-b134-603b2610aa67;892956bd-c718-479b-9708-a1c8c6d518b3;Quiz 679 - palais;16;10.13;75
d52b289a-8d44-4e9a-9f22-9a347ea60ab4;f9d6d5f0-3131-4bd6-b5f4-66a4ad5879b2;Quiz 4696 - douter;7;54.05;249
d5398304-1ee7-4d7c-9a55-7f892729e2f6;f00bab09-c4ec-40d6-837f-e7b7a6f3e597;Quiz 1037 - courage;9;38.88;88
d5407060-0669-4c50-bbf6-6442c65d8d09;324c124c-864e-495a-808b-72200f1e67cd;Quiz 4992 - accord;6;70.96;69
d5483f1e-8e46-4b59-90a6-e12db122de53;74e8ba68-e3e0-4a76-9632-7517d7d1acf0;Quiz 2063 - forme;15;79.21;-4
d54951bf-a60d-44ef-bc23-781bdc632010;f4fa1298-267a-400c-8c71-d0301cb9f4d5;Quiz 2243 - terreur;21;79.34;335
d549daa5-aa19-44f8-bc60-7a238818f686;77a5c181-c73d-41be-afc9-5dcb29ce8fad;Quiz 1094 - soin;11;74.61;296
d54a9dc8-9884-4431-bdf4-d61af1a01716;49d56376-ccc0-4625-a998-88e8b7b1fdc7;Quiz 230 - social;12;67.16;-4
d5538845-8b2c-45f7-af75-01706ad6d249;7aa30496-e5c6-4a53-b8fd-bfe922a54efb;Quiz 3926 - quoi;7;71.41;11
d563ba81-abae-4ac0-a8d9-4f159d315cf5;5674a425-6135-434e-8e0d-c4a42d70c3c6;Quiz 3290 - noir;26;25.28;413
d59a0faa-a9ce-408f-a111-dff809638373;8711089d-00e5-4bb1-97bc-66ae10ee5ba0;Quiz 384 - vol;5;33.45;-1
d5a698d7-902f-40db-b829-1cb24da61d10;5c08112d-fa41-4712-aec0-f3b6ab46d054;Quiz 1542 - existence;16;82.94;-9
d5ac5cc0-e245-405a-b75e-dae329e40eff;9b82492d-4ed5-45a5-ad0e-92876bb1f85b;Quiz 4321 - même;25;90.84;-5
d5b35d4b-726a-485c-a5cb-757c4867477a;624c664f-3030-4d2a-8b4c-d436ccbd6e7d;Quiz 4264 - voisin;13;72.98;27
d5be50c9-0565-4704-93a4-746f4d1f83da;26847192-4bf9-4b3b-ad0a-0374fb51b871;Quiz 1789 - assez;27;54.66;-1
d5c342bc-dfe6-4b31-a2a2-a68f74495aaf;a0a573f9-9f17-42be-834b-86667c190257;Quiz 2849 - défaut;18;83.77;112
d5fd5230-fa51-4bf6-b50a-b3bb75ba78f5;2568fce1-8654-402f-bb79-581a6e224f6e;Quiz 969 - condition;17;93.46;323
d60eff5e-a562-47f1-a233-b6d014df4a9c;f8c58ff7-3241-40a6-b8d5-2d48d4697641;Quiz 1838 - profond;18;74.66;27
d61a1680-aa0f-4ce5-993b-4850db8c51f1;888642c3-8ac9-492e-a638-24a5243e9c09;Quiz 2442 - où;24;15.76;-5
d61f98b1-090e-4004-a13e-99160c6f2839;0a505a7b-7dc1-4ef2-bec9-66a550ab1ffd;Quiz 187 - fier;13;17.56;-2
d62655d0-335d-4ba0-afb7-022e881f3169;40bbd20b-a498-4767-8bda-2bb38a32c508;Quiz 3653 - là;20;42.35;-2
d637efc9-c9a4-4a33-95ec-cd9b73b68cc7;937f2edf-3a3d-4250-8add-4c7825cfb7b6;Quiz 3761 - endormir;9;91.21;4
d643612d-d268-4270-96ac-3b5005a13576;02ebd002-b584-4d22-b4b9-08d45f09645e;Quiz 4525 - vie;11;33.53;-2
d64b113b-e17d-4dde-8ff6-04cd9949c248;ab4ef105-7b04-4aae-a588-fd1273b66231;Quiz 4634 - attitude;18;33.61;437
d64d8044-f124-4164-bcaa-074ce44ce754;fc519ffd-1532-404e-87e5-986db65facf6;Quiz 2630 - empire;29;30.48;490
d662270c-1b33-4e3f-b7e5-736ad7f9754f;ae4e9c3d-e0a2-488f-82f0-3be3385a5359;Quiz 3166 - pouvoir;16;44.93;398
d665962e-6f12-4ad6-9221-bfd1e77cf722;be0fa0ae-0300-4596-b16f-fe7e694fd8a0;Quiz 1967 - planche;28;89.54;238
d665f6a4-6081-4323-a288-06fc8c7edc9e;d9e71a57-c72c-4653-804f-051a5646e7aa;Quiz 4270 - pont;13;86.68;493
d66ae91c-d2e1-4178-98d0-49ee7e5e3abb;65601b12-9feb-44b7-815d-ee4304145324;Quiz 3828 - si;18;23.59;72
d6752baf-7848-45a0-b007-b7c9ca273cf4;c45e5a7d-8831-4981-b331-bf7a72430385;Quiz 2354 - terre;20;88.81;32
d6909155-738a-42dc-b0cd-035013a20bef;45d7bd79-b2a6-4622-a334-e68726403cd4;Quiz 4206 - deviner;5;68.23;-7
d698967c-d760-4a10-baef-5305be1d28cc;abb91f4d-d5d4-4b1d-933b-efda3086fe64;Quiz 18 - précis;11;80.5;76
d6a0cfbd-bf1f-4c05-ba91-eb3ccd9b81ad;c8dc6cc6-8771-4fc7-b4ea-2d956eb4557e;Quiz 3046 - absolument;16;35.6;111
d6a2b644-3c8f-4aba-a6f2-b8a8ca0b01a8;9e15e8d5-13e3-4ded-a358-51ad4c3e4ad7;Quiz 511 - certain;24;56.53;38
d6a366dc-9077-4c94-96bd-b2e86b62f117;bf624fd1-f682-4c59-bc33-2aa5c5e36b9c;Quiz 4425 - papier;5;57.3;-1
d6a4f2cb-907d-4595-bafc-dfd882004b59;0b0d3678-1c43-4bcc-89b3-6e4ae880383e;Quiz 3584 - bureau;8;35.65;-1
d6b8c4a3-9e7b-4625-a296-21359f5e0763;838f1bc4-fc07-473d-86f4-6c3d0c6139a4;Quiz 184 - aussitôt;23;23.07;60
d6c4f6fe-ce80-43f8-873b-af6578cf554f;c6e398db-f3b2-4ade-82a4-153aae933214;Quiz 3876 - règle;21;66.85;439
d6ca0eae-1163-4c5c-8bd3-b7f0fa9e0de1;1406fe74-1735-47f0-936a-9b03072b02f4;Quiz 870 - inviter;5;98.55;433
d6dd70cc-37f4-4e49-85b6-1c27b210e9cf;e9f494b8-4ec0-49e5-95b0-4860acb6216a;Quiz 2586 - contenter;10;77.58;-9
d6f7df5b-0f1a-471d-a6ef-e0cb4c33db26;fd26ee83-8be2-40b1-bc38-73e889fb1ed2;Quiz 798 - tranquille;21;51.35;311
d7288353-e8bf-40fe-be30-fbc2728600e0;2ce9ed5f-3c8a-4877-aab6-36f48a1d4b79;Quiz 3717 - vieux;10;45.3;-3
d7353334-9848-4e61-9d27-a68ddb12be30;59554f3d-9fe9-4b14-84b5-053c225c4310;Quiz 4371 - aimer;9;44.69;82
d73f6155-02b4-48b2-8709-008535e3237c;cdc518f4-d859-43e3-bb76-35f39fa761a1;Quiz 1176 - veiller;18;84.23;60
d747e114-bace-4007-9dcb-4030a35b9633;5ff138da-0ef8-4242-a1dc-5692d39ffb0a;Quiz 1102 - subir;15;74.47;15
d7608c7a-fc87-4e7b-add5-64e24e100eea;154241ef-ae13-48ee-b184-14816b75c9f3;Quiz 2873 - produire;25;26.02;0
d782a862-0ee6-486c-9e5b-fbaf7b29c5cc;6306f36c-5c36-4a90-b028-58ec4f4c08e6;Quiz 3323 - éprouver;23;75.73;88
d78ca5a5-2286-42cf-9b46-8ca6bc7fd207;9294aab0-f494-4c53-a09b-5c95e2399003;Quiz 3364 - dont;12;94.89;60
d7a551c9-b089-4730-8d03-14657ab8d518;7e5eeda1-69a4-4ebf-b3bb-2f0078c8a01e;Quiz 4250 - moment;15;39.05;262
d7a576d9-8123-40b3-a107-bf93e5976fd3;fa74e92d-c086-4080-baf1-907c98ab93a5;Quiz 1883 - si;24;31.15;241
d7a5968b-d609-43e1-af88-57fcdd99f689;e0a58506-4590-4dd8-b7fc-0be327422e23;Quiz 4158 - fusil;29;43.59;-7
d7a6248d-6411-4f58-9439-781bc3239884;11f370da-b2d5-44fe-aeeb-d9c12037866b;Quiz 4555 - avis;14;13.09;438
d7e5172f-d1fd-480e-8e5f-8f31c6547cec;98f3f940-87dd-43cf-99b8-aafc6e0d22fe;Quiz 632 - exposer;5;66.87;-5
d80dc6ab-ea47-468d-b1bf-523b70584560;e955f0de-1916-46ae-9f7d-60ea0cbc3285;Quiz 2248 - tout;21;99.67;431
d81282fc-53e4-43dd-b494-4562512a2022;db242367-da66-45db-bc63-e6088c8f5eea;Quiz 1056 - tenir;25;69.54;-2
d8135d94-973b-41fa-99d0-c8876ef7bdb9;7f6968be-37c1-4a19-8421-6c0fc357361d;Quiz 3853 - courant;18;44.35;250
d828b18c-b20a-4426-8065-b29f91465421;b2cfc331-8003-43d7-83df-33d9312c9e15;Quiz 864 - entre;5;62.31;31
d82c5837-4a5a-4605-b624-e5a6b2cd49bf;a938a85a-4ba3-47fb-86e7-a0dedeef63aa;Quiz 2429 - volonté;19;15.37;102
d85f1781-f1cb-4c2b-b63b-992dcfad31ab;562f52a4-4710-4011-9235-979251a95a06;Quiz 4895 - donc;27;56.82;351
d8604cae-1f25-4a0c-acab-e2897b78dda2;5f550c84-ca05-4c2b-86ce-edbd8dab4b48;Quiz 3389 - encore;14;51.76;298
d86f04b8-deb0-4726-94c4-ed9547aeb796;5f20f10b-c654-4cd3-8f65-b97c64970473;Quiz 3624 - officier;7;52.59;114
d86f881c-f9b8-4bd8-9515-f3dd6c0f6620;1794e40d-d01f-4043-8ceb-6c274a98a75e;Quiz 2609 - agir;18;15.25;97
d87e43fd-8893-4ae0-a499-542a9a893888;2adf297b-a78b-44f5-a353-837541d309db;Quiz 2976 - saint;20;38.18;-3
d880c431-6392-4e69-b7ba-034202ef50e3;a9bc6587-c3b1-4818-b5bf-df474b19c678;Quiz 4867 - chute;11;72.03;268
d88797c2-b7e1-43b7-a3c2-18d823b786e2;012a0f3a-4967-4326-9c75-c7e229fdf0fd;Quiz 3118 - certes;13;49.23;-1
d88d3a6c-c3c5-4251-bd48-62464fd05ce1;f90f286f-a224-4d98-b073-4c2e40e54ad1;Quiz 4417 - bande;20;92.07;397
d891224e-8416-40f5-8fce-73f14f3845d4;4ae7dd51-12c1-4504-9517-d1d3b42650c8;Quiz 376 - tomber;18;97.66;-1
d8a36702-f63f-46a3-89a9-3cf75c8318b0;34e13f0c-c49e-48af-9901-60b516650c10;Quiz 3644 - bout;27;34.43;26
d8a665b4-a759-4b74-b6c9-86c7662dea9a;94f6c808-738a-4c76-b849-46e5123d38b0;Quiz 4619 - idée;20;48.41;207
d8a71c27-d9d8-466d-b65b-cacc14fe7ce5;99ab4bc4-d29a-4654-a219-d6da0aa8e4a0;Quiz 2708 - expliquer;12;98.25;30
d8a731e2-22fa-4d94-b333-4aba4f89c382;95fdbbe6-c259-43c4-95cb-62515d208ffc;Quiz 2733 - devoir;14;51.02;383
d8afc080-8e83-40ed-939b-1c6bb7b36678;50596fdc-caa1-433f-82a0-0aa705de5a03;Quiz 3 - même;21;97.83;69
d8c3d4d2-e2f1-4e2d-90d0-1c6ae1ff02e5;c7016346-4dde-493a-95a1-fae636ce142d;Quiz 2275 - force;11;58.52;90
d8c6239a-bdb9-4adb-a52c-23a5dd26d8be;c22b8f93-dd6b-43c4-97fd-95d16ced35d8;Quiz 3872 - vert;6;11.4;0
d8df924e-9b59-4601-b6cf-d0e4cb5e6e19;c1a2f203-2835-42bb-84b3-76a138dde320;Quiz 2469 - couleur;22;93.11;466
d8f38fb3-9500-482f-93fa-637c70bebb13;5823bc6c-0088-4bc5-9e64-1910491b84dc;Quiz 1022 - puis;26;35.76;227
d905d5f3-c757-4fbf-854b-3911ed79b709;9019c755-fe90-49b2-aa93-a9f002b9b5fe;Quiz 3475 - système;29;60.48;397
d90a8102-443b-435d-950b-02fa447e6f48;daf272bf-5eca-4a8d-8310-a63358c2e782;Quiz 3773 - renverser;9;72.32;0
d9154528-19a7-47a7-a988-e2be2dbaa570;1a1bf1bc-ac46-44d3-a470-456e4262dbc1;Quiz 2931 - doigt;22;85.37;96
d917c5fc-dc83-470b-8e65-867f799348cf;0335daf0-377c-48b5-ae55-f7717c9954bb;Quiz 2918 - sujet;5;42.19;-5
d9214a0f-0c65-477e-b0d1-40dc9a97d1cb;ee16d3f9-e41c-45b3-a5df-27adf3c9e3ea;Quiz 482 - parfois;21;30.53;-5
d948e709-a1f2-4d78-8cae-85dd7906ac03;b1fb1df0-730f-41d5-8e83-6c5a21dd9b1e;Quiz 4773 - bon;14;79.88;391
d9624f54-f81e-45ab-a855-c33c667ed77e;3def9ee9-a235-4502-8eed-d958e2ada555;Quiz 1449 - comme;30;56.02;-2
d98f2884-68e7-4a18-bc46-e0c4cbe5e845;e8bec85a-a91e-415a-b77b-4eea7144eaca;Quiz 1512 - étranger;11;78.93;53
d9a93866-1f3a-4262-bb3b-d4c774ed8f24;11ce819f-e5ef-4230-95d8-b70985dfaf45;Quiz 625 - près;13;32.32;-10
d9be24b7-e504-4aa4-9e6c-77945dfebf4c;a0088abd-1485-4134-bbc0-2e33a7720331;Quiz 4060 - lèvre;24;76.75;359
d9d1057c-28b5-480e-80bc-d90bb5a3ec4c;f3280f9f-2293-4e7e-87a1-2d6769c791e0;Quiz 3315 - d'abord;24;63.81;27
d9e1cc4e-695d-49b5-8e9a-e6b1fc857853;7431e19e-5c81-41d4-95e0-f5ac62745993;Quiz 1596 - mon;14;45.45;54
d9e6c0e6-23ae-448f-929e-3195c64b8496;9602fd36-950f-4ad9-b017-18989d999483;Quiz 651 - prétendre;28;57.6;350
da02d17a-f3f7-4899-9a3e-63e96b8a0c58;a4195370-6039-4573-a331-da809d85aad6;Quiz 1302 - étoile;14;11.99;348
da2b157f-3cc1-4879-9a45-4761ac2e6c49;7b912e8b-8719-4733-a47c-10c1b2dcbe4c;Quiz 2126 - confier;15;17.98;384
da2ce1c8-80a5-45be-a2e9-9c94ede6c32f;2f0cc969-14d1-4e15-acc6-7475cc1ef165;Quiz 4784 - colon;16;60.53;-4
da34337c-e935-4c11-b501-5cbfccd28d8e;34338e15-54c3-4e50-afad-ea2656b569f6;Quiz 3032 - longtemps;8;51.89;430
da5b5ae2-0acb-4693-bfdd-928cc531048b;ed80ce1d-0298-477b-962b-584338eea22d;Quiz 2800 - image;26;76.7;0
da5c1ca1-90d6-48c7-846c-bc6d4b34d722;b20f69c6-c7aa-42a7-b9ac-97022fd0355b;Quiz 1046 - ceci;23;78.31;258
da651493-47e5-4ca9-ad90-6a690526a7c8;cd496cbc-0b31-443a-be81-bf9a4d04831f;Quiz 1061 - plan;13;37.84;-1
da77bdb2-bce1-4c7c-9726-45df38a611fa;73be1bf2-99f9-4815-bf5a-5d1af785c7cf;Quiz 1091 - société;18;39.84;465
da79dfc9-f89a-4acb-ab79-43c4624bb459;d9f0a296-d124-42b9-8490-661896c1c2e1;Quiz 4010 - obtenir;13;44.56;-7
da7b614d-3193-4a28-b61c-00a1138b695b;89501fe1-71cd-4870-af81-67b73a645382;Quiz 4170 - autant;25;91.0;-3
da825cc9-cd89-4611-8754-c26d1c407849;77c450dd-8612-4889-bd45-c4931727ed98;Quiz 3855 - dur;23;30.52;0
da852291-c238-45d3-b948-dbe633d1ea79;3b88183a-5518-4a70-958e-029b298d4eb0;Quiz 4481 - question;21;68.6;-7
da87f775-f6c8-4b1d-b40d-aef1627e487c;01d27047-f636-4bb1-a237-4f3e06df0bf9;Quiz 2868 - créer;14;56.57;-2
daa42057-9fe1-4231-910c-e38724635858;7ec0f6f0-65a2-4a23-bd99-9235e530ffb0;Quiz 966 - adresser;20;14.27;216
dabb7a51-45d7-44cc-8176-c768c8499e56;54d1172e-da52-44fd-91ff-bca290e5c9a6;Quiz 1951 - neuf;12;88.05;88
dabcb11e-2dd2-4c47-842b-98ebc195037c;6490013c-3d92-4ec7-a0b8-05f93ca82de7;Quiz 2765 - échapper;21;31.87;-7
dad12019-699b-45a2-9d75-7915416b845d;9bcdb1a8-27a8-43f5-a009-72a17f9708e7;Quiz 3924 - perdre;8;99.95;205
daddde2b-94fa-4ba3-89fd-2a74f515f538;30b65068-8ee6-458c-a722-3cbf9a977c93;Quiz 1415 - ligne;13;99.43;462
dae68bee-6d42-4be5-8498-f19420df8057;60c9d4d9-7ad1-493f-89a7-5588068f3558;Quiz 4664 - écrire;17;79.54;-5
daf2d816-dce5-42fe-826f-1d08130d0bce;6d60643d-4372-44ee-b329-7d803e31ff64;Quiz 2541 - odeur;18;56.27;67
daf527bf-056f-4046-894d-55dcddbe8019;ef1389b4-cc4d-4c37-bfdb-d7b6ac178e5e;Quiz 4738 - jeune;7;77.78;13
daf66bbd-bcd5-4650-b5ae-52d25d657682;58b5268f-4feb-42f0-a2bf-0dfaf56c2f13;Quiz 4489 - terre;10;50.68;292
db003e39-6a45-45b6-a8f2-a277a11c764c;a5b0316f-f374-4687-af3c-f9a89c9c27d9;Quiz 2956 - vol;30;13.54;66
db005108-6995-43c3-b598-50f61b70de40;93ff9ce4-5ddc-4adf-bc78-0d2fd0e3c5d0;Quiz 3055 - voir;28;89.35;358
db01733a-77b1-4fb1-baa0-4df41e5ac647;8c9c437e-9348-460c-aa88-cdebecfa6f8b;Quiz 2887 - chef;20;10.73;-5
db08f28e-ff2f-4769-963b-33cd17ea66cb;b781ff54-7d16-4980-94df-5ba56313ff6b;Quiz 43 - couleur;5;56.35;0
db10b98d-a1dc-44ca-8fd5-b26a32e50abe;4c1219f4-c82b-4528-9efa-099aaa68a125;Quiz 4909 - soulever;23;11.57;107
db20f8c4-1f0c-4820-83b5-74747e3f6570;81b579c7-413e-4f74-9986-31773dc6a717;Quiz 1015 - me;5;11.17;493
db31997f-503c-4aa5-abe7-67408590f4c4;11afd316-84cd-4db9-bae5-53518d0e5609;Quiz 962 - mesure;6;24.12;-5
db3abbff-7811-42b2-80ef-0e23c9a9df1b;6257c91c-58b9-4ba8-9532-5966e09088b2;Quiz 4560 - retour;14;17.85;-2
db3b2471-7a97-4aa4-a8f0-a00bb648dd8d;2022cd8d-730d-4d4d-b149-c9bc70a6ff64;Quiz 2399 - paquet;14;26.28;312
db40735c-4267-45ef-a53a-8f9307ca0eba;9160e08a-460b-4b99-bfb6-6b7bab0da163;Quiz 2007 - pas;26;70.1;18
db481f1b-1872-4e82-b10b-76068bb5d949;c0f8d041-b100-4af3-b08d-d2981b82b6c2;Quiz 1009 - voler;22;63.2;-9
db7042ff-5767-4c81-9292-47868cd5f788;4b88eca8-a499-4fcf-bf87-522e390083c0;Quiz 3987 - réfléchir;19;61.63;0
db73a253-eaad-4e36-a884-d62f9012e331;1768b552-9c73-4442-ac82-12d480052a8b;Quiz 4398 - beaux;10;56.01;412
db7654d9-629b-4754-af65-92e13a538aa9;129578bc-4f83-437c-937d-7177ebb5a003;Quiz 1435 - chez;26;36.79;-1
db9b0dcb-5a67-4258-bf29-e24d2bbd762a;027b6846-1786-4b5e-8ecb-8a985a736240;Quiz 1062 - malheur;20;31.44;364
dba23574-421f-4f06-9364-97456ec5dc8f;0335daf0-377c-48b5-ae55-f7717c9954bb;Quiz 1511 - vieux;11;79.6;43
dba3f2a5-1829-4062-b048-c9757528631b;e2b44096-186e-4408-a335-8b8be076c1a8;Quiz 4564 - précis;16;84.55;-5
dba73b31-fb29-4565-94f6-b8e74183324f;22b13020-af54-44d9-a571-fb90e0214816;Quiz 2106 - fier;28;98.61;64
dbad7d03-eb1a-4bb3-9b4d-b07c8b4c4467;3ce0beae-66bb-489b-9431-d8a21bba2aa4;Quiz 424 - faim;19;96.15;-5
dbe90447-6e78-4650-965c-354c6d697fe9;38252c39-f7cd-42c8-a9e6-5f9c5a079ca9;Quiz 1600 - plus;22;43.4;378
dbf2e11e-7be5-40e9-87bd-89bda766aa53;fc00e448-28b6-42e7-9901-56f4c8554055;Quiz 3577 - ailleurs;27;31.0;405
dbf660f8-9d7e-4c0e-8c70-5f067e114e2b;8b58c930-9751-4e53-a2ce-52a3b80db36b;Quiz 3993 - six;24;57.38;104
dbff5553-846d-4bcd-89e1-356d918baa08;06162620-db3f-4df2-b1b6-ce24f6e684fd;Quiz 2597 - selon;14;93.69;50
dc112ce4-328c-4c41-a124-1769a54d2d2e;acb2747c-056c-41ec-9988-731bd43be161;Quiz 2463 - taire;17;47.74;-5
dc2a828e-665a-40ad-bd83-e7b3c4840efc;6d743add-ccc0-4f5e-99c0-251604f96d98;Quiz 1538 - à;21;95.5;434
dc2ef0cd-8719-4a43-8586-a42bed222eea;6f218a91-10a0-4c50-a43c-192f4d437038;Quiz 1527 - consulter;8;92.32;366
dc331b50-8fb9-4ec9-b845-389d6282dd8e;1552c6ee-b2cb-4d58-aa55-e3d73692230f;Quiz 3982 - sauvage;9;64.44;118
dc622f2d-a1be-45b9-9dfe-5439f70f5972;b9ea755b-23a4-46ee-af84-795fef326fef;Quiz 3662 - blanc;29;34.52;24
dc70cef1-a443-489d-81dc-b0d1797791ca;84218caf-bc36-4b2b-9b15-76d4381adbaf;Quiz 2892 - et;12;80.59;17
dc8962f2-b682-4b9e-9739-bd27d0a60070;940c2a32-1e31-4257-8f82-caa44064ec9f;Quiz 3551 - nu;19;87.45;431
dcafb034-c967-41ea-81a5-bb6ad5e2968a;db242367-da66-45db-bc63-e6088c8f5eea;Quiz 2805 - réponse;6;92.37;55
dcb51066-110e-4d48-b6e4-6b49509e4213;a1c13462-4d6d-4748-b795-c74a72d38b7a;Quiz 548 - aussitôt;20;20.27;260
dcb6bc93-7bfb-47a1-9426-1525ccfaf001;c09b47a9-349b-416f-a3f9-9cbef979bb4f;Quiz 1028 - femme;21;76.09;10
dcb96c3d-d641-4b38-b5fa-b21aa1fb0cca;3276a8d0-81d0-432e-912a-2fd8c35285ac;Quiz 3463 - protéger;10;31.08;401
dcbfa04d-a4ea-4635-8772-696b7047ce8c;d5c666fc-361a-476e-a809-4436ddc2af51;Quiz 1165 - sauter;25;89.02;471
dcc2f9cf-4a22-4982-a51f-298629c18b98;bc69417f-1d80-42b0-a838-8722194ff246;Quiz 1762 - public;5;67.37;-1
dcce594e-08d3-4edb-a964-05dc47d86cd6;41bd6494-4547-4247-8c8f-adcc807d076a;Quiz 4420 - fort;8;26.72;352
dcd2b19f-b1ef-408c-9cab-c1fe3f73914e;048ef989-53b5-4936-8b5b-ae2c67a7c5d8;Quiz 3838 - sur;17;92.36;363
dcfbbb23-3041-42c8-aa6f-cd172e7b0c3f;a1814840-14ca-4420-b1b7-7dc56d72487e;Quiz 1326 - police;16;60.29;354
dcfdf1aa-894e-490e-ba1b-ed9d0db57a7e;499bcfaf-c21b-40af-9970-4b0ccbe4c6c5;Quiz 2959 - prétendre;5;33.18;328
dd11dbf1-e5b4-4e28-b019-b0def1c20b8a;6934d052-9d35-4be0-87d4-e88738b774ae;Quiz 1227 - prononcer;12;97.6;115
dd42124d-8f71-44e8-8b8a-f581c75222a9;092a687c-7403-4324-9c18-842abba34245;Quiz 2621 - plaindre;27;81.21;70
dd54be48-0a21-4a28-9b8f-5c250aea522d;b2f732dc-45a7-4fc1-8722-abe54eeb8f67;Quiz 681 - imaginer;8;41.33;467
dd610e2f-60ef-4577-9b02-e93f29f3a082;2f0cc969-14d1-4e15-acc6-7475cc1ef165;Quiz 147 - mois;10;42.63;105
dd776ce4-cc5c-4236-8680-6198c9753bed;b767d9b2-8e5e-4c17-9616-fa7f1ed1395d;Quiz 4908 - remercier;28;79.67;0
dd826f79-8279-41d8-a5cf-005c8230f657;a087a564-c48f-4778-a3c6-380d47e35530;Quiz 4085 - personne;23;86.86;365
dd88689e-d473-4be2-972c-66b17151f9e5;9e66b721-41f9-4b13-94aa-66bc663f991f;Quiz 4776 - condamner;17;10.63;-9
dd8fe1af-df4b-49e3-a322-bf9306384476;9451b4f0-e9a9-4709-955c-4df2e768fcc7;Quiz 4202 - mensonge;26;67.17;39
ddcae6bd-c8bb-4177-8792-4778912d2e13;31ada668-7d96-43a4-99de-15bfd26409d2;Quiz 2940 - l'un;24;42.5;336
ddeb8e3e-d0cc-454d-9816-e4bbc0263dc7;a196b466-6812-4505-b559-b5eb1590e95b;Quiz 3144 - meilleur;7;41.0;-9
ddf175af-085f-48cd-a810-8b86514694ea;5c9f5107-102e-4350-8cba-697231f489c7;Quiz 3187 - construire;29;38.13;-3
ddf2d4c4-fb2f-41f3-9063-809c1f1c3f86;d7784ff2-3aec-426a-aae7-ea1311fef85c;Quiz 2898 - demain;20;95.33;275
ddfa4437-6dc1-43ee-938c-c1b59e87bed2;9954f760-72b3-412e-8a00-5b2ace6cc339;Quiz 826 - muet;22;40.51;339
de1002f2-985e-43c3-9b30-707887ede6fc;b02d0106-0ab0-472d-9596-862219ba06f8;Quiz 2231 - jaune;15;84.92;214
de2902a4-f49d-4348-b88d-c1abd13b044d;0e36176b-74e6-407a-8d5a-7fb5b4d888b3;Quiz 4126 - juger;16;35.05;-8
de2c51c9-004a-4d3a-9b72-9d3e4ba63ebe;2f961e8a-7386-4c38-b0d9-e41defc69688;Quiz 2864 - user;25;68.13;24
de340b81-c191-4cf7-b556-12b7710f63a9;d5473a17-cc21-4832-bb88-ad4f993d386e;Quiz 2966 - cinquante;17;28.51;255
de41333c-400c-4962-b6ed-a67de47445bc;b2f77e0b-3b5d-431e-9e36-a66b3d1604da;Quiz 4014 - écouter;5;24.53;397
de51ef69-9ed8-4a6c-a304-61afc55267ab;1c5299af-eeed-42d2-859f-5164c130859c;Quiz 3754 - compte;25;78.77;-4
de5736c8-6257-424d-be35-ec3ee8616223;a96eec3d-b561-4e29-a632-523590a327f8;Quiz 1725 - vieillard;27;27.88;44
de58a15c-8d4f-4c1a-a30d-568bc61d875e;7b912e8b-8719-4733-a47c-10c1b2dcbe4c;Quiz 4614 - sueur;28;42.71;-7
de6591fb-ce09-4e29-96ca-93bc397ca8aa;90c6faa0-34d2-40a0-9a1e-fa71a6b6e411;Quiz 4197 - songer;14;74.31;-1
de70bac0-5919-41a9-892d-4ae216ebde3e;8c9c437e-9348-460c-aa88-cdebecfa6f8b;Quiz 1751 - mine;14;77.34;38
de7ba1bd-fa04-47d7-87a3-0739a6ad0ea9;18763cdd-d843-47da-9b9c-67400acaa767;Quiz 1086 - accompagner;29;47.61;-7
de894fb1-33c8-4e51-84aa-6281b62c6b16;b20f69c6-c7aa-42a7-b9ac-97022fd0355b;Quiz 2670 - assister;16;56.8;11
de8e243a-b6c0-4292-b80c-a1fa8d06edb0;9b18a973-d678-44e1-bec4-750d753983d7;Quiz 3289 - médecin;10;27.2;365
de8e5975-7531-4e8b-93f5-6e78457d5048;f9cdb23a-a484-4ef9-9b69-a7f256d4e29b;Quiz 1493 - rentrer;12;80.12;111
de91d402-e904-4309-856e-c3e026c2e740;7902db4f-1251-4010-bc8b-822f2dff4b92;Quiz 3957 - humain;28;76.45;49
dea54f9f-d62c-4d6c-b394-a6faadcc77bf;2809c230-b757-457d-b4ec-086ead62e095;Quiz 3945 - claire;5;84.32;485
dea7862a-bc13-4669-b98c-92d5278503ce;8ff646cb-e1d9-4d90-92b4-ba7fa323db53;Quiz 1450 - prière;12;36.2;374
deb50c60-6e8c-41b6-8aa8-2571c2f2d79b;f14fd977-95d6-4fce-895a-d40931609fb9;Quiz 4605 - pauvre;24;31.71;-10
deda3929-572b-428a-b140-99ca525aecf7;273a0a87-bfaf-46dd-b705-36f16409cc04;Quiz 2297 - enlever;27;88.19;-1
dedc7f87-811b-41b8-878b-838eff15dbcb;580e5caf-e175-4317-a9ba-789b3674964d;Quiz 1670 - vêtir;7;64.14;91
dee37ee6-6e4d-4473-a036-1f076d28db84;1fbd93f7-f98b-45eb-8271-757e996b0e91;Quiz 4797 - mot;18;99.91;281
dee9a748-e119-4769-bdcf-c051476b78c4;9019c755-fe90-49b2-aa93-a9f002b9b5fe;Quiz 1855 - confiance;25;72.64;86
df0089f0-2a37-476e-b346-9a4dd95fccd6;fd2631fb-f30b-41c0-9165-13e2d1aeaa4e;Quiz 972 - complet;11;97.03;-6
df03c9e9-e67e-41ac-ba55-837e6ebea5dd;0932937b-411a-4c2c-8e88-a3d1d4c9ee1b;Quiz 2379 - premier;9;88.08;10
df1050b0-654d-4437-8649-54ca21695dad;3f16d8a7-b519-4a9f-85ff-5852b448528e;Quiz 2338 - qui;18;47.32;90
df1c4bdb-232c-4ff9-8796-179cc91eeb5c;1ae8ee79-7e57-4e8b-8e1d-0640a1804028;Quiz 4852 - dehors;28;67.95;117
df1df576-305e-46e0-8c2a-4cd71a98b542;99627a8f-fbac-4d1b-8532-c4d075487404;Quiz 1030 - former;20;17.99;3
df1e24db-6fbd-4966-8074-19c88e4f7e1b;2ce19360-2f69-411f-a219-0f3047c174b9;Quiz 2970 - dos;9;63.68;291
df2cb5d3-a134-4aeb-97c5-72c052a9f9a5;439a2658-7215-44a3-857f-db8471a9cecf;Quiz 3557 - paix;14;11.13;74
df3a0cf8-01e7-479f-acf9-0acb895be122;a1120368-8aea-425d-8848-bb631b8a7765;Quiz 1474 - grâce;20;85.58;18
df493e2b-7544-4bcb-9a19-d98b3c0cf3cb;49a3b476-f828-4518-af74-353d48874a6d;Quiz 2555 - traiter;25;53.13;68
df565100-43cb-4ec7-acfe-fc8f81804ae7;6f731ba9-de17-4134-bf03-811aac13358b;Quiz 3075 - créer;7;91.91;-8
df65ba47-4199-49f6-bf25-04088ac104b8;d382dd35-f193-4be0-8ace-9c7dfd6ae1e3;Quiz 4845 - quartier;22;44.62;476
df856b03-16a6-40a3-8c82-276eeb2891b5;2c2fb478-23b9-4bc5-8bcd-b6ed69c88cb3;Quiz 4620 - disparaître;21;51.69;214
df8cac3b-6c2c-4201-8153-83f4986dda4c;d4cb13d9-ef07-4b2b-b040-ed967aebe6c2;Quiz 4748 - retourner;22;83.3;57
df8dde3c-c0ee-4027-b23a-af1e2e1ff10b;478cef9a-a29a-4e65-8821-385093d7b789;Quiz 63 - dégager;30;31.63;93
df9414a1-c008-4f02-ba26-c0368d7eec50;648cfa6a-00de-4bd2-a73d-913b0ef297db;Quiz 163 - corde;23;75.72;491
dfa43746-f947-4e1b-ab6a-9b2761024236;e912946f-8dfe-4852-9c1a-f08597abb082;Quiz 3865 - depuis;24;71.44;207
dfaa77c8-4a6f-44fe-b574-33d1f7b0a69a;7f83b9f8-5d1a-4686-872f-a38300126ee3;Quiz 4688 - jardin;29;41.14;43
dfaba171-be84-4626-86a2-a8a54941c63d;cfa1683c-7580-44ea-b4ee-da1cab2d7c66;Quiz 4391 - décider;26;93.37;47
dfdf240c-f70f-4871-9003-20ab4d06e49c;e31ba867-4467-4092-8b68-0ccf4e312350;Quiz 30 - pourquoi;28;36.89;-8
dfea8bab-aae8-435d-bef4-d7294766b99f;a1a3a7d7-83fb-491a-b3ea-325e203fa4a5;Quiz 4446 - apprendre;13;64.95;87
dff2bf71-7c98-4546-b220-975d35ec5306;6ef262ec-2985-466b-8244-6a86010e4a88;Quiz 211 - poussière;8;84.71;5
e001fe56-cfc1-410a-98f0-a5d26b650603;ee7d6184-bea5-4abd-bb56-4d0e5b172838;Quiz 3713 - feuille;5;97.17;431
e014e5ac-aa6e-424d-9e74-d352a0247e30;6184b2cc-54e1-4875-8722-e34cbad51fa4;Quiz 3608 - arrière;20;95.27;308
e028c009-860b-4a0c-942c-bf84b42b4af3;fff026c7-d28b-4346-a71d-1ae6b7ada02f;Quiz 4174 - comprendre;24;40.92;363
e032c9b2-65df-4b2f-8eed-25a53e027b28;f8b3a86b-cdfa-4c82-88a1-2ed432450244;Quiz 2403 - reste;7;63.58;-10
e0426c31-a3e3-45d6-9c42-2c97f083dea2;a9bdee04-28c9-4f1b-a3e9-7a614d89f7bd;Quiz 3017 - rapport;27;54.13;5
e0484787-455a-4e22-bc35-106fb9560e3a;d474ff62-0268-4f4a-a493-e22f9e0c6fa4;Quiz 4864 - chasse;11;10.76;-1
e0545208-b556-439f-b47b-5243770cbe73;96e9bbec-cb71-4226-91be-8dc461692548;Quiz 570 - devenir;14;37.67;343
e064ddcf-2927-41bd-9f36-b780966ed871;b68f7d73-02c1-4628-9429-a13630232dcd;Quiz 2093 - charger;7;77.27;-10
e06644fa-4b39-459e-b029-fd411c47d2a3;34ad77b6-accd-432b-8a29-abaf06b42fd6;Quiz 1318 - sentiment;22;52.83;55
e06b5c1f-9d29-41e4-9494-2b42eb894a46;d4980dc4-458a-4265-a44f-bdfab98e2b39;Quiz 156 - revenir;29;75.5;31
e06c77d1-edf9-441b-bf92-2c852598079f;ed1738ce-2938-4b64-bf0b-646ad73bdfd2;Quiz 3962 - monde;13;88.73;32
e0a7a936-7f9c-40c4-899f-26eb95ff6ee1;fbb0ee46-a7e1-42f9-a626-cc4de5e9899f;Quiz 1147 - sentiment;7;58.5;30
e0bcd768-d262-4943-b27d-8606350b0b8d;939a0233-9556-4576-aa5b-f4ef97c0d2a6;Quiz 3331 - forcer;29;57.77;407
e0e5555e-7b24-4c92-8059-f6f7d46b7812;21934c43-a26b-4218-8713-7829a269fc97;Quiz 1032 - franchir;30;38.32;88
e0f2baa7-ad15-417f-b084-c40c45492a20;9954f760-72b3-412e-8a00-5b2ace6cc339;Quiz 4788 - sens;12;24.44;384
e0fb8831-abfc-412e-bba1-c2e6f9eaab72;d4cb13d9-ef07-4b2b-b040-ed967aebe6c2;Quiz 2776 - quel;18;54.93;-4
e0fce31e-e144-4b55-ba69-fcd30b791f7d;c3b088c5-0465-4cda-9639-94a0a8bf328c;Quiz 2972 - porte;28;70.39;-3
e0fd968d-8595-4a26-9ff8-0ce5833baf62;9ec78b2f-3d21-4051-876c-a0921b544056;Quiz 305 - condamner;11;35.02;85
e11159c5-92c6-48e4-94df-6ddb60aa975e;2f0cc969-14d1-4e15-acc6-7475cc1ef165;Quiz 3137 - son;30;62.89;29
e11fb22f-ee46-44bc-9dc6-6eaae328c362;f9277511-bf3d-435f-9102-07fb25a655a0;Quiz 4464 - imaginer;21;39.46;30
e12457fd-ea09-426f-ade3-d320031a0895;03359a13-11c2-4174-8608-f40f1518bc89;Quiz 3864 - donc;21;39.93;24
e12fb3f1-8121-47bc-b164-c9c04cb4134c;beead7f9-e172-407a-b964-f07c3605ae9d;Quiz 1262 - sortir;12;81.31;-5
e135a79f-47af-4913-b5c7-8cb24a2a1fa5;40bbd20b-a498-4767-8bda-2bb38a32c508;Quiz 1893 - ouvert;10;49.53;105
e15b8587-a06d-49b8-b9e7-bd2c747c669d;435a39a8-96d8-465d-9049-e31e8aee9a9c;Quiz 1226 - nation;8;30.47;-6
e1866c1e-384d-4ed1-80bd-ce0f0af3f7fc;f9237c6b-3f1a-4360-80c4-15eb48ebccbd;Quiz 735 - amuser;26;66.94;409
e199e0e1-4c64-4707-8e79-21fdd9108c82;30c677df-66fc-4cf8-85c4-32f14f6f0bf3;Quiz 3589 - monter;27;76.45;446
e1a5245f-4952-46f9-a68b-822825174ebb;942d6ffb-4a46-4078-aac6-9d3d6bc88ab2;Quiz 4087 - visage;16;16.08;-8
e1acb952-124f-4618-8b56-8286ad2ea305;425c004f-6278-499b-a9cd-c5111c6d84ba;Quiz 1096 - verser;5;18.97;-9
e1b4d891-664b-4296-9283-230086d833b1;d85b33fc-e04a-46dd-90d9-5c0709e00ca0;Quiz 2213 - rejeter;5;91.55;4
e1b9063f-e6e7-40dc-a5a8-751c1365378e;ddb9ee95-35cf-4795-bfc0-a257dd6e98b6;Quiz 1215 - portier;18;98.12;-2
e1bc6cf9-a203-45ff-b465-8999e0e81ff4;15d67cf5-7a4c-417c-b7d9-a6bdd35966e2;Quiz 4328 - avec;5;71.01;106
e1bcc67b-d8f8-40eb-8f87-af0043c075b7;855c5cb3-17bd-4a2c-9f2a-6dcc9fbf2797;Quiz 2253 - projet;16;93.68;-4
e1c7b76e-b40e-48db-9ba2-09b43ed9a76b;4f9d12a4-5e18-4cc6-b109-7f37f8846456;Quiz 1221 - supérieur;6;39.63;318
e1d207b5-40c7-4abe-aac8-04e7834378a2;3a5ec799-c2e1-4c88-bf5a-9ef193d39768;Quiz 4409 - boire;15;18.93;-8
e1d2e334-23ba-4190-8041-504ed46a5580;bbf29d0c-2135-409c-83bb-6f7c5333b7e7;Quiz 2318 - souvenir;8;31.19;-4
e1f372f1-4a21-47ce-893b-2acd6d3f7df5;9aaad18e-5d1f-4571-8177-71a79e451c61;Quiz 745 - pitié;25;45.42;475
e20076bd-72a5-4596-b7a8-cec92cb9d1a0;6eac09a5-46cb-4659-aad8-89022306e192;Quiz 2504 - convenir;11;85.03;-8
e20ac8ad-2e46-4f2d-8c7c-83b5fa6d6212;4192827f-b557-4c1c-92b1-96a3493c68a4;Quiz 1813 - avance;8;44.78;120
e217c4c0-963d-4460-bb68-3021ed68b04b;45c5a4a9-4a23-4c21-af0d-22dcdda73936;Quiz 3652 - confiance;11;87.4;-9
e226fb55-89b2-4398-8582-dd10b3fb8d2c;40d745ec-012e-4fc5-8c9c-9fe086381945;Quiz 3396 - jeunesse;29;12.52;-6
e22d3774-dd54-4909-8cb5-40b3de5b41bd;a9f0bccf-29a9-4201-b793-ca42581c2bb7;Quiz 1012 - perdre;24;63.78;298
e232ad55-04e2-40b3-8b96-275fc489d677;ca3c605d-7702-46f4-9358-4a47f07683fc;Quiz 2786 - mériter;8;22.26;-6
e24b13d9-2644-4d9e-a94b-a324bc16a07e;11ce819f-e5ef-4230-95d8-b70985dfaf45;Quiz 2799 - queue;5;45.99;405
e258f6a0-3b7b-42a4-ad85-ec9da6518bc0;01629d65-7490-405d-9fff-85fdd71737f6;Quiz 3498 - distance;24;72.94;4
e25927ff-75ea-4f47-886f-600da65789e3;72556e14-d108-49cb-bb5d-27f252c9e177;Quiz 1285 - eau;24;45.96;332
e25d0d53-6e89-431e-bc33-83ba8ae5a3c0;224af2c4-5be2-4963-be5a-58232b6ca3eb;Quiz 4373 - oublier;18;94.19;41
e267779c-3ed7-42fa-8da2-d55517095097;63fd0db7-44fb-4004-82e1-a554030ee311;Quiz 3458 - pour;21;84.74;114
e2697765-aac9-411b-b2e4-70a1fbffae70;8e50df89-8f31-4aef-a82e-5146c00ca3cc;Quiz 201 - casser;22;37.46;315
e27283d9-aee4-4a04-8bbd-e14f83e59159;048ef989-53b5-4936-8b5b-ae2c67a7c5d8;Quiz 766 - partie;25;56.8;35
e273f460-2c47-4560-96a6-38368acb638f;3b286136-5738-4fd8-8d21-ed3955cafa00;Quiz 3241 - désespoir;5;54.94;113
e2770a6f-04cc-4c71-9c94-8ccbf9859dd5;5044931b-6fed-458c-b6d8-f650623b5ddc;Quiz 1169 - gouvernement;12;52.17;-7
e27f2a65-796a-4744-9d12-10a00c43b901;341b9420-77a7-4893-90dd-53fcdb4ee331;Quiz 3710 - comment;10;20.32;452
e2856702-eb10-4657-926a-3a5c9228538b;79406ed4-0e0c-4b0c-87cb-0ee03789d2c5;Quiz 3121 - puissant;30;23.53;-6
e28b8d09-40bf-4e3f-97fe-f747d888c73d;027b6846-1786-4b5e-8ecb-8a985a736240;Quiz 1901 - bout;26;71.76;370
e2956a15-a4e4-4633-aff4-73d96a7a96bb;76ae7fd1-fb7f-4e83-9806-2862ab5982a2;Quiz 1100 - un;13;73.62;398
e2b4578e-335a-42b6-b858-e7452ce59313;ce9d03e5-23c4-4e8a-8aa5-3a8a32d360cb;Quiz 311 - façon;28;53.94;481
e2bac21a-aca5-47f7-b67b-756f9b50abb5;1663b4c3-8dd9-4870-836b-86fcff4a4ddd;Quiz 3597 - respecter;5;95.08;489
e2c1c729-9c32-4c8e-8ced-ee6cbbba4c08;bc47d640-bf67-4ef9-98ff-01c0353538da;Quiz 2141 - françois;28;64.59;95
e2c6fe92-f5e5-4819-9d72-67ed45fb7ab6;45d7bd79-b2a6-4622-a334-e68726403cd4;Quiz 4427 - autour;10;80.28;450
e2d28830-768c-448d-aa6c-9ff6fbb79844;bc47d640-bf67-4ef9-98ff-01c0353538da;Quiz 3234 - patron;21;78.48;201
e2e73224-99ea-4110-8cfd-10b53fcff35e;a4803eb6-e75e-42ed-9104-75f880e35112;Quiz 4586 - souffler;24;22.39;19
e2f2b66c-638c-4161-b07e-cc941fa948ab;324c124c-864e-495a-808b-72200f1e67cd;Quiz 2816 - billet;28;16.59;345
e2f4d447-3f5e-4afe-8806-b704e84ef71e;c7016346-4dde-493a-95a1-fae636ce142d;Quiz 3977 - miser;12;68.6;36
e2fcb4c3-5511-49e6-9172-d2f753f92df6;7ccd3143-e589-4d77-bde9-07f3682f7c43;Quiz 903 - poste;10;64.53;336
e3053b01-bf5d-48af-828b-113ee5cd1f74;8c379eef-ac1f-4246-a28f-3bc03f4e3a42;Quiz 486 - mouvement;21;47.55;26
e30b4f00-1602-4d48-8f43-c76cd1d0920b;f5e534cf-4b22-4a17-a4d7-2c272123dbbd;Quiz 1133 - étoile;8;78.7;446
e3115b9c-3e36-465c-9690-0ea8831ec5f8;f0cbc800-d9bf-4de7-b163-d8c025e8caac;Quiz 290 - pauvre;17;13.94;362
e3193614-409d-40ab-8080-7fa497080fd4;f22ea8d2-069b-43d2-9ad1-6660fc571260;Quiz 270 - boire;12;18.91;94
e323d77d-253c-4ed9-80f0-1b1293011a75;03359a13-11c2-4174-8608-f40f1518bc89;Quiz 2662 - beauté;17;80.06;61
e324846f-d943-41df-bdc7-cf27e9ec36c8;15111c89-2a47-47d2-970a-d832d3e17e60;Quiz 602 - mauvais;7;92.05;101
e34a8081-6716-4140-a036-4fa8279b8dc3;06162620-db3f-4df2-b1b6-ce24f6e684fd;Quiz 2616 - semaine;11;30.88;-6
e34ba11a-8aea-4e01-b203-818a04faa8cb;5b3af18c-1a50-4d86-a3a4-55f20946b66a;Quiz 4953 - bon;23;81.06;-2
e350463c-1b5f-4792-a22f-4909db5e17e7;4d3beab0-dfc6-4530-9509-76f12ca510bd;Quiz 4291 - rapporter;13;89.98;485
e352ad1c-aacc-49e8-ad47-384d355cf81d;d6af9187-a55f-4625-b630-ad75bf568088;Quiz 2698 - plaisir;9;95.21;0
e3675a79-6e21-4f64-b9d5-66462bc0a8d9;2bf10d0e-00c4-4744-bef8-476b17a40bd0;Quiz 1554 - intérieur;21;60.77;-5
e37e007c-60f7-41cb-ac0b-66e8e5250cbd;c6ad2956-23c1-41ed-86e0-b82a0bb5f8a6;Quiz 3724 - puis;29;38.85;425
e3832352-e50c-4feb-9904-daf7d4e8c1e0;eb10e230-80e8-43bb-9fcd-46cf98ef3656;Quiz 4340 - lien;18;52.65;415
e38ded9e-2988-494b-b246-09a168978c14;70111e69-fc62-48f0-a279-e85ca5ca6569;Quiz 1787 - immense;20;74.05;207
e3988404-3e54-4fe9-8755-77cdc0a5d9d8;10b536e9-15ca-4cbe-a76a-28848901c1f1;Quiz 4683 - fumée;13;58.09;464
e39c2589-e31e-4d09-8580-19969070c719;15f0aeb8-9992-41bf-b3cb-e17dee847b3c;Quiz 2005 - diriger;17;88.79;-5
e3b03948-0281-42eb-9861-87b012566b18;3180d49e-0aeb-4997-a25e-b7b7abe8ab1b;Quiz 532 - fond;12;34.33;380
e3b085a9-aaa3-451c-877d-c71e5123a343;13d4d361-3b95-477b-a535-565d7fd80933;Quiz 2544 - voisin;11;57.49;439
e3b2f2ad-2746-4ed0-b2ae-961cb9f3ea20;c52c8311-0ab1-4db0-9aa7-3c3a25ad2cf1;Quiz 1510 - cheval;5;77.94;19
e3b45d0f-64f0-473a-961f-04fe6f9ab487;7e64f389-b7fc-4d30-a22d-42e7e6c8f26f;Quiz 684 - rappeler;17;39.21;-9
e3ce733b-5c0a-4c5b-8c17-5c1c7dae3fde;64663101-2735-41d8-b7b5-3e042b358e83;Quiz 1401 - soin;23;12.64;-8
e3d7f860-c597-494b-9063-6c1e236e528c;1552c6ee-b2cb-4d58-aa55-e3d73692230f;Quiz 806 - compter;13;97.71;-5
e3da3909-a8a1-4fde-8c0a-7251cde23037;82437a31-36f8-4a95-bd16-a3cb9e746a19;Quiz 2119 - savoir;6;78.27;8
e3fa6c1c-33a1-4400-b49c-c97c4a1b6f74;dbe9e551-cd94-4a5d-b271-1c9e3f0f2941;Quiz 4047 - changer;16;90.13;446
e40004b5-0282-41b5-87f2-843d39d931a2;9c6976fe-fb52-4e44-bfd1-017073b04c92;Quiz 2315 - auquel;14;74.43;489
e417bbad-7741-47bd-976f-bc0fbc4824d9;d3b07746-a193-4dbb-8502-0c7a9c999c06;Quiz 3694 - aller;17;55.48;63
e427c9a0-9cc7-4b60-b581-f0ba2a8332b7;c52826e3-44cc-4e27-aff3-a10238ffcb96;Quiz 2695 - commencer;10;66.95;200
e4392c9e-b680-4660-9ec6-27b036fe98cc;b32c973a-5c6f-4e04-a2cf-fc43fcaccff4;Quiz 1746 - fermer;13;76.89;19
e4480033-70b8-447c-b695-e6392b24ff1d;59554f3d-9fe9-4b14-84b5-053c225c4310;Quiz 3031 - bon;26;25.07;-10
e47d79c2-ae1b-4728-91b4-37e753f98c56;2f961e8a-7386-4c38-b0d9-e41defc69688;Quiz 4546 - réel;12;27.94;-4
e4825a8e-af37-4d30-8f8e-ea1557b42834;be8b672b-7ba6-40cd-8dd6-5cceb9636e79;Quiz 2565 - lourd;13;76.7;76
e4975521-73e7-4522-b423-0818748580f2;bb3a7420-811f-42be-b934-af72f528b2f9;Quiz 4690 - éclat;24;80.1;67
e49f6948-33a7-41f0-85d5-ebf45c978ece;1a425d41-f9c1-44fd-b986-19d29d9cb046;Quiz 2549 - consentir;12;76.32;345
e4ba0b6c-404b-41b4-b69b-e5da0f672b9a;99bfcb60-4f0f-48c8-97cc-986d4824a37d;Quiz 1694 - mal;13;98.61;-2
e4c237b7-0a89-4d55-be07-36e1a7f8979d;e84ee02c-32e2-4d6a-bd0f-6489dea3402d;Quiz 354 - trou;14;33.38;234
e4d2012a-ed76-477a-8a75-497af2d56ec4;61021e52-a8f2-4989-9e71-861cd8054aa9;Quiz 3810 - devenir;12;77.8;-2
e4d74a1c-f670-4d8d-afa9-8e9d256bc99d;bbf29d0c-2135-409c-83bb-6f7c5333b7e7;Quiz 1690 - durant;25;25.56;-10
e4e2cd66-1064-4e1b-bdaf-6e17c1893ec5;09a8660c-c960-475e-a045-e9224a232df9;Quiz 2422 - sec;7;36.82;357
e4f958a1-b731-4eb7-9d3b-a33710ffd958;2bf10d0e-00c4-4744-bef8-476b17a40bd0;Quiz 1007 - mort;6;51.28;-10
e5038489-64e2-4b79-9312-85a97bf3da7d;f8b3a86b-cdfa-4c82-88a1-2ed432450244;Quiz 4608 - respirer;5;15.4;115
e519da29-6fa8-4334-9d70-ac8324a2db89;cd0ae445-0054-479b-92ab-cf49aa316c67;Quiz 2886 - jour;10;84.4;371
e51fa779-8d26-45c1-bade-6a64de908dd3;5ed457be-8607-42f1-a9c4-3ec9dcc7a09a;Quiz 2419 - mon;12;65.79;288
e51ff612-f727-441b-9a6d-4cff4f802dc3;324fe1c5-488f-480a-a005-2af861e6bb80;Quiz 1163 - relation;15;39.68;344
e536c533-ac7b-42df-a88a-3fd724202979;24946152-c993-4977-b739-8524ea5e827f;Quiz 2741 - billet;17;76.42;-5
e539cc7f-c2ea-4b70-8fc2-a200da2deaa9;0b0d3678-1c43-4bcc-89b3-6e4ae880383e;Quiz 1390 - général;28;52.71;390
e54041a2-7cbd-4a22-964e-f394369cea96;7835ea87-6588-42a1-b4fd-d6635273f02e;Quiz 1424 - ce;11;94.57;296
e54ea322-6591-4ca8-ab87-5f86dffaf935;0a7af64a-9e5a-4c65-abb1-4443314bb8bc;Quiz 4217 - peser;12;50.44;-5
e5518155-ea17-4c77-a587-7da85269836e;dc5ad8d6-8b51-4ad0-8402-22c14a789f94;Quiz 4919 - créer;11;24.41;479
e561ae49-b5d7-4acb-9b3a-109c269aaa01;3150cab9-b765-4a25-89dd-0a70579ef543;Quiz 2823 - visible;22;13.62;-4
e5632863-831a-45e4-ae4f-839d7c4a900c;5f6ef156-8d4a-428f-bed8-f0c7a3dc6287;Quiz 153 - absence;22;62.95;11
e573a895-2003-4497-aadf-217ff1482774;329baff3-c130-422d-ac52-82c21336db37;Quiz 918 - curieux;25;72.79;39
e575ccb2-d296-4ea5-882e-92ecf1e75b0d;72556e14-d108-49cb-bb5d-27f252c9e177;Quiz 1633 - voisin;14;68.63;-8
e57c3265-824d-469c-bf63-0b6375d3acc9;9c44d1af-d1aa-4c49-afc7-b0b462e2586a;Quiz 359 - parole;22;40.37;308
e58e3b83-1404-44fa-bcaf-b908a7c31b40;42ffc391-7334-4481-bcd0-85e2c6b0b232;Quiz 3112 - témoin;12;47.61;436
e5a6b7a8-4f0f-4911-82fe-432d886c78bd;3d1836cb-f95b-4873-b4c0-ff41d7d6a324;Quiz 4759 - droit;27;15.4;352
e5b7edd7-bd94-4630-bdb5-6502abbd5189;1f3f5cd3-5549-492a-9ce8-3ae6f6041f46;Quiz 4494 - gloire;14;63.22;109
e5bbb752-6fbf-42be-8847-cd9c6f6ccf3e;6d3fe26d-bedb-42a2-ae55-546236fe5cf7;Quiz 4511 - effort;25;70.84;481
e5c2acac-4147-4d10-b003-1a3c87181147;40984e71-f7d8-42e5-9777-f6232a93e819;Quiz 3989 - hésiter;6;33.58;488
e5cdbbf3-cdd8-45f0-9965-b8fa1c19affa;244c563a-fb9c-435c-8370-b2ee100bee6b;Quiz 528 - croix;12;95.65;-1
e5e4a2bf-1767-495a-98ec-63664d71951d;76f8aee1-ae54-49fd-a71c-6996efe5521f;Quiz 2273 - rare;9;47.48;-5
e5e5f6c8-a0fc-4976-8389-e5e295968c3e;76ae7fd1-fb7f-4e83-9806-2862ab5982a2;Quiz 2794 - seulement;11;50.92;-10
e605924c-26d4-4d6b-8ddb-0a2172e3c210;acf10b69-4d6d-452b-9c38-1d442f1efe2f;Quiz 3043 - grave;29;53.55;272
e6269f67-d029-491d-b333-ae48ce4e38d6;d6f7cb2e-833d-4add-9fe6-ccebd22a5dcd;Quiz 4960 - plus;30;59.11;98
e63e2006-f11b-45ed-90f5-a3fbb81cf06e;ce135927-1158-49b9-bb9d-cc47d3c06ae0;Quiz 2100 - aller;19;50.42;70
e63f3eca-3782-4a4d-bdd6-2d83874c3c27;39d28c50-e9ae-46ec-b6ce-d56a17b56730;Quiz 489 - camarade;13;51.87;98
e6447dd4-2db9-4c56-931f-f71b9d86e726;6fe5061c-8edb-4681-9aa3-c17dbee19f12;Quiz 4119 - caresser;16;66.29;223
e64e5eb3-15f9-45bc-9288-f8974c9e051d;8e50df89-8f31-4aef-a82e-5146c00ca3cc;Quiz 4364 - savoir;28;52.46;388
e64e5fe3-b229-4a74-a808-efae35cd7ebd;7f26dc87-04d8-4256-a2a7-0dafb2426fc6;Quiz 2729 - crise;17;80.56;102
e66783ef-6231-417c-a094-2aeee75b455d;e6399f1b-7840-4bd3-b0e0-244a01db1d6b;Quiz 4626 - faux;20;75.15;228
e68323bc-52c9-4d6b-ab5f-edff495e6482;6d60643d-4372-44ee-b329-7d803e31ff64;Quiz 4269 - étage;8;93.14;431
e693b87b-e610-47e4-85ab-9dd7d3ab8185;a0aecea0-8803-4629-87c1-f88c4054cd75;Quiz 4994 - répondre;9;81.91;45
e6a30785-0458-4469-be8e-8baad13e35b1;da80df70-349e-4ad1-bf9c-29560b88d1cb;Quiz 80 - manier;24;30.39;312
e6a8410f-c1de-4fa8-94cd-27991ed9f53d;35a4e528-0907-4bf1-af32-b3cbdb5ee231;Quiz 2629 - centre;26;58.74;90
e6b5ab2e-94d4-4603-b6f6-f06bfe13b9a6;4b88eca8-a499-4fcf-bf87-522e390083c0;Quiz 4979 - ni;24;35.04;324
e6b886ef-2857-4939-838b-a62315b64841;601aa86e-5685-4c27-8103-40219d73b01c;Quiz 3533 - compagnie;13;76.1;84
e6bbe16c-e79d-4ca8-a7d3-50af9f0b8768;624775fb-7e09-47d1-a611-ea06c2946893;Quiz 2902 - exprimer;21;31.39;300
e6c382d5-9722-4ce1-be92-66a56099c736;8a9b701f-ba40-4eec-884c-139323ee8aea;Quiz 214 - avancer;25;33.53;55
e6c7a8cd-abd4-44aa-8ee5-5d06d243fe9b;b0a7dbf7-f594-44d1-8a49-169fd8397a90;Quiz 3341 - intérieur;5;33.03;76
e6d12b00-c1b8-44ab-ac00-c7bd3b0c111c;19757271-ccf3-4323-b2f7-e0fd7e02f50d;Quiz 3813 - rond;25;88.93;271
e6dce9d4-57ed-4d5e-9c13-18e7892acf2f;e33bba35-8860-4444-95eb-4902ef966754;Quiz 419 - poussière;10;47.11;423
e70c0b6a-0dcf-41c0-8a2a-a7300a305a58;d2f00fca-8624-4c44-a5e1-d442a30f6018;Quiz 2715 - joli;15;80.97;46
e70c8c53-a936-4b82-8ab1-f59aacf6b5a9;4dc093db-c05c-4674-b4e9-1725c6b8c109;Quiz 4872 - ton;20;70.23;-1
e71ef9f3-ee9e-4099-88dd-c208c56f0374;a3a6608b-f6f6-4a1f-82a5-5b1037e6244d;Quiz 4153 - gris;26;41.91;22
e7224587-7b46-465a-b968-b8563510274b;e9982239-eeae-43b6-939f-0ce296ec8add;Quiz 2883 - commencement;14;20.09;483
e728a94c-202e-4755-bc10-d812766c2ab2;6119362d-b8a7-442c-ba32-8b5b11844dd7;Quiz 2305 - aider;9;94.66;7
e72ac12d-3bd2-44a5-8a13-77a5d9636d61;4ff2e74b-6f3f-4b1b-92c4-d7e28f75170b;Quiz 3548 - savoir;10;24.06;103
e72f13b3-479e-4455-90dd-372edea70ea8;95fdbbe6-c259-43c4-95cb-62515d208ffc;Quiz 1661 - content;6;37.11;30
e75910d6-cab0-493a-8c75-bce545e05cc1;51a3a4bb-602f-409a-a3d6-9215260c0554;Quiz 1941 - notre;30;38.81;379
e78552eb-a151-4fac-84ce-dc468a79d377;005f853b-fbf2-4b98-a51c-e04307edd95e;Quiz 2319 - eau;28;76.94;258
e788f826-c0e2-4ccd-95e8-4974aba12ae9;e294dd84-c9dd-4b6f-ba3e-1e66cee860e3;Quiz 4523 - personnage;9;98.73;-9
e78cb74a-8480-4e38-a732-f3b2436e543a;90ab94b1-e65c-47a2-a614-cd8be4cdac04;Quiz 3688 - haut;26;34.8;205
e79369b1-ad10-452b-b8e5-3c8bfdf59415;563cd75f-4ca5-4817-8086-65606be78015;Quiz 304 - près;26;33.3;497
e7bdc834-cdc1-4b96-8a6d-4fb329b77800;b96bc7f5-7aeb-4df8-a581-65f96215cc33;Quiz 2515 - aventure;19;31.25;-10
e7c64757-0022-4ca3-b400-d1713f41a55a;50596fdc-caa1-433f-82a0-0aa705de5a03;Quiz 1107 - derrière;19;55.01;-6
e7f52f38-5496-40ea-958c-51ae047bef3c;0805c3b2-2f52-439b-a05e-12a964e11967;Quiz 1392 - chat;8;50.9;-4
e8345f5e-5811-4b15-a23f-afbc252c623c;6eb86b71-724c-4e9d-910a-d9b11d5a216a;Quiz 1321 - tard;14;86.82;-2
e8506593-2dc6-48cb-bbde-1560a080f189;82cae136-d066-423c-aff8-fa1808a50d5a;Quiz 2613 - usage;20;55.85;-4
e85fd800-be26-41c1-afe5-e241875809d2;b5952523-3cfc-4c7e-aa66-4b50b45e3c70;Quiz 656 - remplir;27;28.94;-4
e863f37e-0396-4fc8-8978-deddff8156ba;e33bba35-8860-4444-95eb-4902ef966754;Quiz 751 - ainsi;22;63.21;274
e8654d55-3ee6-459e-b22e-094183919d08;91573393-0544-460e-ac8a-056818cccd3e;Quiz 3005 - bon;12;51.09;-9
e885c279-ee63-4837-a56a-a3173c5d3733;1e8d632c-e5f6-4860-bb9a-a305f67e4609;Quiz 2558 - année;21;60.5;-9
e88bff2e-4574-4921-b26a-e8a03c9c7ba8;f1dd13a6-7331-40d0-be2d-94f4c3152949;Quiz 827 - employer;21;30.87;120
e89c28fa-63db-4cf3-bbc7-35a2c1bd3c36;0b0b2e09-c85d-48d8-80f0-10fc89501069;Quiz 427 - compagnie;11;49.28;67
e8a68ae4-08a6-423c-ae09-9ee4919f8b8f;a0ec8cbf-6c4e-47cd-a923-a7e857544d13;Quiz 1105 - travailler;23;38.95;-4
e8ba6889-a92c-4833-8c22-f8007094b552;cd3493fb-4ea0-4644-887a-50d421d8b09a;Quiz 2690 - livre;23;93.63;97
e8cfc2ec-e2e0-43c1-aafc-18240a2cd6a9;cae12c96-c0cb-456b-b410-d65648b192bf;Quiz 934 - genre;7;74.8;-9
e8e2f63f-cdfe-4a1c-b525-864c09634f05;92d9750d-90cd-4bbd-b323-43b5adb1bbe8;Quiz 4588 - art;11;61.1;-6
e8e818b6-2ce6-43e7-9c75-4a2260c0dfe4;f9cdb23a-a484-4ef9-9b69-a7f256d4e29b;Quiz 818 - lisser;21;29.1;3
e8ecd59a-d750-4261-a9a4-f79313125abe;b20b0720-287b-4e97-85e2-4e3f4fdcb0ee;Quiz 3293 - réveiller;25;78.02;-1
e8f0fcd1-fb4d-4288-b8e6-0870eed97840;a4078061-a628-451f-8538-a0d7a2f29152;Quiz 16 - curiosité;11;92.23;287
e9032f60-755b-46da-972a-66e907f82132;eea8c297-5aca-429a-abf1-df290cfbed12;Quiz 1828 - apercevoir;22;21.66;-8
e91034c6-9bd4-4faf-aee1-4fb06a829770;fdd76d38-89d6-48eb-b7ac-562697db0964;Quiz 4414 - fin;16;84.13;356
e9120b4a-cd16-4de5-8f38-59f0c4d063a5;fde8d136-2782-422f-8a88-324237212909;Quiz 3631 - voyager;7;32.93;316
e92f5514-9b50-4e8c-bd9b-cc730d22990b;72556e14-d108-49cb-bb5d-27f252c9e177;Quiz 3755 - si;22;33.88;499
e946e3cc-996a-45a0-bcff-64402573a0cf;ec5005b8-9c2f-4414-a385-fba551672d00;Quiz 254 - cependant;11;27.17;336
e94a6fd3-0ad7-4b3f-9250-e2073dee3a28;010a4b27-3180-40ba-903e-8b1e31b55e5f;Quiz 2202 - préférer;8;24.17;-10
e951759f-c0d3-4d75-881a-f02ed48c89ec;199a09f6-17ac-4d54-bb86-56fb2c6b596b;Quiz 3844 - professeur;12;71.59;80
e96055f1-cdd8-4873-aba5-47fb1481a0d8;76a357cc-5d2d-42ed-92ee-2304d23188c9;Quiz 3641 - dehors;13;78.98;97
e9847983-dfc2-4e24-9b7c-c8e38026e1d0;0ee2960a-ac71-4eaf-930e-8699b03e99ae;Quiz 3181 - poitrine;13;12.96;14
e9851bd0-f25e-49b2-a4e4-b27c2a933e29;b8dae5ce-3fd4-4dae-b5bc-4dc05356210b;Quiz 2056 - le;30;96.55;45
e98bee33-37bf-4230-b066-39d7c2235d05;2f9eac5e-a935-4eb8-a98f-ddd57ebe961b;Quiz 4429 - subir;5;40.37;266
e99ae13d-8bbc-4f53-af40-fbf332e66b75;d88b6bba-d978-4424-afca-848686089c37;Quiz 3154 - risquer;25;82.16;35
e9ac2860-d801-45bc-a31d-63fb23412df4;43d1ad30-bc00-4c4e-a19d-7e3ac9b081e9;Quiz 4404 - dominer;14;97.52;-2
e9b2961b-d466-43a6-aa30-8bf48b9e4c35;3658f811-85c4-40e3-b0b9-c8a0c1ef79ec;Quiz 3645 - histoire;13;78.67;374
e9b55f5b-f53c-4286-a6e4-1bc276702561;24e3d1f3-9edb-49a3-aaca-fca7f6134372;Quiz 2668 - partie;13;21.85;-3
e9cf8afe-82c9-4127-9dbc-794ce140a27e;9e15e8d5-13e3-4ded-a358-51ad4c3e4ad7;Quiz 2279 - bas;22;11.17;-9
e9dc8747-8b52-4566-9d27-7761fb770dd8;a997837a-ecc9-4dd1-9774-4db5af90bd06;Quiz 997 - marche;30;79.46;-4
e9dd0322-556d-454d-89f1-5ee621650a4d;e90bb46e-df97-424d-a285-3000f246d2c4;Quiz 326 - présent;25;38.55;11
e9e4c07e-fd83-4ac4-aea7-e69adfe96b00;84218caf-bc36-4b2b-9b15-76d4381adbaf;Quiz 4093 - prévenir;30;37.89;51
e9f18d88-f358-45a1-a246-af5a7f1deaab;e7af09e9-80df-4f46-88b9-3222a4a25aad;Quiz 3029 - tandis que;6;77.46;-4
e9f3c559-439c-45a7-a8ec-7d4c758eef1a;c09b47a9-349b-416f-a3f9-9cbef979bb4f;Quiz 1092 - sauter;9;20.0;290
e9fc0449-dfc7-4147-8090-8176ae11f330;40bbd20b-a498-4767-8bda-2bb38a32c508;Quiz 1858 - flamme;28;59.92;65
e9ffabf8-e537-485f-a604-e92b2bc9aaef;601aa86e-5685-4c27-8103-40219d73b01c;Quiz 3767 - désirer;5;45.03;79
ea067495-7ea8-4134-ad38-a423b5f4a081;23394e4c-8aa1-4d97-969c-9a4520c969d7;Quiz 2249 - unique;19;21.61;0
ea193774-ae40-4642-b5f4-c12ea2938818;2a23981c-4706-446f-bcff-80a966e0c8d4;Quiz 3899 - en;22;29.0;37
ea2f1cce-cfa8-40f0-8042-2dca40e86d0d;b1d2b689-4bb4-49ee-9bd4-c16414a523df;Quiz 3511 - semblable;22;37.95;221
ea363869-c251-409a-9f3a-a9bde8e63ca9;3741b7c5-22bb-44c2-8fd6-9679fd30cc42;Quiz 281 - unique;26;60.1;215
ea38c768-98aa-429f-af82-9a26b9856544;1a8ba412-15a7-4e3d-86af-ceaed4aeb4cb;Quiz 2516 - rassurer;17;95.09;52
ea3f6d1d-a4c0-4dd0-ab6c-c13491004a08;b8484968-311c-48c5-9742-660ed683983f;Quiz 3540 - créer;16;25.55;-5
ea40328c-bebb-4380-b3ea-75f1505375bf;ec4782f0-749e-4b34-837f-c75fe6a19066;Quiz 3152 - recevoir;23;32.47;9
ea539f51-6213-48aa-b59a-a74db2bdfb1b;c22b8f93-dd6b-43c4-97fd-95d16ced35d8;Quiz 3339 - complètement;9;47.15;-8
ea5479a2-252d-4886-a67e-5b6ade5a80b9;ea3d4136-21cf-4396-9501-02b149347835;Quiz 2014 - semblable;12;80.0;-6
ea835104-c021-4aca-b0f5-612a1c8d72d6;89501fe1-71cd-4870-af81-67b73a645382;Quiz 2387 - chien;28;49.11;478
ea8714f0-0753-42a1-888c-3e9d87301f20;14c6e806-5922-4d1d-8659-a4893778e14a;Quiz 3603 - puissance;19;90.81;220
ea89dfe3-1c68-4ebb-9c27-e0a9991f143d;f4d2c348-2fac-41be-b5cc-a683075cb39f;Quiz 2320 - avant;27;97.72;-7
ea9047fe-bcad-4b93-aa09-bbd42b68a356;21f3721a-e524-492a-8b1a-fa677a5498a1;Quiz 1479 - huit;5;41.22;61
ea925a6b-e7ba-4dbf-b373-b50783b5b87c;260444af-e28b-4ba1-af3e-625c60095da0;Quiz 4928 - village;10;58.78;0
ea9b14ee-99c7-49d1-8fb6-fa7816e1e04b;6433244d-2d4a-4e38-a412-7ebffb0f1ee6;Quiz 2368 - moi;13;53.73;3
eab040f2-3c9b-4f15-9e0e-6c7e736adc6b;322efaf7-76df-4550-b16b-c34233a22f74;Quiz 4856 - jeunesse;27;93.1;289
eab7e49c-4513-4c50-a228-357a26d9c9d2;54fc6240-e45f-4b98-8e77-2a7b30b3c32c;Quiz 2948 - mériter;17;16.69;-2
eabc9e2c-d6f3-4cc8-97a0-1dbbf45cda3d;8bb6cd38-d84b-45e5-8498-64e936ebd0e2;Quiz 3476 - signe;11;94.72;-4
eac842f2-4e77-46f7-b60a-dab2048f017e;b8ee679d-4189-4c89-a5a6-2d92910f2e8e;Quiz 2251 - maison;17;83.01;-9
ead81397-8430-40b3-b0ce-ed86da6eb674;24752352-4798-4835-8018-e40b942d4a28;Quiz 3703 - occasion;16;81.47;-10
eadca777-0d9c-46ad-bb1e-51cc076ac3c7;1ca1ab7f-d962-44cc-991e-25ca2f4c5840;Quiz 4377 - pousser;19;36.82;0
eae17443-ae79-40dc-a520-74c3608d3d33;caf87dd9-2594-4218-9439-b3df912722d5;Quiz 1353 - continuer;18;27.01;-7
eaf61ef3-d462-4965-a00b-af50976b10d3;91861b3e-3056-4bce-9963-239bbb378bce;Quiz 8 - million;15;98.02;56
eb003bcf-9fca-4341-8e76-e023d35f9400;00f9305f-0cbf-4d82-a328-c4f543dc1ea5;Quiz 725 - grave;16;15.59;96
eb084515-c4bd-4f8c-a73b-adb24cf3a222;34338e15-54c3-4e50-afad-ea2656b569f6;Quiz 430 - poche;20;95.77;407
eb125569-ce36-42b8-8de3-07048dcebcbb;7d8b8eaa-b2e6-4912-95a3-a6a7d82819b7;Quiz 3882 - soldat;22;47.99;5
eb1b5499-5100-404b-966b-c0571581fa57;21f3721a-e524-492a-8b1a-fa677a5498a1;Quiz 2633 - loup;22;42.28;-6
eb24e073-72bd-4b05-b784-149b96d3e5d4;1794e40d-d01f-4043-8ceb-6c274a98a75e;Quiz 2787 - chiffre;7;75.53;-7
eb3c7df1-7dca-413a-8eaf-0bb590756d11;68469e70-0287-4a46-a567-42a788c77343;Quiz 3288 - passé;19;69.94;-5
eb4570c3-88a6-4b5c-b948-a25966fea3c4;f8ea210a-7458-4930-9c9b-96ca75ec43ca;Quiz 244 - amour;18;92.53;-8
eb53b9cb-6ac8-4229-9fda-3f3fbc907d9f;61cfa330-a94d-4268-a6e4-caf9174d8af2;Quiz 3330 - oh;30;36.8;375
eb6117a5-02c7-4de8-a338-bf4e4c1f8a9d;3d7522c5-c46d-459c-9e1e-7dce6b0bf115;Quiz 4363 - rêver;7;89.71;321
eb7622fa-f13a-4660-8d57-dcad73bc2d5b;becf7298-6513-4467-b2b0-78b475e3ccd9;Quiz 1282 - dormir;25;37.14;81
eba22fee-6b2c-48c1-b6e3-1401449054f6;f14fd977-95d6-4fce-895a-d40931609fb9;Quiz 2964 - défaut;8;68.31;322
ebccb5e9-7876-4a8a-8cb8-076d28c3ca92;6934d052-9d35-4be0-87d4-e88738b774ae;Quiz 4312 - éviter;12;77.99;-8
ebe30bd2-c171-4bcf-93a1-7ed123134259;d39171bf-28c1-4879-8de3-3ed7d8278583;Quiz 1594 - devant;5;34.14;401
ebe32006-42a5-44a9-b445-ad1345cfbe8b;1b2ae49c-47ee-461d-ac9d-503fcd2c4067;Quiz 4281 - service;17;34.15;-9
ebf06dcf-ad65-4791-8035-49e5039ed798;ef9cb30a-8d25-46ef-8921-48c26f09dc2b;Quiz 662 - parmi;16;31.96;48
ec0c8231-88c3-4fe5-876c-31dff2b0dd90;6b393602-2ca5-43a5-a2d1-68acf53cf24c;Quiz 3774 - sauter;11;55.75;26
ec13da6f-a9e1-4382-b0a8-f718ee7477f1;96c1961f-5012-49f9-9f14-14bc1545720c;Quiz 1373 - ensemble;6;86.17;7
ec1982af-aa32-47af-b227-86ca47f740cd;591ac8ce-13de-4364-85f8-57fb17ddd73e;Quiz 707 - fixe;15;82.18;117
ec446792-6957-4254-ab9c-16afb0e7d0f7;b636a893-95bd-4b2c-aa1b-6e42fd79cc9d;Quiz 4661 - ignorer;21;85.42;-6
ec4afb97-4068-40e6-a38b-47bdae2d013b;832c0db9-986e-41f4-9174-5e2e43fff956;Quiz 3302 - suivant;14;57.36;-1
ec4fac3c-a6ed-422c-8160-e34ccdc94283;8f8a208e-328d-4e11-9d96-2233c591abd9;Quiz 753 - durant;19;56.14;415
ec5110c6-2a02-4862-8938-5a4beeff52d0;929a9f04-392d-46a3-87df-c142d9ec2c1b;Quiz 2219 - livrer;9;33.44;116
ec5e2288-0174-45cc-b298-5c0f1a5a3cad;d007cec4-9a3f-4675-917f-0ee1a875c266;Quiz 2766 - sommeil;23;88.1;336
ec9a45f1-28b5-4627-9475-3dc6c95bfd01;6e984635-eb8d-4f8d-b44b-1390f568f016;Quiz 3772 - discours;19;83.11;6
ec9beb66-b8e4-4630-9d84-ed4f13d54c50;e8b18866-4173-4b56-a61e-82955e595813;Quiz 388 - forcer;16;55.0;373
ecabefa6-63b8-47a1-a93a-309128149f07;93c69d93-a115-4f2e-a6ff-dd399af9151a;Quiz 2372 - projet;7;87.38;-7
ecacc509-30e5-4406-87b3-50ade2df8b21;249e8549-f68d-41ab-b3d9-1c1f45307c82;Quiz 4639 - honte;19;25.7;-9
ecb7f2dd-416b-4310-a8b3-110adf0e4a65;b8933d50-af1f-44fb-803e-ad0e38ebd258;Quiz 593 - animal;29;67.57;114
ecc97f3a-83d9-43ea-9d5c-792057b6946f;5f42f6ca-2694-4c9a-b336-bec26396a84c;Quiz 3394 - dangereux;7;83.24;374
ecc9933f-e4c7-4e2a-8934-b92d7a5435cc;2abeb70f-e743-404b-8b95-ef5b50679a65;Quiz 4078 - position;26;78.39;365
ecceb48e-1ade-4cfe-9adf-9c11849c202d;7787395d-32f7-4e4d-9f73-d65f9a58e640;Quiz 1569 - élever;15;82.36;102
ecd5df04-6471-43c6-9ebb-b4d285c533d7;f90f286f-a224-4d98-b073-4c2e40e54ad1;Quiz 20 - pierre;16;10.79;35
ece9933c-54b9-4382-8734-2a6f628bc49f;6fdaf4cf-e670-415e-b861-b7410a93f9c1;Quiz 4692 - énorme;17;40.05;-3
ecebbf6e-4066-4563-a147-5944b2a8f232;929a9f04-392d-46a3-87df-c142d9ec2c1b;Quiz 2746 - tellement;23;54.48;-4
ed11f2b6-dfd3-42c7-9cea-89ff35ce1965;4fabd506-8545-446f-909b-b90790228168;Quiz 4213 - raconter;28;28.39;-3
ed17436f-389c-41b3-b7c7-52d05011dd74;9053f9eb-7370-4cd4-99b9-e6fc778753b1;Quiz 1953 - fil;7;54.86;364
ed1b79c8-581f-4d27-8f51-bde3de1feb08;8853c3fb-5a81-462d-8dec-09353bca0d25;Quiz 4076 - plante;13;47.02;94
ed38d129-84c2-4ac2-8c35-7423af71ecde;a337daa7-41ee-449a-a3c0-35092c758c90;Quiz 2624 - rapport;10;95.2;-4
ed3d34c5-8f88-4d19-943d-527de9096ae4;324fe1c5-488f-480a-a005-2af861e6bb80;Quiz 1733 - importer;15;43.55;410
ed4b549d-84e3-44a5-a492-66f0e26f6188;86ff72fd-a55a-4c40-98fd-6ed0d68b2d48;Quiz 319 - éclater;16;99.57;473
ed59e9d6-99d3-490b-b043-988db23d6bb5;5ebda654-2fca-4995-be5f-920e9d72d1ae;Quiz 2151 - bon;28;64.31;-3
ed60f8b5-6173-4cac-8c48-7c7688b08f7e;b28b465c-935d-4618-a6d5-84c87e1957ae;Quiz 4703 - seulement;30;34.41;433
ed621ef3-7352-42d6-bc2c-429a29e52d12;6891738f-7c25-436d-a4ca-477dc4d102cc;Quiz 3375 - baisser;28;19.59;-3
ed7423af-bb71-4cc4-8945-d48ed429bc9c;2fde6f21-8de0-4977-8df3-1d4cd385e264;Quiz 195 - métier;17;41.55;327
ed87e7ce-24e5-45b2-b8cf-d55d5c2a00e2;2133658c-1da1-4c6d-aa6d-10c6ba2aa88f;Quiz 1303 - beaucoup;14;56.01;306
eda686c2-54ac-436e-8bf6-0aad63a6edeb;c1a2f203-2835-42bb-84b3-76a138dde320;Quiz 2445 - conscience;13;19.75;353
edb33d18-c4ce-4535-a6d6-341469727ef0;2b7be586-ae5a-4d24-86b6-1671e41d2b64;Quiz 4298 - précieux;10;50.13;394
edbae490-1104-4e9b-af1e-5bffe1cd62a3;72e97835-30d2-4325-906f-90db8aeb29d0;Quiz 4199 - bout;27;25.28;6
edc1ad74-83df-4308-874b-1252a6df2843;4877839f-0032-4af4-9893-ae3945a2b895;Quiz 3273 - retirer;30;58.52;351
ede94ee8-0131-41f0-aaf5-6bcf91454450;885a9f7e-9278-4a4c-abfa-42251a911190;Quiz 4906 - discuter;10;37.14;202
edef0b93-fcbe-420d-b9c7-e56ccdeca340;cf7ca584-d3b5-42fa-9643-2522469c790f;Quiz 4582 - musique;24;18.97;223
edf0406f-f74a-4c4f-8a1b-9a829d4ed9f9;4a31ac8d-24a6-41f7-910e-aa76314cbba6;Quiz 1023 - fois;28;25.45;6
ee038b64-b292-4e77-ad6b-651d8f48d4e6;751d54eb-0736-4875-8b00-a409461a9b6d;Quiz 3845 - mari;11;15.64;104
ee191d5a-a0a3-434d-9fea-801009a229ee;b8cf97b2-b344-4472-87ac-871591496e76;Quiz 2775 - étranger;28;55.74;-3
ee222f34-19f8-4e2b-8db4-0300cee78433;f59c7809-18d3-4d22-93a6-898640242570;Quiz 504 - chaise;11;45.14;395
ee2bd36b-3d3e-453d-a0e9-16d1c50bdad9;a4078061-a628-451f-8538-a0d7a2f29152;Quiz 1852 - peine;9;87.88;82
ee38a4a0-a9c5-4cb0-a6cd-e9d0abdf746f;94dd0b6a-40a6-4de3-bebc-3155f545a66b;Quiz 522 - vague;17;42.1;36
ee39ff82-c9a5-479b-af23-ef61b30cf231;becf7298-6513-4467-b2b0-78b475e3ccd9;Quiz 946 - étranger;29;50.77;0
ee454927-c6a6-4009-82d0-36e54850b194;7902db4f-1251-4010-bc8b-822f2dff4b92;Quiz 2689 - avec;27;53.75;4
ee73260f-be83-4f7a-b0c9-34fc111a6d29;bf2e15f4-9680-4912-a506-baf54809ec9c;Quiz 2714 - silencieux;7;79.67;-2
ee7c1061-e5d0-4b8c-bea3-3bc074efe76f;7c0a7aca-ca10-4d41-8b38-d155a68575b8;Quiz 4935 - course;26;97.44;110
ee8bde7c-9d2f-4ae5-b88e-0d041c623f36;93d178b2-6ec4-4903-82e7-1a65a43cdd0d;Quiz 4179 - peser;18;92.7;-6
eea83a00-190e-4fd9-9cd9-502efe7ae4a6;4c9eb432-7890-4389-a7ed-f19facaec638;Quiz 4925 - trouver;12;97.83;98
eea9a501-daea-4444-bd50-1fe6328d2ade;9fe653b9-b4a1-4f97-ac12-ae3833a57202;Quiz 2758 - habitude;15;55.12;78
eeb91516-faf0-4f7b-9b46-a95889501672;1e923e68-f2ed-4999-9eae-0a3fa2575e75;Quiz 484 - paysan;23;39.0;23
eeba346d-76b5-4246-878a-6e70b511f617;5401467a-a6fe-49df-b8c8-65981bc14264;Quiz 3919 - commander;15;73.17;204
eebb0b13-773d-4935-89ae-9cb700547f75;eea8c297-5aca-429a-abf1-df290cfbed12;Quiz 3700 - manger;30;89.34;-2
eec4a3c5-8aed-4f6a-9b53-46a85ebbbf34;533eb572-564a-41a1-90ca-c4c27be41b31;Quiz 2416 - premier;18;59.88;320
eec4e01c-6033-452b-a355-9e5296d6e278;f196f30b-191c-4948-90c9-67ceed267717;Quiz 1584 - portier;9;52.25;-10
eec897ea-0c73-4c8c-8c06-77cbac049c97;06c16063-99fc-490f-ba66-229676925965;Quiz 3093 - nu;10;66.27;413
eeddf4b3-296d-475f-b69d-b57e583681d6;1b2ae49c-47ee-461d-ac9d-503fcd2c4067;Quiz 3655 - ruine;17;68.27;-6
ef0079ba-0a84-43db-a902-9dce1776d5e8;97a1208d-55c7-4c0b-b10f-429c1d9ac049;Quiz 3002 - servir;23;84.44;-8
ef14c763-8399-4aea-a5e6-e39f03e54f1a;c793a9c4-6bcb-4546-bb99-143ecb72fe43;Quiz 4816 - propre;16;12.55;226
ef2de08b-a269-4c5b-ac6e-5654945934c7;7754a927-9234-49ca-82ae-a1545c4ffe48;Quiz 1281 - rapide;9;31.15;-10
ef38f15b-4cf5-4d92-b777-4fc02f14d4ae;b3914a5e-6e14-4f84-bf53-89cb9e348800;Quiz 1387 - bras;20;36.32;-5
ef633489-ea60-46ef-a37a-9f908d6e5906;e7af09e9-80df-4f46-88b9-3222a4a25aad;Quiz 2480 - bleu;18;67.86;-1
ef732773-108c-4229-b916-0e0f4447882f;9950e25a-c8da-4878-8beb-ee5865b65e14;Quiz 3444 - prince;10;48.97;9
ef76d9d0-9d77-4921-a027-df52627fe5ea;bbf29d0c-2135-409c-83bb-6f7c5333b7e7;Quiz 428 - chercher;7;44.73;293
ef8cdedb-beaf-4d62-b8b7-1860b0725b0f;f7985fc9-3542-4f58-b476-fa45b82f1c13;Quiz 3682 - caresser;25;98.58;105
ef8f6558-e55b-44dd-be8e-36a858349ff7;244c33f7-6040-4c4a-ad5c-a2068ec3543f;Quiz 4483 - si;16;34.02;100
efa2398c-25be-4703-93eb-42dcca761c93;925ba2ec-1b5f-4609-8bd3-1f90dd3f6e1b;Quiz 1199 - or;16;49.77;205
efa86142-e1e1-4216-9aa8-b2ed3b12150b;1f102130-fa77-4b8f-89ba-aa8c78516a6b;Quiz 2449 - aussi;27;59.91;268
efd16109-6aa2-4362-9400-54ce8db2cf91;f89248a3-961a-45b9-b665-8f08aed00fc7;Quiz 245 - crier;10;84.87;-6
eff9c082-7264-4735-b694-1698e0035e72;ccfb580d-ae40-46b2-94d5-be81a499fdfb;Quiz 498 - caresser;16;93.44;364
f00442cd-a6b6-4b08-a333-1c2842745521;61cfa330-a94d-4268-a6e4-caf9174d8af2;Quiz 1872 - scène;12;50.55;451
f0056547-bec2-4217-8b5d-26f69fdc3757;49ffab02-7a39-4c78-88b7-73807335868b;Quiz 24 - art;29;27.28;367
f008a045-1650-4c2e-ac1e-9b67b0642813;484cc9fd-ea9a-40e6-afc8-3f1b3141453f;Quiz 4811 - second;26;74.41;20
f0124525-9eb2-4515-97af-c56744b4ea9b;c3f7f8e7-6e21-4474-8402-c3906bbd0aac;Quiz 2064 - problème;24;80.55;76
f0145371-61ce-423a-8609-7d2f892674b9;89425ee1-5022-4922-b0ad-07ef82557fb5;Quiz 611 - discussion;15;83.32;306
f01a9a9e-9920-43d0-8792-cfe776572778;e31ba867-4467-4092-8b68-0ccf4e312350;Quiz 2530 - content;13;42.04;1
f01eb5a8-d1f5-43cd-b199-c5dc6dd052ac;e39a0340-d17c-4f17-aa12-87062459d499;Quiz 71 - vêtir;12;10.17;-4
f03159cc-4e2b-4857-b606-5bbf17998260;99faf585-8819-44c0-a7b5-3b8353f637cd;Quiz 3395 - moins;29;71.53;469
f034faf6-3814-4d02-9ae9-2f77a5882526;751d54eb-0736-4875-8b00-a409461a9b6d;Quiz 743 - après;14;73.16;253
f03d4a4b-1963-465c-a2ad-1f5b46bfe9ec;51a3a4bb-602f-409a-a3d6-9215260c0554;Quiz 3513 - froid;8;51.64;-8
f03e8955-6c24-422d-a936-a012dc3606e8;372a59fe-b805-47c0-b171-73ba0998ec60;Quiz 1180 - douze;27;35.67;-4
f04eb8a0-f3b5-4b4c-a4db-986c5331a94a;23702764-140c-4ce0-894d-34f9f006e436;Quiz 4052 - heure;21;17.05;45
f0569f3e-03e8-4fd3-bad0-b737abb52c30;82161537-721f-4227-b75e-94d32257d584;Quiz 2850 - écouter;10;50.87;98
f059b77a-27dc-4477-b362-d28c90073447;260444af-e28b-4ba1-af3e-625c60095da0;Quiz 1962 - tempête;10;71.8;252
f06fbbac-c4ff-4a29-bd13-213ce2c740fb;d1399fcc-c1e5-4b6c-98b8-c8ab359d46f0;Quiz 1935 - sept;22;63.61;362
f082a371-ac00-4383-8f8c-35628d533d65;afa7590c-affd-48a1-af62-0001216891a8;Quiz 4795 - mort;8;13.32;493
f085a609-78ab-43cf-a761-fc894f11795f;425c004f-6278-499b-a9cd-c5111c6d84ba;Quiz 2979 - ça;19;47.3;115
f0900a12-0135-4319-9af7-fa26b1c05d8b;b5fa7ad9-072a-4675-be56-6b4dc78b99bd;Quiz 2770 - enfin;14;66.37;-5
f0914352-78be-42d0-a47a-b5b3677159f6;cb8ec203-d8ab-4410-87da-150e4673913c;Quiz 4656 - son;13;34.42;-5
f0973678-a8cc-4932-a966-8ebdf6f12d3c;a73ec7e8-d624-43fa-8f64-665a22fb4e7a;Quiz 4434 - genou;30;74.16;-9
f09bdfec-7d24-46dd-a62c-4582d5cf949c;a73ec7e8-d624-43fa-8f64-665a22fb4e7a;Quiz 3847 - ferme;16;41.91;346
f0a2e4cb-28a7-4752-a877-97c1e1a44cb5;aa5db194-687c-4e91-b795-278a2b830f8b;Quiz 1443 - nombreux;17;51.31;0
f0a38bad-0788-4beb-8163-e43a6a89ca75;ff189453-2027-408a-8c08-bf377b6883bd;Quiz 2567 - sommeil;12;81.61;200
f0b07ab9-1676-4c1e-8941-de34c279bc9a;fe68bdf1-11d8-4127-a964-ea52d687d9d4;Quiz 42 - accomplir;18;54.97;-2
f0b6e3b4-305a-477b-b3a4-13d1859afa10;ed4eb220-4da2-426d-95f1-2a697a241714;Quiz 893 - blond;18;86.85;-7
f0cc8d96-83ca-41b5-921c-ba00b0c22ff3;e954c8e5-4893-4a80-9a9a-306352ac72da;Quiz 829 - service;27;38.57;25
f0eaef30-83e3-4b34-bb7b-14c27514f4d3;b4b0cbbe-74e0-40fc-aee0-1d070ed637f4;Quiz 1649 - anglais;25;80.92;-8
f0f137c3-9278-4b57-a0fe-1acd8b924dca;46428790-6cc8-46d2-a85c-330c844eb351;Quiz 3900 - que;18;49.35;469
f0f2f942-6914-478d-809e-e4f44635647c;a52f5671-4cad-4635-912f-22e3fe9abaa9;Quiz 301 - visite;21;58.69;-4
f0f3ee18-0ac0-4a6e-a9fe-44e7dd4e9f7d;64aa435e-dc91-4533-9529-a205a77180e4;Quiz 1937 - paysan;9;13.17;279
f0fd5c96-0da9-429a-8bba-77a4ae489e25;0b0b2e09-c85d-48d8-80f0-10fc89501069;Quiz 1581 - matière;21;80.64;39
f105b18a-efbb-4400-b251-545c837de2a9;93d178b2-6ec4-4903-82e7-1a65a43cdd0d;Quiz 4244 - crainte;14;32.96;346
f108416e-d703-4fd0-a987-de54d1d31624;a33891b0-1010-408c-bf01-873b0173c3a0;Quiz 1630 - surveiller;18;34.48;452
f1103af7-ad32-496b-9c13-86964afc5046;e2b44096-186e-4408-a335-8b8be076c1a8;Quiz 2461 - françois;23;51.05;341
f1151a6d-e7ee-4f96-8720-c13094da4a9a;f2720fac-bb97-48b4-9a4f-b37f97cd5380;Quiz 3890 - manier;12;48.85;9
f138321e-ab25-42f7-bf38-cb940f614dc8;0d29e070-23ca-4ae5-b36f-c3834b671b08;Quiz 2812 - pain;19;58.51;263
f13d8102-4a01-4468-b34e-24965f84a71c;6967ed03-19e9-4463-a2ad-f0d6791fe7e9;Quiz 4462 - avoir;19;39.68;63
f149e817-f31e-4498-a951-ebe65be9261c;3741b7c5-22bb-44c2-8fd6-9679fd30cc42;Quiz 2272 - beaucoup;7;49.1;44
f16161eb-f3e7-4809-a72c-bb6b4da065ad;6d17e006-89dc-4b8b-a93f-ae874cd55631;Quiz 4625 - coucher;20;21.49;85
f1712df8-6c2a-4ebd-919c-99a0749942e9;56589c70-3f06-45b8-8e38-484a3aba7830;Quiz 2040 - prévoir;9;71.67;-7
f17ac41c-e852-42ec-af79-9d940f30e038;51ae407a-69c0-493f-aa25-9e8250a0e385;Quiz 2460 - pouvoir;5;33.54;27
f19c34f9-a832-48c8-9de7-c554c2344279;1df274f5-3268-4308-91ad-57c516b3e75e;Quiz 1132 - effet;9;84.32;112
f1a05a62-54a5-4ef0-92c4-a553ea4ac528;6306f36c-5c36-4a90-b028-58ec4f4c08e6;Quiz 2357 - couler;29;66.83;51
f1ae5431-9132-4195-a16c-ee820787e1ce;290914d4-e374-479b-badf-4ec1a52d13ab;Quiz 4395 - douceur;13;28.72;87
f1c3dd34-16da-4cbb-9ca4-f9d013043d81;5823bc6c-0088-4bc5-9e64-1910491b84dc;Quiz 165 - classe;10;47.91;46
f1d0d4f2-88b0-4e43-b402-8b3046ab2249;939a0233-9556-4576-aa5b-f4ef97c0d2a6;Quiz 3170 - six;7;33.92;-6
f1d9474b-2f42-475d-8857-dba4a0edea23;53967eb3-9bb5-4909-8265-80ce570157b8;Quiz 3044 - prier;25;79.15;119
f1e3eb79-f1c2-4b8c-aafb-98e0fe26abcc;a6dbe6ea-e61d-404f-b3f0-74c5b54fec86;Quiz 4659 - fumer;20;93.58;454
f1f3c4fc-43eb-4211-b432-d86cec9caf74;36eb766f-8d08-4b1d-ab71-b052723328db;Quiz 4818 - écouter;8;73.81;118
f1f477d6-cbbd-4a78-91c0-f5d0c98385de;b20b0720-287b-4e97-85e2-4e3f4fdcb0ee;Quiz 2971 - suite;14;14.71;-3
f1f9ac63-7833-48ae-bb46-ba9bf1305b3c;19289b1d-1c46-40bc-a2b8-27df8ec8730f;Quiz 1701 - autre;24;90.5;-3
f204f27d-1d15-4c1f-b65d-46dae9879d4d;df1603c9-0c6d-463d-bbdd-822354d899cb;Quiz 3252 - tapis;14;69.8;36
f20ff058-87fa-4cc4-9cd0-948f6289515c;41bd6494-4547-4247-8c8f-adcc807d076a;Quiz 3262 - paraître;7;75.4;16
f2189450-beba-46ba-9447-b8da13544fb6;1224701f-91a9-4b6c-a5c0-814d02bbbbbf;Quiz 4372 - nez;13;92.02;-2
f21930bf-f0a9-44a6-9c1a-5517d6987594;6c49715e-b2a8-4d37-8b48-be959308082a;Quiz 4728 - jardin;23;47.88;-5
f21ec921-0bb2-4dd4-b0a6-1af602bdb036;75c1097b-817d-4efd-b316-7459260f7e75;Quiz 2706 - jaune;24;98.52;449
f238362d-1558-43c4-8ad0-de2e0547291d;d2f00fca-8624-4c44-a5e1-d442a30f6018;Quiz 2533 - vol;27;37.93;119
f245d49d-095e-41e7-ae9c-1836fc2f7a85;f5679a02-b99a-4153-b58f-746bf63453de;Quiz 3298 - retomber;26;72.26;19
f25aa7ef-fe0f-4363-b0fc-668a279d5c39;263b5f4c-5e2a-4c7f-ba79-09a4c88e606c;Quiz 4940 - pays;8;76.32;75
f26169a4-5d67-43e8-8b15-fb70d83a0682;09a8660c-c960-475e-a045-e9224a232df9;Quiz 4351 - jaune;14;42.59;-9
f29b41ae-e373-4c51-bf2d-09799f66eb41;49bf5926-3984-4349-b3d7-930ad78a85e4;Quiz 2159 - certainement;18;66.52;86
f29c688a-4748-4e7b-ba47-f1ad057e3d8f;5674a425-6135-434e-8e0d-c4a42d70c3c6;Quiz 1068 - ressembler;14;81.25;262
f29e9c13-cd5e-40b2-b6f0-fc37dbc461e4;b0b9d190-6989-4221-9de3-862db7a7e60e;Quiz 3385 - trois;21;72.97;76
f2a84a06-bf39-4826-812c-4311846e4ddf;59eb6816-4294-4096-a297-e6be314ff11f;Quiz 3230 - mouvement;17;43.45;105
f2b3024d-247b-4106-bfe8-f59592c69bfa;c27bcc42-bfd8-455b-a025-a194e9908f5a;Quiz 575 - escalier;21;80.77;478
f2cfe47b-0c08-4a90-8de8-1acb4df94473;90b26073-e085-4188-aa3d-857028835d14;Quiz 396 - porter;27;84.22;-1
f2e51268-eb58-45bb-88fa-36419f85fa22;77f4f325-c52d-4940-b809-78738acb435b;Quiz 1625 - toute;17;26.1;107
f30a7102-638e-4a07-accb-8fc1d51a9bb6;3978b6df-1a7c-4fe6-979c-f40ee6511172;Quiz 1991 - etc;12;43.94;106
f31558f9-622c-4704-951f-ea33e0abc6f4;38b15aa6-9e9c-45f2-8230-f91eea1084e7;Quiz 3550 - état;8;38.01;366
f31adf12-6f39-4204-be58-7e22f001e326;6b7b58e8-e4b2-41df-93cd-7e05f8066f4f;Quiz 3236 - nombreux;24;76.52;0
f31e09aa-dc85-4c97-8d82-66107b1b518f;fa6fc235-2b83-4ce1-8664-d348b0cec2b4;Quiz 2122 - revenir;20;25.53;367
f327789a-9fd8-4f62-ba99-04c68fa71e83;8711089d-00e5-4bb1-97bc-66ae10ee5ba0;Quiz 4471 - trouver;14;77.55;-1
f32e15c9-11f0-4ab6-81da-b5f8aa1dd2f1;889e566a-4659-4af6-9863-f5c5b9926b1b;Quiz 2769 - million;30;33.84;46
f3358424-e020-49f1-b280-c1a2b227ccc0;1082f915-6c5e-413a-838c-353e2afb93dc;Quiz 1985 - mais;7;51.24;-1
f3686eec-a0eb-4235-a87f-4f9d889b6bf6;38b0d6ae-2bc1-4bc7-ae36-9807624cd4b9;Quiz 2543 - entier;29;10.44;391
f374862e-3b07-48d8-9d9f-8898d4342e63;d9c7e094-3544-41c5-b67e-210a44387a97;Quiz 4790 - dont;23;70.03;-3
f3938366-2fee-4eed-8160-41d9d0e2639f;9042fea6-c95d-46c2-9ec8-4b5a57ceb30b;Quiz 4970 - désir;18;61.69;83
f39acd6a-f1c9-4f42-81a8-ab94d1274580;838cbc03-3117-4caf-8cd2-65d48e69f410;Quiz 3317 - jeune;14;72.11;-5
f3ae1838-0e54-481a-ae15-b989fbc828a5;4c9eb432-7890-4389-a7ed-f19facaec638;Quiz 4863 - partager;17;43.74;-1
f3b08ffd-e6bc-40e7-ac79-8eaf6da12f90;f0328675-6251-4838-8e14-134144dc5552;Quiz 3219 - payer;23;91.8;467
f3b4b438-cf8c-4805-8407-23667d29780b;aa1a6ff5-9c15-429d-84f9-253270ab7850;Quiz 5000 - étrange;15;22.34;40
f3ec7b2a-90bc-44af-9482-0a4887e3b961;b8dae5ce-3fd4-4dae-b5bc-4dc05356210b;Quiz 4657 - tirer;29;28.76;428
f3f495e7-892f-41b7-8d49-32391d5cd54e;4fabd506-8545-446f-909b-b90790228168;Quiz 3420 - éclat;19;92.3;40
f3f86506-4fb3-4034-aa79-4dd4fed808a1;e8b18866-4173-4b56-a61e-82955e595813;Quiz 913 - trois;5;27.68;-6
f3ffb226-5088-41aa-93e9-17ea9fe91d01;f9a5fdac-b201-454f-aaac-1f252ecd8b87;Quiz 4934 - chaleur;24;77.19;-9
f42d35e6-2ee9-4731-ab94-331ad5b06f96;7c35a312-a098-498a-82c9-1a2ce4087082;Quiz 2431 - fermer;13;42.11;-4
f43d7be3-040a-4aed-b0c5-dd515e85889d;38b15aa6-9e9c-45f2-8230-f91eea1084e7;Quiz 2474 - achever;22;21.77;59
f44283be-52e1-4364-a9fe-2f0b4b322982;68822e30-8b5d-45c5-ae57-35a6e2fa8647;Quiz 4320 - examiner;24;50.06;0
f4521a9f-3704-4a8b-8fc6-3be2284f6c64;eadd8ff9-35d5-4d41-99bb-a3bc14dfaaf2;Quiz 1691 - fil;18;35.26;3
f45bb6d2-303b-4cfa-915d-aeb10cefe7e6;b32c973a-5c6f-4e04-a2cf-fc43fcaccff4;Quiz 4227 - compte;21;18.01;393
f462d9aa-227f-4ec0-a541-075487eafebf;0c4bfb01-9023-4824-a49c-7315adca5490;Quiz 1867 - voilà;21;30.17;60
f4710ef8-3431-47ca-b5dc-b4a34b15cb93;743136c0-325b-47de-9547-ea9fac480676;Quiz 4972 - relever;22;17.61;-4
f486cf26-0d20-401d-869a-08452609bd0c;115e416c-6569-4d01-ac87-ef10665e8801;Quiz 881 - particulier;30;48.54;10
f4871296-f003-4564-92e1-cf08a484c7c2;f588ab72-1558-4c0b-9744-c159555d9020;Quiz 4484 - éclater;28;51.92;0
f48ac4fe-b59f-41b8-9899-04261812a4fa;74995bad-e168-4ff0-a5f6-d4504110fa97;Quiz 1455 - quant à;26;86.33;227
f495dffe-a5a6-4ea0-8e50-b0b4b20774d1;1336e193-f778-4296-b3e8-a0d253427c52;Quiz 640 - composer;30;60.64;31
f4ad7de1-6752-41a6-871e-2b7ae447e169;dbda68cd-5eb3-46a8-9292-a9740307fe95;Quiz 3456 - conclure;26;13.98;316
f4af0bb2-c0f6-4792-b488-c312bdbff046;f196f30b-191c-4948-90c9-67ceed267717;Quiz 2688 - seulement;16;23.45;-4
f4ba73c0-a37d-4a7a-8dbe-5b8454cf1ef9;b62696a7-10bb-4b48-a10b-faafdf7b3456;Quiz 1949 - arbre;26;71.08;11
f4dff081-dc9e-46cd-9aa9-413e7723b9aa;279b8044-b0ba-4e9d-bb28-e624aba11dc9;Quiz 4261 - village;30;56.62;7
f4f52450-2efe-4687-9a40-a90cab2a467e;e4fc1b3a-4850-4390-84a0-59fc057a2487;Quiz 2453 - troisième;22;37.47;44
f4feea71-376d-4e54-abdd-efcfb0b9f49c;3a036ce3-0fba-444b-92ce-c4cc775513ee;Quiz 123 - sept;11;39.12;202
f5049a93-9fb6-4572-901f-23730432b0ad;e64bdd19-5578-4f33-bc14-5e33de3fed08;Quiz 3600 - réduire;21;36.15;363
f51c0f1c-887f-4012-baf3-6b52a0119b19;8542648b-a90e-45a9-bef1-91d91d19f336;Quiz 2171 - paysage;29;80.57;41
f5223757-9394-4157-9209-6f74ff386756;93c69d93-a115-4f2e-a6ff-dd399af9151a;Quiz 3359 - nouveau;30;56.29;39
f52aaaf9-43de-49a5-a3a5-e6b1fb60a1ca;94a144f9-374f-422c-8de5-14ae34a43667;Quiz 4200 - ministre;23;23.7;-7
f53fd548-3d2d-473c-b79a-11a167610b47;aeb427fb-ff8b-4737-b7c0-ef1ccfb0c786;Quiz 4255 - recherche;16;22.52;0
f5450150-7fd1-4d42-840c-e183a75cf8c5;ade744a1-299f-4321-b543-2529af273e16;Quiz 1229 - arbre;21;74.55;85
f549b2f8-36a5-437a-aa85-a923b8341d06;6488119f-a0ee-4bda-80eb-9afefc0250d2;Quiz 17 - faveur;15;90.85;485
f555926a-65ca-4fc7-b035-58f2ac851319;6a70b1ee-180a-45ef-b232-7b1830d0803a;Quiz 2325 - se;27;76.64;-9
f55594ef-0e2f-4178-b7d0-a7bd803e598e;9f98994f-0406-4d06-8863-5944e65231fc;Quiz 4430 - compter;27;65.39;36
f55d669d-fe66-4472-ba8a-58a63b24b075;f9d7d1fb-2fea-4aef-b85a-1db7121617ed;Quiz 1666 - aider;18;80.52;329
f5652a93-7db3-4851-a7ae-2c091461ec82;562f52a4-4710-4011-9235-979251a95a06;Quiz 2050 - jardin;30;83.34;-9
f57bf63d-f730-4ab3-966f-111e3cc2b713;b20b0720-287b-4e97-85e2-4e3f4fdcb0ee;Quiz 1083 - admettre;18;59.29;59
f5912c1a-f806-410f-b4ef-82556e5e04da;53eb5442-581a-40db-95f2-1466ad55e4dc;Quiz 2610 - demander;10;28.38;421
f5b79530-1416-4bcc-bcc5-16eb29f9fcfb;d2b0703a-5609-406d-95c4-688e93df0c75;Quiz 4330 - visite;14;52.93;-3
f5bb1720-d461-4f6a-b3c2-fedbc1863f21;90c81880-4f55-4ce3-8d7d-4bce3cbd0789;Quiz 2723 - raison;14;62.3;344
f5c5d182-7f98-4d55-9582-d79f99defaec;8911f2d3-ed35-4a6e-b116-88b7d235aea6;Quiz 1115 - toit;24;83.19;467
f5c96a4a-38ee-43a8-8e50-20280c862df4;acb2747c-056c-41ec-9988-731bd43be161;Quiz 4335 - retirer;16;79.26;-3
f5ca2cd0-0377-4c36-a911-022b822b5c8a;6fe5061c-8edb-4681-9aa3-c17dbee19f12;Quiz 4036 - y;5;86.7;405
f5ef3125-b200-4284-9bac-9b6a4838c553;ec8005f3-f774-4d7d-87cb-0937f1efdf14;Quiz 564 - milieu;27;13.33;283
f5f48712-43e6-4b75-91b1-2d4158b0968f;75c1097b-817d-4efd-b316-7459260f7e75;Quiz 843 - partir;30;25.85;384
f5fc9850-0cce-4409-911f-fcfaa3e444fe;15a8bf4a-61fc-4ee0-adea-409114fd7ccd;Quiz 3417 - rire;7;98.98;41
f60064c0-3e75-4c1f-818c-dd06b2819cc6;28f525b3-e05b-4b89-8b48-c81a18fa068a;Quiz 313 - inconnu;5;37.81;474
f607d5c2-59ab-4372-8269-42cbe5be5cf8;07375629-b170-49e3-8f05-5f0bdd3d2156;Quiz 4837 - remonter;27;87.61;76
f60a437c-2ba0-45dc-98ab-ca9123f84096;86032cd0-d20c-4ce4-a15a-30cbc8dc711c;Quiz 28 - curiosité;13;45.02;34
f60f6cff-f7b5-4db2-a16a-0f30b224fc20;7e7d095c-a083-4027-a25f-c62a8213d3b4;Quiz 3654 - hiver;18;77.33;0
f614ac3c-437d-4420-8cc1-5d0c3a886737;679a5bed-77e6-49df-8863-7a0fd1ca29a3;Quiz 261 - emporter;26;12.89;343
f6150667-dc12-4fb6-989e-2d5c4fffaebd;7a1cf84c-39b2-43f9-9700-7cb6a82115de;Quiz 880 - souvenir;8;88.18;105
f616ffa9-3e87-44c9-b354-273305c0e232;052474e7-08a4-4a1d-8938-c67f5ccebffc;Quiz 2810 - nature;10;69.2;368
f617a414-df96-4ce8-8c32-4e59bb7935d5;95c94349-bb7a-4778-a661-f7cf19a65f12;Quiz 1933 - mince;21;26.02;337
f6188159-4a95-457e-b6f4-580d73004766;8dd400c3-b037-4cb1-be31-69636016171c;Quiz 2847 - maître;11;70.64;60
f619d520-deb9-4a6b-9546-a78172f90f8b;5727fec2-10ff-4136-bfc0-84f964f89b83;Quiz 2011 - parvenir;13;60.6;94
f6282441-2c69-4d3f-b308-ef277380ecc0;65b5c4cc-cba4-46f1-b445-885c90feb1fd;Quiz 351 - image;7;84.98;301
f62abe04-fded-47cb-95d1-5d102ec9b678;4120c637-32c2-4a8e-8695-842c602dadc3;Quiz 4384 - rose;17;62.89;-1
f62d98f0-49f2-4d14-aaa8-287c157cc8f9;b7776fe5-a7fd-49cc-aa11-e6a133f41505;Quiz 4469 - oeuvre;28;79.93;31
f62ec457-248e-4ad4-98bd-be65ec9baa4f;8f1b6507-c30c-4a0c-9c86-d0e03220f20b;Quiz 2057 - palais;30;87.49;238
f62f3bee-4a0d-467a-b935-85097e94c59c;7be74029-db82-408d-abc1-771e0b6a0bc8;Quiz 4237 - faire;25;14.87;20
f632f17e-fbd7-41a4-a186-0d901ad598ce;3f0777f1-fa44-415e-8520-af737711b276;Quiz 3612 - paquet;12;16.64;-6
f6420fde-80ba-4ccc-8c4c-555f14afea5b;de31742f-93dc-4c15-bf7f-39d2683931b7;Quiz 1602 - avis;21;62.14;276
f644e7eb-a378-4fcc-b093-d5a0d3e54b87;8c739fa8-385d-421c-8424-0645abce0964;Quiz 2269 - conversation;13;82.69;246
f646ee2f-ee91-4805-bad8-b278198b9b64;a4b6fd96-8b42-4bfe-bfec-7853493833cf;Quiz 3781 - éloigner;27;30.47;252
f65255c7-e943-41c8-ab4d-6edd1126c557;bf2e15f4-9680-4912-a506-baf54809ec9c;Quiz 1765 - côte;7;41.9;259
f6539ffa-3869-4717-8088-a09bb5fc6df1;ebe1a08f-88ad-484d-8bda-fe0bc4ab2350;Quiz 3169 - transformer;22;95.32;-4
f658014b-3341-497b-8ca0-345416f4ec44;94121ae2-79f4-477b-afdd-4b12f95c9ee0;Quiz 856 - bouche;19;23.53;80
f658f2b6-589c-4285-90e2-ad34cb6bb61a;8dcfc859-23c4-4711-afe6-9a4d380eab45;Quiz 2295 - apparaître;20;41.08;110
f65d586b-5b50-4916-9e4f-fc6b227dbc0d;a9bc6587-c3b1-4818-b5bf-df474b19c678;Quiz 2732 - banc;15;16.44;68
f677e10c-10ed-4565-9cf6-64547710491a;72658910-ac2f-4aa9-a7b3-6366ce56b3c4;Quiz 4677 - envelopper;28;68.73;309
f678592b-2601-49f8-91b9-84ecefe53639;6255aebc-55a3-481b-8f14-96ac10f818cf;Quiz 1712 - précieux;17;43.51;272
f67b8cfa-7944-45ed-ac6a-d4d00265b744;ccc806a6-c719-4e09-bea5-5a593df16670;Quiz 2623 - abandonner;8;73.35;8
f69e0447-525d-4cc0-9fb9-65e12d5ff4ba;7aa30496-e5c6-4a53-b8fd-bfe922a54efb;Quiz 4339 - complètement;27;12.86;87
f6a2418f-4ae4-4b91-9999-26c88c36db3b;a6dbe6ea-e61d-404f-b3f0-74c5b54fec86;Quiz 1356 - répondre;6;39.15;62
f6b11773-38ee-4ba8-94df-2af948a4cd3a;da80df70-349e-4ad1-bf9c-29560b88d1cb;Quiz 3303 - rue;18;86.31;-2
f6cbe9f0-b871-44fd-aa4f-f35b038b401d;8debd695-1ba0-4261-b5a4-69915f2af610;Quiz 4606 - chaise;10;64.16;219
f6e28132-0c85-4250-8029-6350a06a2300;ce0d6762-292e-4723-8f88-2d75b9a5d53a;Quiz 336 - attendre;29;29.33;-7
f7034c5b-52d5-4d13-a52c-85291fe51831;1fbd93f7-f98b-45eb-8271-757e996b0e91;Quiz 3351 - service;28;44.41;450
f7064e03-d5a5-47f2-80c5-ad9f3cf91a50;38e6d0ff-18fa-4ee3-a70f-c7c6770e33a4;Quiz 2754 - six;13;39.66;-6
f7197e53-04fb-4e58-8eec-7b5582c06c8f;b8484968-311c-48c5-9742-660ed683983f;Quiz 3851 - le;15;50.42;-3
f71d0139-b76e-4d77-8a7d-232b59a114dd;86ff72fd-a55a-4c40-98fd-6ed0d68b2d48;Quiz 2632 - danger;29;85.22;-9
f72766d4-a0d8-4958-b591-6afd6b1c172f;6255aebc-55a3-481b-8f14-96ac10f818cf;Quiz 2622 - arriver;30;67.95;-10
f72e8ecd-f95f-481a-b7df-45985101e02a;f9d97dc3-457b-4f3f-a296-5524a87a2e82;Quiz 3004 - assez;26;97.04;-3
f73727e5-2646-408f-a986-ed78ef0b3e8d;31b77733-293a-47c8-8f35-395ba577272d;Quiz 4943 - ensemble;24;72.97;-4
f74deab8-a7c6-4fb5-87a6-12791dbec978;7a11e4cd-9889-4caf-bfb4-e00cef80267a;Quiz 4098 - nourrir;27;97.93;-4
f752e085-e8db-4386-9da4-957e13283d0a;6c49715e-b2a8-4d37-8b48-be959308082a;Quiz 1480 - tenter;18;55.53;-8
f75490a8-e384-463c-b9f9-7fba90a680a4;27a11ef2-ce7f-4e42-b851-6971e205c131;Quiz 3948 - mesure;28;43.18;490
f7571847-28e6-44cb-99ad-e0f8461ee00d;9a7d9233-09d2-4df2-910a-887c49255f4a;Quiz 1172 - préparer;29;37.91;15
f757ba65-f760-42fc-98aa-d904c5eb5539;50596fdc-caa1-433f-82a0-0aa705de5a03;Quiz 2569 - rond;25;42.75;103
f7919721-3cfc-4f1c-8457-75208e4ad332;31ada668-7d96-43a4-99de-15bfd26409d2;Quiz 3384 - groupe;11;59.28;246
f7dce488-3eeb-4337-98f0-124984e1ddf4;7f6968be-37c1-4a19-8421-6c0fc357361d;Quiz 4111 - foi;28;66.69;62
f7e3d732-4cca-4a2a-a501-a00912623804;f90f286f-a224-4d98-b073-4c2e40e54ad1;Quiz 3728 - bas;21;17.05;-10
f815d249-2a5b-4bed-b13f-bcfe3227daae;2c2fb478-23b9-4bc5-8bcd-b6ed69c88cb3;Quiz 4762 - emmener;24;17.34;-9
f8165090-5643-4c75-9d0e-03eeb7bc6f11;729150c1-1ed9-4116-aeac-18ba6a579cab;Quiz 3530 - vraiment;28;11.93;38
f819e752-e97d-4445-9d9b-6395e40fbe1e;170991cf-2f79-41f7-a0d2-b5c89c6188ef;Quiz 779 - revoir;22;99.1;20
f8257e22-fcac-4744-b782-f98db23f31f3;942f217e-5cb1-4a14-87d3-500c02960982;Quiz 4317 - intérêt;12;14.5;439
f8264b94-0234-48bc-b8ee-10bbd08aecc2;b23a0565-ade3-49d5-936c-cdf237045a73;Quiz 2196 - conseil;6;69.7;-6
f82e967e-b897-4346-a411-4b62c1a2cf47;75c1097b-817d-4efd-b316-7459260f7e75;Quiz 1437 - maladie;22;94.98;265
f82ff45a-4b86-4c1f-b96b-e573ad3a737b;00133c7f-486f-4705-9782-f3fd62dd9dde;Quiz 3519 - quoi;17;28.97;299
f831a14a-7161-4efc-81ba-66a3be6e87eb;42ffc391-7334-4481-bcd0-85e2c6b0b232;Quiz 4584 - vol;27;91.45;42
f8419032-d8e5-47fb-af4e-c0d8152894c4;49bdcb32-8915-4172-b08d-1c64bf582730;Quiz 1759 - rouge;18;85.91;100
f8519dd5-b944-4399-a761-00ea42627ffa;7c68d551-918d-4e92-8550-aa010b67ac55;Quiz 402 - soir;21;17.99;82
f85873d8-b21a-4a18-a305-45b7f3f1a0d0;c7e941b0-a153-4db7-bcf8-24437e8d8474;Quiz 360 - parole;10;57.44;-2
f85cde91-aba0-413a-8739-8879cf4effb4;3ac30f79-ce7f-4193-adfe-02e4f3364a75;Quiz 1597 - voisin;18;88.91;405
f85f7859-af0a-4e94-984b-ac6eef87ef1b;b05c3b80-b051-4a76-8ebe-94861a3cb20b;Quiz 2494 - seul;24;31.84;-4
f866c888-83c5-4bdf-91fa-b00ec2dc9737;1e6b4d26-18e3-43bd-9be3-466887e769d4;Quiz 287 - vrai;15;30.45;62
f86a5833-c0bb-424b-b8a9-5c2167cb732b;82437a31-36f8-4a95-bd16-a3cb9e746a19;Quiz 501 - répondre;11;12.49;-10
f87f732f-f3d2-49f2-b069-6dec5ab5d0d7;64d663a0-b423-4d6d-9d96-705a606009a0;Quiz 687 - devant;28;60.45;54
f89385bf-68f2-4bb6-8afb-935f4e5eee30;47e11c50-4526-48fd-8d5f-8b016edb8387;Quiz 164 - garde;24;13.6;372
f8960719-ab22-447d-847e-39d3b3c9a216;fef72af9-888f-4c17-b86e-81242d5b5698;Quiz 3266 - retenir;9;11.82;-4
f8962136-73b1-4cf3-ac88-12e982da99b5;c989d738-2d3e-4771-8543-c1341d932435;Quiz 3243 - certes;26;60.94;40
f89b0aa2-2f28-4eb3-b442-fa432ad6a7ef;826a6626-39e8-412e-ae60-37e385b5e25a;Quiz 4123 - rencontrer;14;78.02;67
f89d07d1-f181-4f8c-a093-b5ace5f5aa71;1ae8ee79-7e57-4e8b-8e1d-0640a1804028;Quiz 3222 - voile;29;36.45;421
f8a0db84-0e69-4348-9ae2-058132dd5892;129578bc-4f83-437c-937d-7177ebb5a003;Quiz 1918 - remonter;5;80.43;363
f8a7291a-6c03-44d8-b304-4dc5edb0c5dc;c8dc6cc6-8771-4fc7-b4ea-2d956eb4557e;Quiz 2230 - respecter;19;14.67;245
f8aa9b60-5896-437e-8888-1bae2cfa9173;5052879e-e586-43b2-8cb0-eceb46250ce3;Quiz 3640 - semaine;19;38.27;410
f8ae9249-2822-4f77-b0d5-c9ec5a354d2f;deeb3e27-a3d0-42b9-b688-9fec593ddf8b;Quiz 797 - examiner;27;46.89;217
f8b4669e-f301-4d2d-b7a3-e73a98db5b96;ccfb580d-ae40-46b2-94d5-be81a499fdfb;Quiz 3360 - voyager;10;87.8;86
f8b78861-9227-47aa-a912-bfdce7c5df71;012a0f3a-4967-4326-9c75-c7e229fdf0fd;Quiz 4735 - importer;30;98.59;-10
f8c1a56c-b340-4d54-93af-80a9e244c79e;4e9d747e-af87-48e3-987b-68ccd5e5c420;Quiz 4370 - oeuvre;22;75.61;-10
f8ce78d8-83a0-4aab-a79a-9ffa793c6b7d;ee7d6184-bea5-4abd-bb56-4d0e5b172838;Quiz 4866 - or;30;95.39;-5
f913cb20-963f-40c9-b5a4-6456c6e89dc2;86b0293f-9a32-400e-a50c-90c48b384214;Quiz 3454 - famille;20;64.58;0
f93eea4f-e961-41ba-93d2-352ba803c19a;b802f100-0940-43a9-b0bf-ae83893de39f;Quiz 2360 - rire;25;14.97;94
f942a826-156e-4a61-ad90-da4a4ea816e9;2c2fb478-23b9-4bc5-8bcd-b6ed69c88cb3;Quiz 3174 - dehors;23;92.66;79
f9586dbe-6b86-4c01-8b76-f18557ded169;6156edff-6804-440e-a4ec-4caa168bb4a8;Quiz 1376 - tirer;18;77.45;-1
f959cb3d-5929-435b-ad3e-18cb04214909;087ed8b9-d270-4e19-951c-269a29f30533;Quiz 1975 - paquet;19;98.87;304
f95ce3a7-7535-4f4e-8241-80f8c5bb90cc;13f33a79-a0cc-4909-9df1-e391beebb4ec;Quiz 88 - dangereux;30;44.13;75
f95e8810-6f28-4926-b003-a9223b98111d;0e4b3db0-4082-4351-bebe-6a029138bb64;Quiz 653 - finir;13;20.48;86
f9693d18-f5ed-4545-ae75-bab1a73baba1;532d9575-8ee9-4c57-b1b5-bd2553900ccc;Quiz 1026 - aventure;28;28.81;0
f96ac4c1-1fcd-4a0b-a6d9-6704f4dd1c4b;7a1cf84c-39b2-43f9-9700-7cb6a82115de;Quiz 150 - creuser;24;14.5;-10
f96fd603-8825-40ef-a7f2-fd5dd05b4840;00f9305f-0cbf-4d82-a328-c4f543dc1ea5;Quiz 2096 - doux;20;47.18;-7
f97337fa-e8cb-4dd4-9473-17e177cf6ab7;b8404719-7b0f-405e-8a90-4d653ec830d0;Quiz 4361 - perdu;6;61.52;94
f994d820-53c5-40d9-9fe6-71b968bf5e34;6056d026-4b1e-4e19-ab8f-2f3f36ddf116;Quiz 583 - ni;14;96.52;-2
f9b707e2-e0ee-4bb9-845d-5a4f17944341;7c0e6256-41d2-45a2-b351-2c84450f4228;Quiz 4910 - changement;14;20.08;352
f9b9775f-0bb4-4c85-82bb-c1962a3df797;5f550c84-ca05-4c2b-86ce-edbd8dab4b48;Quiz 4336 - corde;24;65.22;-2
f9be2f6b-36b9-40a4-a58e-f70f3dbd3abe;1794e40d-d01f-4043-8ceb-6c274a98a75e;Quiz 4899 - confondre;24;70.02;104
f9cb42bd-f07e-4c6f-9540-8cc996c56c44;729150c1-1ed9-4116-aeac-18ba6a579cab;Quiz 959 - rapport;17;60.11;292
f9d0c3a5-d96a-4861-b2cb-aa5b3e9450a9;0b14d9b3-5790-4769-9370-f0c20f0f7247;Quiz 2019 - mener;7;74.69;395
f9e07058-b8b8-4977-ac9e-cbd713d40de0;624c664f-3030-4d2a-8b4c-d436ccbd6e7d;Quiz 3479 - agiter;26;78.3;423
f9e3a142-3168-496e-9f4c-6a4a7cdec675;659a0bf3-6e99-41d9-ad1b-f54109f096ba;Quiz 2041 - croiser;29;58.4;33
f9ebc657-7b73-4851-9c34-5fc3f090e272;0afb489e-102e-4a47-9b96-1bb27a274ddd;Quiz 4981 - prononcer;26;52.94;24
f9ecd4e6-7c74-4e0e-a178-c2e848fa976a;de31742f-93dc-4c15-bf7f-39d2683931b7;Quiz 2619 - léger;27;20.09;108
fa04a4e6-48af-4ed9-8b5d-baa7c5f9f84e;3b8bca88-9c3c-489e-b568-6d8b1924b341;Quiz 3132 - certes;28;35.18;-9
fa093347-defd-4b1d-a35e-ada5c3fd7cd5;25e9a65c-1b20-4990-a71e-eccad62a9d06;Quiz 4700 - puisque;21;64.72;-5
fa2dd1fd-40d2-4837-9a12-2838f17b6109;c4be19ad-3b26-4e0d-8b15-ace970e31e33;Quiz 3200 - vous;9;15.57;11
fa5c100a-d105-49e5-a327-f15e51ec23fd;11cf5411-2a9b-469b-b16c-070c96f4e024;Quiz 2125 - front;6;65.23;-10
fa76feb6-fd54-4d10-a0bd-c3fd41d74e69;c8114840-b591-446e-b5a0-95dbb79d33b0;Quiz 3510 - poitrine;16;47.36;205
fa8d18dc-f173-447d-98e0-9c1f7c226226;b10d82d1-c04a-4b5c-a9fc-6642eb775f0e;Quiz 3427 - foule;27;48.49;47
fa93ba38-e9c0-44ba-b530-3d0390d1f804;f7c5ad00-24c7-47bf-a115-901ee6f0c86a;Quiz 4674 - bon;30;17.31;-5
fa9ac787-752d-43d4-89d1-5f7ccbc129c2;8bd2fc2d-2267-43d2-a407-6edee65b62b5;Quiz 3469 - lire;24;22.79;-1
fa9d6962-0eab-4a1e-b8eb-265b479e0a5f;cd48b6af-526f-4d6a-a68b-37446bd830f6;Quiz 3785 - étouffer;12;68.07;85
fab74209-5e7d-4fdf-8ea9-b82a4d33ddcb;20022e66-7c9b-48d6-9ee5-bbbecb2408e6;Quiz 3697 - muet;19;94.67;-3
fab9cdaa-6914-4883-851c-0cbe06cb5161;4e0d763e-36dc-40c5-bd2d-7960fe783ddf;Quiz 2058 - homme;16;42.22;62
fabea939-348e-4aec-975c-bb06e5a18da1;de279714-3ab3-4137-b36e-0e1e165b20b1;Quiz 2899 - sable;13;54.34;1
fac0c5d6-33c0-44e3-a513-c0c9fc2b5b37;6518150d-9a08-4f60-ba18-e09520ee0d4c;Quiz 1063 - chair;7;64.55;-7
fac7a169-6ace-4851-9760-6316f2cae9a6;edf14b64-dd0b-4cf7-8680-23119ec7841f;Quiz 1241 - sombre;29;68.6;85
fae154c1-089a-406f-a169-ef0ffb733c7c;208ba8c4-091b-4a10-bc44-39794ec3bcba;Quiz 4752 - réussir;26;92.52;442
fae51db5-4dfe-41e0-930b-59c7e18a0c46;147b3453-947c-4400-b95f-139f3de902c7;Quiz 1769 - humain;7;37.96;99
fb4557b7-2663-4a7d-b812-2a319e00ae8b;4bbd71df-9118-4167-bbfd-2502ea31cf13;Quiz 3738 - quelque;17;12.45;460
fb5fda55-4164-4eb6-9c3b-71f5bf38f0d4;33b7b65a-6fa9-4aa3-a960-63e9456a69b2;Quiz 3096 - six;25;29.8;-1
fb672aa0-3841-41d0-bc2c-65707123e50d;a66580b8-bd16-4d50-b180-dcd15bef0dd6;Quiz 2727 - tout;7;67.06;356
fb672f2d-f6cc-4749-bc0d-918de7f14544;a1321448-1640-40be-b033-67e48b762dca;Quiz 4517 - savoir;23;91.93;53
fb9bcc62-1877-4367-bef1-91ed3fb6bd1a;12a22f41-51dc-4625-be1b-788de5e61bca;Quiz 1688 - spectacle;21;51.7;63
fba18154-6ba9-4cef-8caa-24b8f197e74b;c7016346-4dde-493a-95a1-fae636ce142d;Quiz 525 - muet;24;65.32;227
fbbf76fc-1fb3-48b2-aeab-2ee6f7b805cb;e80bf5e6-d068-4a7d-91f5-6280e7b6819d;Quiz 2365 - assez;16;28.02;37
fbcb4445-b819-44f2-a949-674dc08d8319;35eb4e17-aac0-41a2-a192-c6cd8c39fdb9;Quiz 4641 - escalier;7;49.35;64
fbcdb174-d856-4042-b937-e6647d7b15b2;3292d16f-3b43-4ff6-8f2d-01b45e8fc8cf;Quiz 3931 - former;6;34.01;321
fbd0b276-2b63-48a3-b4c3-5b7aecc7cb28;9c6976fe-fb52-4e44-bfd1-017073b04c92;Quiz 3602 - rien;6;47.67;84
fbd2f565-ae31-4c12-baa6-f1a889aedf23;0975020f-3e9f-42f0-9813-d62e29e5a45c;Quiz 236 - contraire;21;43.76;65
fbe693f5-0d5e-4301-a354-4c0264ab8f76;3d8f6cf2-96f7-4681-96f0-d22ac2351ef0;Quiz 2430 - direction;28;52.27;22
fbf11efe-dd1a-482f-ba81-d806d0d5f141;a8384f1d-4b63-4c94-a213-2b9641d329f8;Quiz 2521 - allumer;10;93.94;298
fc0131b7-75e8-4285-9ef1-f48dc84d2c6a;d9f0a296-d124-42b9-8490-661896c1c2e1;Quiz 1452 - façon;25;49.35;66
fc02e89a-9a82-4272-879a-8e752a6cea36;2f59dffd-3adc-44b2-b034-52654e459868;Quiz 3516 - digne;6;23.7;321
fc09770f-396b-4d0b-a7fd-5e9a6579f453;d2ea13b4-1119-4170-a5f9-c59f0fcfd643;Quiz 1761 - endroit;20;23.47;205
fc13a5a7-c7a1-4e26-82e4-f9df530841c1;7968cb83-1d8a-4eee-9999-bf4b640505f0;Quiz 451 - soleil;26;17.52;483
fc1bdf2f-e1cd-414d-b5c8-fe1a2ac68cf8;9fe7fa20-be71-47c1-86c2-8233a45ae0bb;Quiz 3221 - solitude;18;16.35;83
fc2cda84-c61f-49f0-a45b-0997e4e0a7ae;ce5e1faa-6637-43ef-b4e3-29fe2519aabc;Quiz 193 - ce;13;54.48;213
fc37238d-4cfe-4e55-bcbe-e603a74d5b4c;8078f005-05e7-4fc8-84da-adb98027bb62;Quiz 771 - certes;11;32.83;-10
fc3bd253-eef8-4423-870d-6e61d6f99f1a;9def6729-8a95-47ca-89c9-523261deaefe;Quiz 2884 - oiseau;6;98.26;-1
fc40c9c3-7102-4e9a-9bfa-b61938fe5ce7;615d188d-6b78-4f72-8eb6-07e28da21835;Quiz 867 - papier;18;28.98;279
fc4f0a1b-f26d-4de8-a631-fcc907c50253;ee01dfb1-6a13-4525-a23c-56051bdf1c7a;Quiz 39 - derrière;6;98.82;248
fc82352b-884b-4d1b-b494-ab3e11e4e19a;63fd0db7-44fb-4004-82e1-a554030ee311;Quiz 776 - cuisine;28;39.66;110
fc88d9a5-4db5-49a5-ab70-2d0238814fa5;c275c699-c95e-4559-bf71-9e6e1e4dfbf8;Quiz 1355 - lien;11;23.26;-7
fc98ea8b-5e5b-48d7-85ae-a566e817845d;ebe1a08f-88ad-484d-8bda-fe0bc4ab2350;Quiz 3553 - quartier;21;89.28;16
fca1961e-43e1-4af5-95cd-3b5ad744b9be;54093466-ee90-4c11-9f76-ef6d201a6b52;Quiz 3793 - abattre;28;39.87;-6
fca82ba8-cad4-4f3e-bbe7-659f5510bb37;cd496cbc-0b31-443a-be81-bf9a4d04831f;Quiz 4858 - payer;23;93.7;17
fcae6a47-781a-4336-8248-683da9b2433c;4635e9e2-53cb-4deb-8862-4492cd404c68;Quiz 927 - abri;25;21.06;478
fcc13afa-d63f-4b00-aaab-ff8f72102c77;6119362d-b8a7-442c-ba32-8b5b11844dd7;Quiz 717 - sourd;30;80.56;47
fcc384a9-00bd-469f-86df-62348e693e77;0335daf0-377c-48b5-ae55-f7717c9954bb;Quiz 4127 - promettre;17;85.04;477
fcc7a46f-ed25-4933-a302-58c73f2a5a43;86ad553e-62e3-4f0a-b14f-79821211b318;Quiz 2601 - comment;22;95.77;498
fcc8b4fe-46ad-410f-8ee2-a3ca95b8ccfb;aaa5b4f7-9205-4977-bb35-b6fd5981e7bf;Quiz 2702 - long;17;30.79;70
fce416ee-9730-43f6-a9a8-a63ab590dc97;7c2619c4-5491-4309-aff4-b094b58b9449;Quiz 1300 - peuple;14;31.46;-1
fce41d0c-b7e8-4f4c-921f-f81e9a092f3d;c6496d7f-f982-4949-8cd7-81ead37ad1d8;Quiz 816 - garçon;24;80.0;-6
fce481c7-578f-4ffe-8375-7e4c5d240d3a;c84f67a1-f82e-4c11-bd5f-b31e07e0ab0b;Quiz 2562 - frère;8;88.43;0
fcf554b9-472f-4b08-b061-6eaf8f5758c9;8bdb8e12-fa54-4c9c-887c-7308cb25bc7e;Quiz 4146 - étudier;11;45.6;12
fcf8e170-e96a-4206-9415-2b3f1894625e;5b098449-da2b-4e6c-9267-0ef662f92f08;Quiz 4256 - garçon;24;41.82;0
fd1e00fe-ed26-42af-ba61-d58471dd4f10;be8b672b-7ba6-40cd-8dd6-5cceb9636e79;Quiz 2664 - étoile;21;53.63;476
fd20f701-0e0a-4895-82dc-f1c1a7472d0f;0d41cbdb-99c5-4a6d-a5a8-36ea217fdebb;Quiz 2079 - indiquer;15;46.53;260
fd24b199-469f-43ed-9f61-fe39c966f8e2;e1871dcc-512e-463d-813d-cc0b2dee40b9;Quiz 673 - blanc;29;45.28;-5
fd26b835-6aa7-467c-8689-24d6711cc7d1;6406bf81-c6a5-4ff9-939a-b56cb4f954e7;Quiz 3467 - police;29;25.39;237
fd3f7b6f-29fd-4547-a94e-990eb86f2b03;a97d6489-5dd8-4b30-8d2f-af97a35b0710;Quiz 273 - d'autres;22;29.28;-6
fd3ff625-af37-4082-9dbf-255dbf9c409e;e375d324-cab6-42e0-bd97-3376c4595fd2;Quiz 731 - rencontrer;13;85.61;434
fd4092c4-0d66-40fb-af30-013217b5d1b4;ce9d03e5-23c4-4e8a-8aa5-3a8a32d360cb;Quiz 420 - malheur;19;33.34;281
fd651fc4-5289-4dde-918c-b36f4cabc8aa;71ad859c-fc24-4ff8-a1b7-fc6319c6c4f1;Quiz 4459 - coin;28;71.71;498
fd722869-920b-48df-bf0e-c178e3ee99aa;e954c8e5-4893-4a80-9a9a-306352ac72da;Quiz 1323 - appartenir;20;92.32;479
fd83499e-b3a0-4a74-8c88-c72457741a12;c1c34041-d4d1-439d-b147-6b6a3717e684;Quiz 321 - commun;7;76.07;253
fd883953-f496-435f-b72a-642054c30269;2b1074c8-af05-4f33-8c2e-65e7db6483e4;Quiz 2329 - attendre;7;73.71;-4
fd935de8-7cf2-4b22-a894-a2fe96feee12;99bfcb60-4f0f-48c8-97cc-986d4824a37d;Quiz 364 - claire;8;52.84;-4
fdb165f1-c7ea-44d8-8a2d-851c74e7a3ae;0b0b2e09-c85d-48d8-80f0-10fc89501069;Quiz 2523 - angoisse;21;24.33;57
fdb3d9a7-b78f-4fce-8525-bfaffa9cfeab;0805c3b2-2f52-439b-a05e-12a964e11967;Quiz 794 - tellement;6;15.75;-9
fdbe2679-2c78-4efc-bb91-9c0666e356bb;b8933d50-af1f-44fb-803e-ad0e38ebd258;Quiz 45 - homme;17;76.7;-1
fdd79fd9-4a48-42b1-98bf-c8ccde867c55;389c99ba-3196-4ed2-8b1d-3cf45c88e53c;Quiz 3779 - entier;7;39.78;-8
fe01b780-5a23-4f2c-9043-df402ad59a51;9d58c19d-4dae-4a26-a132-60d507c7150f;Quiz 4513 - endroit;26;60.96;406
fe027918-4351-4740-9cf2-57b879ac78ad;1f102130-fa77-4b8f-89ba-aa8c78516a6b;Quiz 4878 - avance;24;45.39;18
fe094e25-7a7f-4e6d-90ce-e1736173ad60;9950e25a-c8da-4878-8beb-ee5865b65e14;Quiz 4362 - nouveau;12;73.99;26
fe1291cb-d09b-4462-9e0b-b7fa4df86e66;752425ba-c521-4080-8be2-8fa6867d2560;Quiz 3000 - près;24;26.19;464
fe143343-bb45-4dd5-a3c1-bd071e11b87f;d1186d25-507b-4b49-870f-6a02d93c5ed2;Quiz 3983 - curiosité;10;54.78;23
fe36b5a7-8f0b-4085-8b96-faf8e284ff7c;8325796b-f994-4c71-ba74-0d4b88f1a7ca;Quiz 3693 - content;13;25.39;-7
fe378db5-2e83-4f93-b746-5e5b6489c1d9;30e33ccb-f00f-41fb-a161-4a5c448a85e8;Quiz 3862 - porter;23;78.23;48
fe37cbd0-8d38-4dfa-bedf-b2754b69857a;6433244d-2d4a-4e38-a412-7ebffb0f1ee6;Quiz 2258 - puisque;6;51.38;15
fe6944a7-3540-4f62-a979-5b00aaea613c;1ba172c0-0865-4658-a7d9-5c73b3c3630a;Quiz 4869 - curieux;27;67.34;-8
fe7a1fe8-53de-4611-9232-90dd1edbb5ca;2afbdcf3-406e-4fbd-87f7-9305493853f7;Quiz 3184 - danser;27;17.82;430
fe7d353e-037e-4779-856d-bd4ffb6edeb6;ce13353d-e619-44e5-80dd-60c1652f525a;Quiz 488 - comme;10;15.32;424
fe8d8f90-b5dc-4112-a63b-327be32416d2;fed50cf3-72e0-4f9b-ba87-54e81b8ae28d;Quiz 472 - lueur;13;20.0;96
fe926bf5-939e-46e2-8b45-a6a7958a5c4c;337036f3-0576-475b-8e37-8d8a01e9235f;Quiz 1623 - vaste;18;39.71;206
fea42db8-727b-44e9-8fd1-c7358a04fc00;c3e47941-4be7-468d-9b76-68465f30611a;Quiz 4192 - trop;19;41.65;24
fead0300-142d-4a64-8528-bccc7e7a14c3;ca3c605d-7702-46f4-9358-4a47f07683fc;Quiz 1556 - dépasser;30;96.72;77
feae51e5-1e5d-4194-a289-4a6d5f31dde4;6891738f-7c25-436d-a4ca-477dc4d102cc;Quiz 82 - un;12;57.86;120
febf70aa-f244-4b99-bb7f-816f289dd685;fc086813-ea04-4d5f-ac3f-1fd3286cc6ef;Quiz 192 - secrétaire;21;55.73;462
fee80a9a-d158-4b1e-bd60-22d4df9e18ef;b05c3b80-b051-4a76-8ebe-94861a3cb20b;Quiz 2550 - clef;26;63.4;-3
fef46ca3-7594-4a92-aa40-87075c5e68c6;5269d775-2850-45c1-9ef1-700102ebee42;Quiz 1728 - note;15;96.73;108
ff06b888-ff93-4282-9cf4-b64e73e2298e;4f9d12a4-5e18-4cc6-b109-7f37f8846456;Quiz 2862 - examiner;13;21.02;493
ff1c1405-47c3-48c8-a868-31befe9720c1;be8b672b-7ba6-40cd-8dd6-5cceb9636e79;Quiz 4026 - pain;13;17.83;291
ff3b4546-0527-4671-a484-31ad465d3191;931f1d3b-7722-4f50-8a9a-99fa220c2892;Quiz 4504 - disparaître;27;99.35;77
ff4b719a-c948-4b40-ac16-3753c46e84a7;fd26ee83-8be2-40b1-bc38-73e889fb1ed2;Quiz 3078 - membre;28;60.08;262
ff6491e9-2413-4c87-89a3-0afdd0e31a5c;4c70c247-9e47-4530-b552-bf1dee059e54;Quiz 4277 - frère;5;59.54;-5
ff6f4cae-8241-41c8-8826-8f30454a845e;199a09f6-17ac-4d54-bb86-56fb2c6b596b;Quiz 1071 - deviner;9;99.32;8
ff767603-ce37-48c1-ae08-c4fc0b9c7324;855c5cb3-17bd-4a2c-9f2a-6dcc9fbf2797;Quiz 4904 - je;10;63.78;4
ff771f11-5d7f-430d-9c0e-d7c6c89d8e18;6fdc48a6-911e-454e-b772-1e07e55de984;Quiz 1149 - ce;15;95.19;-2
ff7bc6e6-e725-42a1-a559-ac3bb90ba87d;acd3704c-ff94-4705-a942-b93b2907bde5;Quiz 1461 - professeur;5;34.33;-1
ff80f705-9a6e-4572-a241-bc684438ff6c;9d7fe4e8-8cd0-4b46-849f-3a1ea56b2647;Quiz 1128 - fois;20;31.42;9
ff84d08d-a951-46b1-9e9b-59f0ab69bd68;b1434337-54d0-44dd-8509-7352883eaa3b;Quiz 1406 - éternel;15;60.17;429
ff8aa893-1b17-4b92-aab6-3ee05debf891;90c6faa0-34d2-40a0-9a1e-fa71a6b6e411;Quiz 353 - cou;27;73.42;15
ff91a142-bc85-4f3b-a5c5-0826659b9a97;31a6ca9a-3b81-4c2e-b92e-de4c2460a4ea;Quiz 4193 - question;13;74.53;390
ffa6229d-c642-4051-9ed1-c760611d504c;6a70b1ee-180a-45ef-b232-7b1830d0803a;Quiz 407 - noir;12;67.13;89
ffa8c24b-4f63-4310-8c62-dde374008f57;d2fa0675-96ba-41ba-8530-9af062c5fced;Quiz 3400 - discours;18;18.41;484
ffbc715b-84c9-4a5b-a03a-adebfbb5158d;3a4311ba-fc75-48b6-9ef9-294da9a98be3;Quiz 1150 - médecin;10;84.4;0
ffecbd7d-7622-4e6e-8c77-510a75ac4a6e;984d3ce0-25fa-4952-9c1c-dcfc4449aa77;Quiz 2556 - esprit;27;27.95;28
fffaee40-ae55-43dc-8ebb-6be1be2641f9;2a6c3b71-ab93-44bd-a02d-108724d4a58f;Quiz 3725 - présenter;10;98.66;-7
